scenario_id,fault,run_id,seed,timestamp_s,localization_confidence,lidar_age_ms,cross_modal_consistency,obstacle_distance_m,speed_mps,comm_age_ms,fallback_available,fault_active,scenario_oracle_positive
cross_modal_disagreement,cross_modal_disagreement,cross_modal_disagreement-s601,601,0.000000,0.945474,56.478454,0.919149,11.980874,2.096211,61.698385,true,false,false
cross_modal_disagreement,cross_modal_disagreement,cross_modal_disagreement-s601,601,0.100000,0.955062,38.196362,0.903265,12.054824,2.077439,68.481958,true,false,false
cross_modal_disagreement,cross_modal_disagreement,cross_modal_disagreement-s601,601,0.200000,0.930912,38.732466,0.920930,12.052795,2.081989,73.166522,true,false,false
cross_modal_disagreement,cross_modal_disagreement,cross_modal_disagreement-s601,601,0.300000,0.937895,43.173919,0.921280,12.069524,2.146418,84.427730,true,false,false
cross_modal_disagreement,cross_modal_disagreement,cross_modal_disagreement-s601,601,0.400000,0.940014,48.497180,0.911697,11.999614,2.094396,77.654721,true,false,false
cross_modal_disagreement,cross_modal_disagreement,cross_modal_disagreement-s601,601,0.500000,0.929240,42.877117,0.945420,12.067938,2.142372,90.123863,true,false,false
cross_modal_disagreement,cross_modal_disagreement,cross_modal_disagreement-s601,601,0.600000,0.929802,43.193885,0.928749,12.138591,2.152216,77.712904,true,false,false
cross_modal_disagreement,cross_modal_disagreement,cross_modal_disagreement-s601,601,0.700000,0.942757,41.963821,0.937678,12.044209,2.102140,69.060454,true,false,false
cross_modal_disagreement,cross_modal_disagreement,cross_modal_disagreement-s601,601,0.800000,0.936186,42.833861,0.960242,12.034972,2.127406,89.182853,true,false,false
cross_modal_disagreement,cross_modal_disagreement,cross_modal_disagreement-s601,601,0.900000,0.942710,39.232809,0.933972,12.013153,2.110367,76.374479,true,false,false
cross_modal_disagreement,cross_modal_disagreement,cross_modal_disagreement-s601,601,1.000000,0.939750,54.261900,0.900341,12.088779,2.123604,78.017778,true,false,false
cross_modal_disagreement,cross_modal_disagreement,cross_modal_disagreement-s601,601,1.100000,0.932222,45.754236,0.925613,12.142785,2.086647,79.324544,true,false,false
cross_modal_disagreement,cross_modal_disagreement,cross_modal_disagreement-s601,601,1.200000,0.929180,30.518884,0.906957,12.086299,2.130125,68.840352,true,false,false
cross_modal_disagreement,cross_modal_disagreement,cross_modal_disagreement-s601,601,1.300000,0.943203,54.492765,0.883796,12.099018,2.133242,58.793252,true,false,false
cross_modal_disagreement,cross_modal_disagreement,cross_modal_disagreement-s601,601,1.400000,0.950292,55.677685,0.906951,12.114549,2.172459,82.985858,true,false,false
cross_modal_disagreement,cross_modal_disagreement,cross_modal_disagreement-s601,601,1.500000,0.955225,40.402971,0.911815,12.148055,2.181504,83.140077,true,false,false
cross_modal_disagreement,cross_modal_disagreement,cross_modal_disagreement-s601,601,1.600000,0.946307,42.454320,0.914690,12.078812,2.170848,76.787970,true,false,false
cross_modal_disagreement,cross_modal_disagreement,cross_modal_disagreement-s601,601,1.700000,0.936228,34.033645,0.929699,12.127935,2.116673,55.944174,true,false,false
cross_modal_disagreement,cross_modal_disagreement,cross_modal_disagreement-s601,601,1.800000,0.928616,46.805827,0.922115,12.191356,2.128648,81.330945,true,false,false
cross_modal_disagreement,cross_modal_disagreement,cross_modal_disagreement-s601,601,1.900000,0.942105,46.728636,0.907799,12.143531,2.136286,72.937426,true,false,false
cross_modal_disagreement,cross_modal_disagreement,cross_modal_disagreement-s601,601,2.000000,0.946218,44.753066,0.924269,12.134626,2.141279,64.166467,true,false,false
cross_modal_disagreement,cross_modal_disagreement,cross_modal_disagreement-s601,601,2.100000,0.945745,32.019774,0.919271,12.206221,2.162166,75.758453,true,false,false
cross_modal_disagreement,cross_modal_disagreement,cross_modal_disagreement-s601,601,2.200000,0.924258,58.569402,0.925237,12.126733,2.143139,69.546534,true,false,false
cross_modal_disagreement,cross_modal_disagreement,cross_modal_disagreement-s601,601,2.300000,0.945477,46.034480,0.913670,12.236237,2.154591,88.055296,true,false,false
cross_modal_disagreement,cross_modal_disagreement,cross_modal_disagreement-s601,601,2.400000,0.932839,51.004801,0.919268,12.197587,2.132621,104.606357,true,false,false
cross_modal_disagreement,cross_modal_disagreement,cross_modal_disagreement-s601,601,2.500000,0.922513,54.374830,0.907611,12.153156,2.129311,76.913342,true,false,false
cross_modal_disagreement,cross_modal_disagreement,cross_modal_disagreement-s601,601,2.600000,0.927278,55.780880,0.910309,12.203085,2.146324,65.451053,true,false,false
cross_modal_disagreement,cross_modal_disagreement,cross_modal_disagreement-s601,601,2.700000,0.924073,51.409441,0.916443,12.204140,2.187441,75.131527,true,false,false
cross_modal_disagreement,cross_modal_disagreement,cross_modal_disagreement-s601,601,2.800000,0.943385,48.586801,0.925677,12.246227,2.151449,60.389785,true,false,false
cross_modal_disagreement,cross_modal_disagreement,cross_modal_disagreement-s601,601,2.900000,0.933293,44.156440,0.882855,12.292676,2.211436,83.427691,true,false,false
cross_modal_disagreement,cross_modal_disagreement,cross_modal_disagreement-s601,601,3.000000,0.939393,41.682949,0.937294,12.205788,2.174675,59.769709,true,false,false
cross_modal_disagreement,cross_modal_disagreement,cross_modal_disagreement-s601,601,3.100000,0.938225,34.061184,0.897592,12.266492,2.113012,68.192419,true,false,false
cross_modal_disagreement,cross_modal_disagreement,cross_modal_disagreement-s601,601,3.200000,0.946245,46.261737,0.901155,12.214602,2.179070,89.765604,true,false,false
cross_modal_disagreement,cross_modal_disagreement,cross_modal_disagreement-s601,601,3.300000,0.941993,40.094314,0.916633,12.276171,2.168225,74.757723,true,false,false
cross_modal_disagreement,cross_modal_disagreement,cross_modal_disagreement-s601,601,3.400000,0.945458,40.425642,0.907933,12.191899,2.148156,78.317164,true,false,false
cross_modal_disagreement,cross_modal_disagreement,cross_modal_disagreement-s601,601,3.500000,0.938828,51.882951,0.948009,12.254103,2.174450,85.271725,true,false,false
cross_modal_disagreement,cross_modal_disagreement,cross_modal_disagreement-s601,601,3.600000,0.938949,43.595976,0.903205,12.277034,2.206858,100.021068,true,false,false
cross_modal_disagreement,cross_modal_disagreement,cross_modal_disagreement-s601,601,3.700000,0.928692,51.667571,0.923362,12.251558,2.130440,70.288219,true,false,false
cross_modal_disagreement,cross_modal_disagreement,cross_modal_disagreement-s601,601,3.800000,0.952889,34.231117,0.964186,12.279594,2.134557,90.112796,true,false,false
cross_modal_disagreement,cross_modal_disagreement,cross_modal_disagreement-s601,601,3.900000,0.931132,44.531272,0.956472,12.230021,2.150155,91.881473,true,false,false
cross_modal_disagreement,cross_modal_disagreement,cross_modal_disagreement-s601,601,4.000000,0.956152,32.671636,0.929284,12.360103,2.147782,80.275326,true,false,false
cross_modal_disagreement,cross_modal_disagreement,cross_modal_disagreement-s601,601,4.100000,0.940091,44.578375,0.940527,12.303164,2.131110,81.983775,true,false,false
cross_modal_disagreement,cross_modal_disagreement,cross_modal_disagreement-s601,601,4.200000,0.942736,57.339128,0.927659,12.320670,2.189807,80.427534,true,false,false
cross_modal_disagreement,cross_modal_disagreement,cross_modal_disagreement-s601,601,4.300000,0.944010,48.230165,0.899228,12.283085,2.160329,63.286276,true,false,false
cross_modal_disagreement,cross_modal_disagreement,cross_modal_disagreement-s601,601,4.400000,0.942062,37.898099,0.892880,12.267756,2.215288,77.415898,true,false,false
cross_modal_disagreement,cross_modal_disagreement,cross_modal_disagreement-s601,601,4.500000,0.931965,48.577129,0.910831,12.295658,2.165152,78.051418,true,false,false
cross_modal_disagreement,cross_modal_disagreement,cross_modal_disagreement-s601,601,4.600000,0.903224,46.836253,0.954621,12.362876,2.166405,73.179819,true,false,false
cross_modal_disagreement,cross_modal_disagreement,cross_modal_disagreement-s601,601,4.700000,0.950900,46.343811,0.890974,12.384004,2.181566,79.922927,true,false,false
cross_modal_disagreement,cross_modal_disagreement,cross_modal_disagreement-s601,601,4.800000,0.948967,40.062280,0.931834,12.331861,2.146209,60.958800,true,false,false
cross_modal_disagreement,cross_modal_disagreement,cross_modal_disagreement-s601,601,4.900000,0.929712,61.856237,0.918780,12.375564,2.230229,59.526437,true,false,false
cross_modal_disagreement,cross_modal_disagreement,cross_modal_disagreement-s601,601,5.000000,0.941100,46.911662,0.941105,12.279760,2.200578,79.238244,true,false,false
cross_modal_disagreement,cross_modal_disagreement,cross_modal_disagreement-s601,601,5.100000,0.928688,51.200967,0.915449,12.305239,2.157461,52.344557,true,false,false
cross_modal_disagreement,cross_modal_disagreement,cross_modal_disagreement-s601,601,5.200000,0.961219,47.604200,0.928180,12.342408,2.121055,100.676511,true,false,false
cross_modal_disagreement,cross_modal_disagreement,cross_modal_disagreement-s601,601,5.300000,0.949281,62.071071,0.921714,12.250063,2.172804,71.221222,true,false,false
cross_modal_disagreement,cross_modal_disagreement,cross_modal_disagreement-s601,601,5.400000,0.928671,41.440000,0.937245,12.310724,2.195306,88.525626,true,false,false
cross_modal_disagreement,cross_modal_disagreement,cross_modal_disagreement-s601,601,5.500000,0.948817,37.976810,0.941368,12.367613,2.191374,68.351273,true,false,false
cross_modal_disagreement,cross_modal_disagreement,cross_modal_disagreement-s601,601,5.600000,0.943541,43.499965,0.927945,12.306856,2.153663,104.707216,true,false,false
cross_modal_disagreement,cross_modal_disagreement,cross_modal_disagreement-s601,601,5.700000,0.938896,49.767247,0.920128,12.267752,2.192227,69.476709,true,false,false
cross_modal_disagreement,cross_modal_disagreement,cross_modal_disagreement-s601,601,5.800000,0.960340,55.952323,0.921744,12.420424,2.147368,92.852397,true,false,false
cross_modal_disagreement,cross_modal_disagreement,cross_modal_disagreement-s601,601,5.900000,0.933944,38.858308,0.922767,12.269273,2.167004,79.428156,true,false,false
cross_modal_disagreement,cross_modal_disagreement,cross_modal_disagreement-s601,601,6.000000,0.940383,47.357247,0.913796,12.351039,2.160619,82.620306,true,false,false
cross_modal_disagreement,cross_modal_disagreement,cross_modal_disagreement-s601,601,6.100000,0.922626,51.247858,0.910907,12.400227,2.210550,74.971339,true,false,false
cross_modal_disagreement,cross_modal_disagreement,cross_modal_disagreement-s601,601,6.200000,0.950138,44.756306,0.927571,12.363886,2.164211,82.381411,true,false,false
cross_modal_disagreement,cross_modal_disagreement,cross_modal_disagreement-s601,601,6.300000,0.945059,55.152258,0.923750,12.340255,2.149313,100.464538,true,false,false
cross_modal_disagreement,cross_modal_disagreement,cross_modal_disagreement-s601,601,6.400000,0.956314,41.038608,0.916824,12.375819,2.125783,63.679067,true,false,false
cross_modal_disagreement,cross_modal_disagreement,cross_modal_disagreement-s601,601,6.500000,0.960444,52.346597,0.940888,12.406086,2.105727,79.035280,true,false,false
cross_modal_disagreement,cross_modal_disagreement,cross_modal_disagreement-s601,601,6.600000,0.957327,54.028375,0.944138,12.351343,2.185767,73.767161,true,false,false
cross_modal_disagreement,cross_modal_disagreement,cross_modal_disagreement-s601,601,6.700000,0.941869,44.124276,0.908747,12.361584,2.116127,74.385019,true,false,false
cross_modal_disagreement,cross_modal_disagreement,cross_modal_disagreement-s601,601,6.800000,0.920780,45.228387,0.889462,12.295281,2.209085,90.620864,true,false,false
cross_modal_disagreement,cross_modal_disagreement,cross_modal_disagreement-s601,601,6.900000,0.925415,59.295079,0.935612,12.360619,2.176884,72.550964,true,false,false
cross_modal_disagreement,cross_modal_disagreement,cross_modal_disagreement-s601,601,7.000000,0.929141,52.522501,0.940708,12.433217,2.200966,107.251322,true,false,false
cross_modal_disagreement,cross_modal_disagreement,cross_modal_disagreement-s601,601,7.100000,0.969539,44.629868,0.922867,12.253048,2.208564,57.031260,true,false,false
cross_modal_disagreement,cross_modal_disagreement,cross_modal_disagreement-s601,601,7.200000,0.905138,58.190064,0.914073,12.337682,2.142957,83.654657,true,false,false
cross_modal_disagreement,cross_modal_disagreement,cross_modal_disagreement-s601,601,7.300000,0.954159,60.625569,0.922456,12.392933,2.184670,82.688854,true,false,false
cross_modal_disagreement,cross_modal_disagreement,cross_modal_disagreement-s601,601,7.400000,0.926362,54.656397,0.912051,12.333097,2.162171,89.036886,true,false,false
cross_modal_disagreement,cross_modal_disagreement,cross_modal_disagreement-s601,601,7.500000,0.911730,35.568201,0.923347,12.303819,2.172786,60.152788,true,false,false
cross_modal_disagreement,cross_modal_disagreement,cross_modal_disagreement-s601,601,7.600000,0.950322,44.317398,0.911861,12.332249,2.138442,66.852576,true,false,false
cross_modal_disagreement,cross_modal_disagreement,cross_modal_disagreement-s601,601,7.700000,0.939108,44.765419,0.926410,12.310000,2.148419,82.100616,true,false,false
cross_modal_disagreement,cross_modal_disagreement,cross_modal_disagreement-s601,601,7.800000,0.934557,45.764153,0.942497,12.344279,2.128530,88.429647,true,false,false
cross_modal_disagreement,cross_modal_disagreement,cross_modal_disagreement-s601,601,7.900000,0.950712,40.214882,0.912693,12.301001,2.130083,86.756773,true,false,false
cross_modal_disagreement,cross_modal_disagreement,cross_modal_disagreement-s601,601,8.000000,0.938287,46.270785,0.933371,12.291564,2.113695,96.258956,true,false,false
cross_modal_disagreement,cross_modal_disagreement,cross_modal_disagreement-s601,601,8.100000,0.949624,56.970101,0.879861,12.286961,2.102387,56.791070,true,false,false
cross_modal_disagreement,cross_modal_disagreement,cross_modal_disagreement-s601,601,8.200000,0.931632,43.233110,0.918986,12.370034,2.138258,81.495961,true,false,false
cross_modal_disagreement,cross_modal_disagreement,cross_modal_disagreement-s601,601,8.300000,0.920488,41.709495,0.918168,12.300555,2.163896,94.974201,true,false,false
cross_modal_disagreement,cross_modal_disagreement,cross_modal_disagreement-s601,601,8.400000,0.950910,44.862003,0.924178,12.350105,2.126166,80.969492,true,false,false
cross_modal_disagreement,cross_modal_disagreement,cross_modal_disagreement-s601,601,8.500000,0.937844,43.750062,0.889619,12.261510,2.112638,91.609023,true,false,false
cross_modal_disagreement,cross_modal_disagreement,cross_modal_disagreement-s601,601,8.600000,0.935370,51.245008,0.936708,12.302517,2.140038,80.653427,true,false,false
cross_modal_disagreement,cross_modal_disagreement,cross_modal_disagreement-s601,601,8.700000,0.954037,60.619559,0.916422,12.287668,2.157445,73.708939,true,false,false
cross_modal_disagreement,cross_modal_disagreement,cross_modal_disagreement-s601,601,8.800000,0.931071,39.170699,0.919934,12.241265,2.075749,66.396532,true,false,false
cross_modal_disagreement,cross_modal_disagreement,cross_modal_disagreement-s601,601,8.900000,0.937570,50.912040,0.912618,12.296779,2.081570,50.220672,true,false,false
cross_modal_disagreement,cross_modal_disagreement,cross_modal_disagreement-s601,601,9.000000,0.923537,43.436369,0.938648,12.230766,2.112535,72.534363,true,false,false
cross_modal_disagreement,cross_modal_disagreement,cross_modal_disagreement-s601,601,9.100000,0.948661,47.336182,0.910885,12.265590,2.134692,103.940762,true,false,false
cross_modal_disagreement,cross_modal_disagreement,cross_modal_disagreement-s601,601,9.200000,0.945871,46.281411,0.906628,12.266003,2.109261,54.916396,true,false,false
cross_modal_disagreement,cross_modal_disagreement,cross_modal_disagreement-s601,601,9.300000,0.947527,52.156590,0.950862,12.250003,2.100556,88.108824,true,false,false
cross_modal_disagreement,cross_modal_disagreement,cross_modal_disagreement-s601,601,9.400000,0.948151,35.413295,0.951084,12.225541,2.113541,85.890213,true,false,false
cross_modal_disagreement,cross_modal_disagreement,cross_modal_disagreement-s601,601,9.500000,0.941318,59.479424,0.919980,12.235774,2.067975,81.366057,true,false,false
cross_modal_disagreement,cross_modal_disagreement,cross_modal_disagreement-s601,601,9.600000,0.936284,54.861007,0.920626,12.314716,2.057078,100.130015,true,false,false
cross_modal_disagreement,cross_modal_disagreement,cross_modal_disagreement-s601,601,9.700000,0.941008,38.451628,0.917246,12.245663,2.052610,88.419898,true,false,false
cross_modal_disagreement,cross_modal_disagreement,cross_modal_disagreement-s601,601,9.800000,0.949215,40.427781,0.913136,12.242681,2.103521,65.026469,true,false,false
cross_modal_disagreement,cross_modal_disagreement,cross_modal_disagreement-s601,601,9.900000,0.940046,47.789740,0.913446,12.240863,2.088987,76.281909,true,false,false
cross_modal_disagreement,cross_modal_disagreement,cross_modal_disagreement-s601,601,10.000000,0.938117,48.857184,0.943133,12.192711,2.078880,66.457524,true,false,false
cross_modal_disagreement,cross_modal_disagreement,cross_modal_disagreement-s601,601,10.100000,0.951955,50.635571,0.883635,12.208251,2.069197,48.104170,true,false,false
cross_modal_disagreement,cross_modal_disagreement,cross_modal_disagreement-s601,601,10.200000,0.935466,54.940430,0.935327,12.274106,2.077081,94.404720,true,false,false
cross_modal_disagreement,cross_modal_disagreement,cross_modal_disagreement-s601,601,10.300000,0.922633,51.292364,0.914529,12.205023,2.060832,74.839770,true,false,false
cross_modal_disagreement,cross_modal_disagreement,cross_modal_disagreement-s601,601,10.400000,0.930522,57.320849,0.931410,12.221339,2.070827,64.860848,true,false,false
cross_modal_disagreement,cross_modal_disagreement,cross_modal_disagreement-s601,601,10.500000,0.952608,45.751299,0.897599,12.191068,2.081852,81.081002,true,false,false
cross_modal_disagreement,cross_modal_disagreement,cross_modal_disagreement-s601,601,10.600000,0.940053,50.170700,0.931958,12.126397,2.052915,96.106733,true,false,false
cross_modal_disagreement,cross_modal_disagreement,cross_modal_disagreement-s601,601,10.700000,0.937446,45.750018,0.908506,12.206024,2.089839,70.382512,true,false,false
cross_modal_disagreement,cross_modal_disagreement,cross_modal_disagreement-s601,601,10.800000,0.945733,41.374941,0.907019,12.185331,2.038879,97.049528,true,false,false
cross_modal_disagreement,cross_modal_disagreement,cross_modal_disagreement-s601,601,10.900000,0.943443,41.791160,0.917284,12.186767,2.040159,93.430014,true,false,false
cross_modal_disagreement,cross_modal_disagreement,cross_modal_disagreement-s601,601,11.000000,0.933753,46.038623,0.906760,12.128651,2.060882,90.802355,true,false,false
cross_modal_disagreement,cross_modal_disagreement,cross_modal_disagreement-s601,601,11.100000,0.926316,51.366020,0.918106,12.139199,2.047040,67.772156,true,false,false
cross_modal_disagreement,cross_modal_disagreement,cross_modal_disagreement-s601,601,11.200000,0.909693,49.048902,0.898960,12.112061,2.047499,101.063306,true,false,false
cross_modal_disagreement,cross_modal_disagreement,cross_modal_disagreement-s601,601,11.300000,0.944950,33.291362,0.927486,12.090868,2.087466,70.797549,true,false,false
cross_modal_disagreement,cross_modal_disagreement,cross_modal_disagreement-s601,601,11.400000,0.925841,50.610729,0.921979,12.172208,2.046711,92.047372,true,false,false
cross_modal_disagreement,cross_modal_disagreement,cross_modal_disagreement-s601,601,11.500000,0.930595,36.955170,0.925918,12.090539,2.040801,72.166604,true,false,false
cross_modal_disagreement,cross_modal_disagreement,cross_modal_disagreement-s601,601,11.600000,0.942809,42.953209,0.904409,12.120512,2.016516,73.215302,true,false,false
cross_modal_disagreement,cross_modal_disagreement,cross_modal_disagreement-s601,601,11.700000,0.918331,37.394053,0.919995,12.073964,2.085909,99.695702,true,false,false
cross_modal_disagreement,cross_modal_disagreement,cross_modal_disagreement-s601,601,11.800000,0.935839,47.134216,0.919769,12.062194,2.065405,104.459351,true,false,false
cross_modal_disagreement,cross_modal_disagreement,cross_modal_disagreement-s601,601,11.900000,0.945979,43.845286,0.937322,12.100752,2.003022,62.949014,true,false,false
cross_modal_disagreement,cross_modal_disagreement,cross_modal_disagreement-s601,601,12.000000,0.953970,47.799055,0.913695,12.011871,2.003441,52.830778,true,false,false
cross_modal_disagreement,cross_modal_disagreement,cross_modal_disagreement-s601,601,12.100000,0.954622,44.659653,0.897713,12.105008,2.028904,70.685178,true,false,false
cross_modal_disagreement,cross_modal_disagreement,cross_modal_disagreement-s601,601,12.200000,0.959355,58.640737,0.893424,12.024773,2.035472,73.474869,true,false,false
cross_modal_disagreement,cross_modal_disagreement,cross_modal_disagreement-s601,601,12.300000,0.943380,48.954749,0.900099,12.042576,1.983646,74.498019,true,false,false
cross_modal_disagreement,cross_modal_disagreement,cross_modal_disagreement-s601,601,12.400000,0.930520,54.318382,0.907393,12.082982,2.013983,74.731450,true,false,false
cross_modal_disagreement,cross_modal_disagreement,cross_modal_disagreement-s601,601,12.500000,0.963610,30.982488,0.925974,11.982585,2.043429,76.143887,true,false,false
cross_modal_disagreement,cross_modal_disagreement,cross_modal_disagreement-s601,601,12.600000,0.926941,51.486112,0.915047,12.009544,2.024278,79.168742,true,false,false
cross_modal_disagreement,cross_modal_disagreement,cross_modal_disagreement-s601,601,12.700000,0.940509,43.788195,0.892634,11.954253,1.997370,68.118347,true,false,false
cross_modal_disagreement,cross_modal_disagreement,cross_modal_disagreement-s601,601,12.800000,0.939757,46.383021,0.911588,12.057642,2.010350,74.609721,true,false,false
cross_modal_disagreement,cross_modal_disagreement,cross_modal_disagreement-s601,601,12.900000,0.913414,32.517620,0.913784,11.971881,2.013768,54.047466,true,false,false
cross_modal_disagreement,cross_modal_disagreement,cross_modal_disagreement-s601,601,13.000000,0.950110,39.502644,0.893614,11.965118,1.984280,88.894916,true,false,false
cross_modal_disagreement,cross_modal_disagreement,cross_modal_disagreement-s601,601,13.100000,0.955485,53.716278,0.894143,12.004066,2.031870,59.164806,true,false,false
cross_modal_disagreement,cross_modal_disagreement,cross_modal_disagreement-s601,601,13.200000,0.945674,49.261200,0.924632,11.917180,1.982609,68.121395,true,false,false
cross_modal_disagreement,cross_modal_disagreement,cross_modal_disagreement-s601,601,13.300000,0.951282,44.647737,0.924916,11.990004,2.053847,65.732844,true,false,false
cross_modal_disagreement,cross_modal_disagreement,cross_modal_disagreement-s601,601,13.400000,0.937786,48.290727,0.917824,11.948566,2.039168,90.827503,true,false,false
cross_modal_disagreement,cross_modal_disagreement,cross_modal_disagreement-s601,601,13.500000,0.972784,50.513386,0.928530,11.932910,2.022555,56.578625,true,false,false
cross_modal_disagreement,cross_modal_disagreement,cross_modal_disagreement-s601,601,13.600000,0.923728,59.052713,0.931843,11.855240,2.019505,67.936313,true,false,false
cross_modal_disagreement,cross_modal_disagreement,cross_modal_disagreement-s601,601,13.700000,0.936439,48.791516,0.935697,11.863738,2.030410,59.382406,true,false,false
cross_modal_disagreement,cross_modal_disagreement,cross_modal_disagreement-s601,601,13.800000,0.939201,55.634930,0.927848,11.943985,2.043400,84.948020,true,false,false
cross_modal_disagreement,cross_modal_disagreement,cross_modal_disagreement-s601,601,13.900000,0.942325,51.311233,0.902784,11.854171,1.984142,91.240192,true,false,false
cross_modal_disagreement,cross_modal_disagreement,cross_modal_disagreement-s601,601,14.000000,0.944649,49.251810,0.913997,11.870281,2.025713,86.869496,true,false,false
cross_modal_disagreement,cross_modal_disagreement,cross_modal_disagreement-s601,601,14.100000,0.931711,41.894813,0.897703,11.858040,2.047811,83.381797,true,false,false
cross_modal_disagreement,cross_modal_disagreement,cross_modal_disagreement-s601,601,14.200000,0.934224,41.096068,0.944178,11.791294,2.042473,81.398672,true,false,false
cross_modal_disagreement,cross_modal_disagreement,cross_modal_disagreement-s601,601,14.300000,0.955352,51.704598,0.899966,11.834228,2.020799,60.519572,true,false,false
cross_modal_disagreement,cross_modal_disagreement,cross_modal_disagreement-s601,601,14.400000,0.944953,52.623173,0.917553,11.797167,2.067232,99.412823,true,false,false
cross_modal_disagreement,cross_modal_disagreement,cross_modal_disagreement-s601,601,14.500000,0.913902,56.228557,0.928796,11.818607,2.008233,73.435570,true,false,false
cross_modal_disagreement,cross_modal_disagreement,cross_modal_disagreement-s601,601,14.600000,0.928983,41.359380,0.923081,11.849891,1.974110,81.723724,true,false,false
cross_modal_disagreement,cross_modal_disagreement,cross_modal_disagreement-s601,601,14.700000,0.940862,53.205089,0.921211,11.801403,1.977519,75.343093,true,false,false
cross_modal_disagreement,cross_modal_disagreement,cross_modal_disagreement-s601,601,14.800000,0.951158,50.507405,0.912634,11.825466,2.029592,80.450179,true,false,false
cross_modal_disagreement,cross_modal_disagreement,cross_modal_disagreement-s601,601,14.900000,0.932624,49.442283,0.908905,11.801720,2.053966,56.994113,true,false,false
cross_modal_disagreement,cross_modal_disagreement,cross_modal_disagreement-s601,601,15.000000,0.938752,37.782110,0.929892,11.798318,2.027410,81.479917,true,false,false
cross_modal_disagreement,cross_modal_disagreement,cross_modal_disagreement-s601,601,15.100000,0.937824,47.206348,0.956259,11.815007,2.017838,52.065927,true,false,false
cross_modal_disagreement,cross_modal_disagreement,cross_modal_disagreement-s601,601,15.200000,0.943370,52.424192,0.940772,11.851778,2.020694,79.623009,true,false,false
cross_modal_disagreement,cross_modal_disagreement,cross_modal_disagreement-s601,601,15.300000,0.948244,53.415632,0.913719,11.824238,2.003061,73.157226,true,false,false
cross_modal_disagreement,cross_modal_disagreement,cross_modal_disagreement-s601,601,15.400000,0.942749,54.928903,0.908376,11.791168,2.006491,105.150077,true,false,false
cross_modal_disagreement,cross_modal_disagreement,cross_modal_disagreement-s601,601,15.500000,0.929062,45.028809,0.937347,11.795914,2.042998,73.165573,true,false,false
cross_modal_disagreement,cross_modal_disagreement,cross_modal_disagreement-s601,601,15.600000,0.932564,50.378212,0.910792,11.738362,2.017543,71.462341,true,false,false
cross_modal_disagreement,cross_modal_disagreement,cross_modal_disagreement-s601,601,15.700000,0.939842,39.678613,0.931388,11.807996,2.079244,106.615741,true,false,false
cross_modal_disagreement,cross_modal_disagreement,cross_modal_disagreement-s601,601,15.800000,0.933041,44.998957,0.922024,11.699755,2.035944,88.169881,true,false,false
cross_modal_disagreement,cross_modal_disagreement,cross_modal_disagreement-s601,601,15.900000,0.933306,42.637263,0.919415,11.724302,2.006195,77.524907,true,false,false
cross_modal_disagreement,cross_modal_disagreement,cross_modal_disagreement-s601,601,16.000000,0.936439,56.571648,0.944222,11.742367,2.026964,72.764564,true,false,false
cross_modal_disagreement,cross_modal_disagreement,cross_modal_disagreement-s601,601,16.100000,0.937571,47.070207,0.897947,11.625590,1.994092,68.164869,true,false,false
cross_modal_disagreement,cross_modal_disagreement,cross_modal_disagreement-s601,601,16.200000,0.959648,45.143646,0.909236,11.792382,2.022415,62.640546,true,false,false
cross_modal_disagreement,cross_modal_disagreement,cross_modal_disagreement-s601,601,16.300000,0.946357,55.067805,0.915328,11.731968,2.031731,66.066555,true,false,false
cross_modal_disagreement,cross_modal_disagreement,cross_modal_disagreement-s601,601,16.400000,0.950291,39.304477,0.924637,11.733067,2.075954,71.235906,true,false,false
cross_modal_disagreement,cross_modal_disagreement,cross_modal_disagreement-s601,601,16.500000,0.923892,46.988964,0.910063,11.677020,2.039530,70.568442,true,false,false
cross_modal_disagreement,cross_modal_disagreement,cross_modal_disagreement-s601,601,16.600000,0.932468,44.236172,0.901535,11.707431,2.032340,67.467369,true,false,false
cross_modal_disagreement,cross_modal_disagreement,cross_modal_disagreement-s601,601,16.700000,0.957675,48.663805,0.923785,11.700369,2.006350,92.469128,true,false,false
cross_modal_disagreement,cross_modal_disagreement,cross_modal_disagreement-s601,601,16.800000,0.930089,46.195887,0.932063,11.765022,2.068460,114.771278,true,false,false
cross_modal_disagreement,cross_modal_disagreement,cross_modal_disagreement-s601,601,16.900000,0.949541,50.756440,0.900790,11.676851,2.055742,91.706344,true,false,false
cross_modal_disagreement,cross_modal_disagreement,cross_modal_disagreement-s601,601,17.000000,0.945599,53.130149,0.929333,11.672753,2.083640,59.198433,true,false,false
cross_modal_disagreement,cross_modal_disagreement,cross_modal_disagreement-s601,601,17.100000,0.943832,42.454884,0.917827,11.647424,2.039408,95.603777,true,false,false
cross_modal_disagreement,cross_modal_disagreement,cross_modal_disagreement-s601,601,17.200000,0.928456,44.892085,0.921111,11.734007,2.097428,85.544562,true,false,false
cross_modal_disagreement,cross_modal_disagreement,cross_modal_disagreement-s601,601,17.300000,0.947701,46.342497,0.869433,11.655382,2.049882,69.980087,true,false,false
cross_modal_disagreement,cross_modal_disagreement,cross_modal_disagreement-s601,601,17.400000,0.931820,45.455670,0.927317,11.634726,2.053575,87.468023,true,false,false
cross_modal_disagreement,cross_modal_disagreement,cross_modal_disagreement-s601,601,17.500000,0.976035,43.664612,0.916443,11.673267,2.056874,73.810435,true,false,false
cross_modal_disagreement,cross_modal_disagreement,cross_modal_disagreement-s601,601,17.600000,0.919701,64.814945,0.918801,11.714837,2.134106,72.967718,true,false,false
cross_modal_disagreement,cross_modal_disagreement,cross_modal_disagreement-s601,601,17.700000,0.946920,54.661141,0.949536,11.611457,2.071431,76.178422,true,false,false
cross_modal_disagreement,cross_modal_disagreement,cross_modal_disagreement-s601,601,17.800000,0.936546,40.302272,0.912345,11.687271,2.059899,66.732218,true,false,false
cross_modal_disagreement,cross_modal_disagreement,cross_modal_disagreement-s601,601,17.900000,0.951657,52.015670,0.898191,11.620840,2.116722,81.470811,true,false,false
cross_modal_disagreement,cross_modal_disagreement,cross_modal_disagreement-s601,601,18.000000,0.943519,49.324277,0.920919,11.695997,2.047898,54.877222,true,false,false
cross_modal_disagreement,cross_modal_disagreement,cross_modal_disagreement-s601,601,18.100000,0.942493,46.227315,0.905876,11.732171,2.024188,73.565230,true,false,false
cross_modal_disagreement,cross_modal_disagreement,cross_modal_disagreement-s601,601,18.200000,0.955208,52.568602,0.910660,11.672652,2.106587,68.048318,true,false,false
cross_modal_disagreement,cross_modal_disagreement,cross_modal_disagreement-s601,601,18.300000,0.944998,34.579358,0.909422,11.603628,2.057161,63.505294,true,false,false
cross_modal_disagreement,cross_modal_disagreement,cross_modal_disagreement-s601,601,18.400000,0.928820,59.331941,0.926400,11.635578,2.103283,99.510835,true,false,false
cross_modal_disagreement,cross_modal_disagreement,cross_modal_disagreement-s601,601,18.500000,0.920211,39.654074,0.914316,11.683642,2.086491,82.475649,true,false,false
cross_modal_disagreement,cross_modal_disagreement,cross_modal_disagreement-s601,601,18.600000,0.935925,46.897663,0.912654,11.659678,2.075468,85.915889,true,false,false
cross_modal_disagreement,cross_modal_disagreement,cross_modal_disagreement-s601,601,18.700000,0.944724,54.368680,0.917431,11.680014,2.096239,97.529958,true,false,false
cross_modal_disagreement,cross_modal_disagreement,cross_modal_disagreement-s601,601,18.800000,0.956019,52.778558,0.926717,11.648200,2.083283,67.777609,true,false,false
cross_modal_disagreement,cross_modal_disagreement,cross_modal_disagreement-s601,601,18.900000,0.942813,43.549487,0.902750,11.664246,2.122326,69.778340,true,false,false
cross_modal_disagreement,cross_modal_disagreement,cross_modal_disagreement-s601,601,19.000000,0.943187,36.074380,0.917242,11.709568,2.094387,67.671797,true,false,false
cross_modal_disagreement,cross_modal_disagreement,cross_modal_disagreement-s601,601,19.100000,0.941966,57.399253,0.944242,11.672312,2.129620,42.296384,true,false,false
cross_modal_disagreement,cross_modal_disagreement,cross_modal_disagreement-s601,601,19.200000,0.952095,60.907187,0.896277,11.700608,2.122740,79.090372,true,false,false
cross_modal_disagreement,cross_modal_disagreement,cross_modal_disagreement-s601,601,19.300000,0.949713,42.788804,0.904354,11.678502,2.158405,94.831882,true,false,false
cross_modal_disagreement,cross_modal_disagreement,cross_modal_disagreement-s601,601,19.400000,0.915631,47.007786,0.905943,11.580983,2.168671,79.298477,true,false,false
cross_modal_disagreement,cross_modal_disagreement,cross_modal_disagreement-s601,601,19.500000,0.955266,58.675414,0.895153,11.696375,2.142901,47.739559,true,false,false
cross_modal_disagreement,cross_modal_disagreement,cross_modal_disagreement-s601,601,19.600000,0.943563,47.187586,0.885084,11.654532,2.090428,80.739174,true,false,false
cross_modal_disagreement,cross_modal_disagreement,cross_modal_disagreement-s601,601,19.700000,0.935620,44.523283,0.913385,11.693446,2.124403,80.518896,true,false,false
cross_modal_disagreement,cross_modal_disagreement,cross_modal_disagreement-s601,601,19.800000,0.949300,51.240632,0.942519,11.582881,2.091534,66.528297,true,false,false
cross_modal_disagreement,cross_modal_disagreement,cross_modal_disagreement-s601,601,19.900000,0.963779,51.129174,0.929093,11.657533,2.126581,76.149530,true,false,false
cross_modal_disagreement,cross_modal_disagreement,cross_modal_disagreement-s601,601,20.000000,0.939035,49.246832,0.924163,11.655030,2.140905,79.986925,true,true,false
cross_modal_disagreement,cross_modal_disagreement,cross_modal_disagreement-s601,601,20.100000,0.946677,38.830265,0.894061,11.661750,2.094423,89.892585,true,true,false
cross_modal_disagreement,cross_modal_disagreement,cross_modal_disagreement-s601,601,20.200000,0.936475,36.688835,0.806070,11.675418,2.154064,82.267347,true,true,false
cross_modal_disagreement,cross_modal_disagreement,cross_modal_disagreement-s601,601,20.300000,0.952340,43.028260,0.764362,11.626028,2.108403,69.817774,true,true,false
cross_modal_disagreement,cross_modal_disagreement,cross_modal_disagreement-s601,601,20.400000,0.949229,38.038953,0.702087,11.655541,2.166798,76.152183,true,true,false
cross_modal_disagreement,cross_modal_disagreement,cross_modal_disagreement-s601,601,20.500000,0.934137,48.228441,0.650506,11.684495,2.131754,57.645434,true,true,false
cross_modal_disagreement,cross_modal_disagreement,cross_modal_disagreement-s601,601,20.600000,0.946905,52.598217,0.595685,11.715806,2.145811,40.961805,true,true,false
cross_modal_disagreement,cross_modal_disagreement,cross_modal_disagreement-s601,601,20.700000,0.943644,50.454583,0.526110,11.647433,2.160277,69.154977,true,true,false
cross_modal_disagreement,cross_modal_disagreement,cross_modal_disagreement-s601,601,20.800000,0.951136,39.830745,0.482525,11.738678,2.204008,81.099885,true,true,false
cross_modal_disagreement,cross_modal_disagreement,cross_modal_disagreement-s601,601,20.900000,0.943968,53.616301,0.431344,11.709444,2.154333,127.780588,true,true,false
cross_modal_disagreement,cross_modal_disagreement,cross_modal_disagreement-s601,601,21.000000,0.954744,40.615422,0.374780,11.678231,2.150885,70.638256,true,true,false
cross_modal_disagreement,cross_modal_disagreement,cross_modal_disagreement-s601,601,21.100000,0.943040,47.696840,0.331618,11.693009,2.166116,69.231121,true,true,true
cross_modal_disagreement,cross_modal_disagreement,cross_modal_disagreement-s601,601,21.200000,0.924710,44.059639,0.256063,11.745294,2.124780,66.029889,true,true,true
cross_modal_disagreement,cross_modal_disagreement,cross_modal_disagreement-s601,601,21.300000,0.936805,50.816842,0.254929,11.746917,2.160374,87.745715,true,true,true
cross_modal_disagreement,cross_modal_disagreement,cross_modal_disagreement-s601,601,21.400000,0.949460,51.898255,0.263597,11.712406,2.123229,79.402597,true,true,true
cross_modal_disagreement,cross_modal_disagreement,cross_modal_disagreement-s601,601,21.500000,0.938208,39.449941,0.265158,11.695662,2.159533,61.391446,true,true,true
cross_modal_disagreement,cross_modal_disagreement,cross_modal_disagreement-s601,601,21.600000,0.932988,39.820695,0.271739,11.763439,2.169189,67.874834,true,true,true
cross_modal_disagreement,cross_modal_disagreement,cross_modal_disagreement-s601,601,21.700000,0.956368,35.866787,0.279110,11.819212,2.198132,86.209302,true,true,true
cross_modal_disagreement,cross_modal_disagreement,cross_modal_disagreement-s601,601,21.800000,0.934535,31.017983,0.286437,11.653484,2.164525,72.012986,true,true,true
cross_modal_disagreement,cross_modal_disagreement,cross_modal_disagreement-s601,601,21.900000,0.949309,53.874592,0.294817,11.774825,2.157650,74.602743,true,true,true
cross_modal_disagreement,cross_modal_disagreement,cross_modal_disagreement-s601,601,22.000000,0.936933,38.456532,0.254442,11.739770,2.126083,66.936516,true,true,true
cross_modal_disagreement,cross_modal_disagreement,cross_modal_disagreement-s601,601,22.100000,0.933595,39.303579,0.281134,11.749570,2.148573,90.315968,true,true,true
cross_modal_disagreement,cross_modal_disagreement,cross_modal_disagreement-s601,601,22.200000,0.949728,65.062340,0.274835,11.784438,2.145756,77.810018,true,true,true
cross_modal_disagreement,cross_modal_disagreement,cross_modal_disagreement-s601,601,22.300000,0.944527,62.543784,0.271370,11.781609,2.195255,94.177266,true,true,true
cross_modal_disagreement,cross_modal_disagreement,cross_modal_disagreement-s601,601,22.400000,0.932968,56.236051,0.268535,11.735093,2.160776,98.179250,true,true,true
cross_modal_disagreement,cross_modal_disagreement,cross_modal_disagreement-s601,601,22.500000,0.942334,43.227985,0.295636,11.826406,2.158900,65.874988,true,true,true
cross_modal_disagreement,cross_modal_disagreement,cross_modal_disagreement-s601,601,22.600000,0.960226,56.525402,0.266713,11.882687,2.179209,121.583059,true,true,true
cross_modal_disagreement,cross_modal_disagreement,cross_modal_disagreement-s601,601,22.700000,0.937798,43.597647,0.270352,11.784038,2.187381,95.447157,true,true,true
cross_modal_disagreement,cross_modal_disagreement,cross_modal_disagreement-s601,601,22.800000,0.932631,54.303275,0.295241,11.755037,2.175226,95.808239,true,true,true
cross_modal_disagreement,cross_modal_disagreement,cross_modal_disagreement-s601,601,22.900000,0.930211,49.531829,0.256129,11.889112,2.196266,82.647436,true,true,true
cross_modal_disagreement,cross_modal_disagreement,cross_modal_disagreement-s601,601,23.000000,0.932968,50.944480,0.268661,11.802333,2.182200,85.378097,true,true,true
cross_modal_disagreement,cross_modal_disagreement,cross_modal_disagreement-s601,601,23.100000,0.928186,59.889185,0.271059,11.835638,2.174077,68.183253,true,true,true
cross_modal_disagreement,cross_modal_disagreement,cross_modal_disagreement-s601,601,23.200000,0.923762,52.289419,0.254529,11.798023,2.190542,65.587330,true,true,true
cross_modal_disagreement,cross_modal_disagreement,cross_modal_disagreement-s601,601,23.300000,0.944997,38.349232,0.301476,11.808835,2.160300,71.484104,true,true,true
cross_modal_disagreement,cross_modal_disagreement,cross_modal_disagreement-s601,601,23.400000,0.941460,40.717255,0.309966,11.834275,2.160357,79.255114,true,true,true
cross_modal_disagreement,cross_modal_disagreement,cross_modal_disagreement-s601,601,23.500000,0.940696,55.715636,0.290828,11.847521,2.164323,59.588781,true,true,true
cross_modal_disagreement,cross_modal_disagreement,cross_modal_disagreement-s601,601,23.600000,0.930826,52.315515,0.246279,11.906180,2.182743,76.630719,true,true,true
cross_modal_disagreement,cross_modal_disagreement,cross_modal_disagreement-s601,601,23.700000,0.936881,50.186969,0.263013,11.841894,2.159253,76.625351,true,true,true
cross_modal_disagreement,cross_modal_disagreement,cross_modal_disagreement-s601,601,23.800000,0.930167,42.120532,0.278847,11.937713,2.184320,76.252730,true,true,true
cross_modal_disagreement,cross_modal_disagreement,cross_modal_disagreement-s601,601,23.900000,0.951841,59.005543,0.267881,11.880666,2.188826,70.705703,true,true,true
cross_modal_disagreement,cross_modal_disagreement,cross_modal_disagreement-s601,601,24.000000,0.918967,42.625250,0.279524,11.869342,2.145946,43.370500,true,true,true
cross_modal_disagreement,cross_modal_disagreement,cross_modal_disagreement-s601,601,24.100000,0.948116,49.380656,0.291382,11.946377,2.151940,103.855895,true,true,true
cross_modal_disagreement,cross_modal_disagreement,cross_modal_disagreement-s601,601,24.200000,0.947157,53.133165,0.268157,11.905650,2.147867,61.735531,true,true,true
cross_modal_disagreement,cross_modal_disagreement,cross_modal_disagreement-s601,601,24.300000,0.955164,56.058487,0.263915,11.970395,2.216401,89.929795,true,true,true
cross_modal_disagreement,cross_modal_disagreement,cross_modal_disagreement-s601,601,24.400000,0.923107,48.612707,0.267792,11.858504,2.216819,38.756019,true,true,true
cross_modal_disagreement,cross_modal_disagreement,cross_modal_disagreement-s601,601,24.500000,0.929238,49.706532,0.265021,11.907359,2.181279,61.428626,true,true,true
cross_modal_disagreement,cross_modal_disagreement,cross_modal_disagreement-s601,601,24.600000,0.966336,49.625340,0.284770,11.961317,2.171269,74.539169,true,true,true
cross_modal_disagreement,cross_modal_disagreement,cross_modal_disagreement-s601,601,24.700000,0.961952,51.826709,0.260195,11.997499,2.207914,79.369190,true,true,true
cross_modal_disagreement,cross_modal_disagreement,cross_modal_disagreement-s601,601,24.800000,0.962587,45.173299,0.267738,11.953244,2.162724,68.100641,true,true,true
cross_modal_disagreement,cross_modal_disagreement,cross_modal_disagreement-s601,601,24.900000,0.928323,63.024017,0.238029,12.044965,2.173908,74.306042,true,true,true
cross_modal_disagreement,cross_modal_disagreement,cross_modal_disagreement-s601,601,25.000000,0.947482,50.818317,0.279148,11.932307,2.195123,98.342106,true,true,true
cross_modal_disagreement,cross_modal_disagreement,cross_modal_disagreement-s601,601,25.100000,0.928699,49.314959,0.272064,11.996808,2.165864,72.067429,true,true,true
cross_modal_disagreement,cross_modal_disagreement,cross_modal_disagreement-s601,601,25.200000,0.947924,33.797894,0.271391,12.056719,2.183821,77.944581,true,true,true
cross_modal_disagreement,cross_modal_disagreement,cross_modal_disagreement-s601,601,25.300000,0.939420,50.770160,0.259009,11.946649,2.204221,69.956649,true,true,true
cross_modal_disagreement,cross_modal_disagreement,cross_modal_disagreement-s601,601,25.400000,0.938382,40.497967,0.267621,12.074407,2.165587,81.837563,true,true,true
cross_modal_disagreement,cross_modal_disagreement,cross_modal_disagreement-s601,601,25.500000,0.940322,42.678803,0.267632,12.042206,2.149586,93.990778,true,true,true
cross_modal_disagreement,cross_modal_disagreement,cross_modal_disagreement-s601,601,25.600000,0.918316,48.353602,0.267047,12.053892,2.151722,63.868075,true,true,true
cross_modal_disagreement,cross_modal_disagreement,cross_modal_disagreement-s601,601,25.700000,0.938353,48.023640,0.294413,12.084479,2.103747,82.371933,true,true,true
cross_modal_disagreement,cross_modal_disagreement,cross_modal_disagreement-s601,601,25.800000,0.919060,48.696010,0.242930,12.054446,2.125263,71.606802,true,true,true
cross_modal_disagreement,cross_modal_disagreement,cross_modal_disagreement-s601,601,25.900000,0.926284,37.097031,0.283361,11.977482,2.167862,82.740407,true,true,true
cross_modal_disagreement,cross_modal_disagreement,cross_modal_disagreement-s601,601,26.000000,0.916065,47.119541,0.269892,12.051296,2.106708,99.852844,true,true,true
cross_modal_disagreement,cross_modal_disagreement,cross_modal_disagreement-s601,601,26.100000,0.925503,52.612342,0.289325,12.075647,2.208831,76.044476,true,true,true
cross_modal_disagreement,cross_modal_disagreement,cross_modal_disagreement-s601,601,26.200000,0.941392,37.028572,0.282143,12.030689,2.138421,68.970956,true,true,true
cross_modal_disagreement,cross_modal_disagreement,cross_modal_disagreement-s601,601,26.300000,0.951465,50.544671,0.281097,12.112843,2.140572,87.287995,true,true,true
cross_modal_disagreement,cross_modal_disagreement,cross_modal_disagreement-s601,601,26.400000,0.936218,49.360006,0.254480,12.145648,2.115719,60.648081,true,true,true
cross_modal_disagreement,cross_modal_disagreement,cross_modal_disagreement-s601,601,26.500000,0.943262,59.252726,0.268216,12.188690,2.121985,94.105425,true,true,true
cross_modal_disagreement,cross_modal_disagreement,cross_modal_disagreement-s601,601,26.600000,0.933210,39.942446,0.266304,12.150707,2.183795,90.930467,true,true,true
cross_modal_disagreement,cross_modal_disagreement,cross_modal_disagreement-s601,601,26.700000,0.923167,51.578614,0.295519,12.154930,2.174459,96.683437,true,true,true
cross_modal_disagreement,cross_modal_disagreement,cross_modal_disagreement-s601,601,26.800000,0.937056,30.597871,0.260153,12.106231,2.148815,81.956681,true,true,true
cross_modal_disagreement,cross_modal_disagreement,cross_modal_disagreement-s601,601,26.900000,0.928749,40.915031,0.280645,12.193566,2.147043,70.456116,true,true,true
cross_modal_disagreement,cross_modal_disagreement,cross_modal_disagreement-s601,601,27.000000,0.946772,43.640012,0.285516,12.154194,2.121153,72.668698,true,true,true
cross_modal_disagreement,cross_modal_disagreement,cross_modal_disagreement-s601,601,27.100000,0.948962,52.391094,0.273824,12.129306,2.120624,61.268106,true,true,true
cross_modal_disagreement,cross_modal_disagreement,cross_modal_disagreement-s601,601,27.200000,0.929854,35.300221,0.261316,12.161658,2.123919,85.929762,true,true,true
cross_modal_disagreement,cross_modal_disagreement,cross_modal_disagreement-s601,601,27.300000,0.925248,44.383429,0.252538,12.123471,2.167681,65.981038,true,true,true
cross_modal_disagreement,cross_modal_disagreement,cross_modal_disagreement-s601,601,27.400000,0.932654,43.562803,0.257853,12.200054,2.092657,78.633723,true,true,true
cross_modal_disagreement,cross_modal_disagreement,cross_modal_disagreement-s601,601,27.500000,0.934054,55.926411,0.273567,12.209698,2.131072,89.183308,true,true,true
cross_modal_disagreement,cross_modal_disagreement,cross_modal_disagreement-s601,601,27.600000,0.947713,43.890677,0.269973,12.227910,2.078641,75.236953,true,true,true
cross_modal_disagreement,cross_modal_disagreement,cross_modal_disagreement-s601,601,27.700000,0.941037,56.119637,0.249869,12.190379,2.111864,90.726775,true,true,true
cross_modal_disagreement,cross_modal_disagreement,cross_modal_disagreement-s601,601,27.800000,0.932328,41.873425,0.290056,12.230790,2.122757,109.575295,true,true,true
cross_modal_disagreement,cross_modal_disagreement,cross_modal_disagreement-s601,601,27.900000,0.926804,44.074875,0.250137,12.248308,2.112890,64.732967,true,true,true
cross_modal_disagreement,cross_modal_disagreement,cross_modal_disagreement-s601,601,28.000000,0.944129,44.626007,0.297589,12.297808,2.099072,104.715156,true,true,true
cross_modal_disagreement,cross_modal_disagreement,cross_modal_disagreement-s601,601,28.100000,0.935055,61.828654,0.240077,12.205845,2.123556,107.924961,true,true,true
cross_modal_disagreement,cross_modal_disagreement,cross_modal_disagreement-s601,601,28.200000,0.937560,50.761254,0.265763,12.259348,2.100208,69.629805,true,true,true
cross_modal_disagreement,cross_modal_disagreement,cross_modal_disagreement-s601,601,28.300000,0.929316,48.149548,0.263185,12.312005,2.127478,61.499274,true,true,true
cross_modal_disagreement,cross_modal_disagreement,cross_modal_disagreement-s601,601,28.400000,0.936249,50.157006,0.247803,12.232848,2.134973,93.212756,true,true,true
cross_modal_disagreement,cross_modal_disagreement,cross_modal_disagreement-s601,601,28.500000,0.949844,37.524991,0.240984,12.262816,2.120282,106.962561,true,true,true
cross_modal_disagreement,cross_modal_disagreement,cross_modal_disagreement-s601,601,28.600000,0.944574,45.181295,0.255217,12.218742,2.051201,90.778231,true,true,true
cross_modal_disagreement,cross_modal_disagreement,cross_modal_disagreement-s601,601,28.700000,0.924448,53.533497,0.245186,12.261513,2.058002,75.935219,true,true,true
cross_modal_disagreement,cross_modal_disagreement,cross_modal_disagreement-s601,601,28.800000,0.918243,48.847952,0.249820,12.321577,2.070451,82.993873,true,true,true
cross_modal_disagreement,cross_modal_disagreement,cross_modal_disagreement-s601,601,28.900000,0.918055,51.541493,0.267613,12.342347,2.069534,79.497151,true,true,true
cross_modal_disagreement,cross_modal_disagreement,cross_modal_disagreement-s601,601,29.000000,0.931336,47.236167,0.272571,12.349940,2.123075,58.383561,true,true,true
cross_modal_disagreement,cross_modal_disagreement,cross_modal_disagreement-s601,601,29.100000,0.928292,38.054569,0.285336,12.327285,2.088552,68.188361,true,true,true
cross_modal_disagreement,cross_modal_disagreement,cross_modal_disagreement-s601,601,29.200000,0.924632,35.691552,0.277543,12.216413,2.055531,91.531369,true,true,true
cross_modal_disagreement,cross_modal_disagreement,cross_modal_disagreement-s601,601,29.300000,0.972907,47.730512,0.259227,12.335196,2.097265,71.743815,true,true,true
cross_modal_disagreement,cross_modal_disagreement,cross_modal_disagreement-s601,601,29.400000,0.944974,53.008085,0.287679,12.368609,2.047725,82.536820,true,true,true
cross_modal_disagreement,cross_modal_disagreement,cross_modal_disagreement-s601,601,29.500000,0.929667,47.951572,0.265726,12.211903,2.054891,62.794440,true,true,true
cross_modal_disagreement,cross_modal_disagreement,cross_modal_disagreement-s601,601,29.600000,0.936571,46.647341,0.275052,12.357404,2.087248,73.552677,true,true,true
cross_modal_disagreement,cross_modal_disagreement,cross_modal_disagreement-s601,601,29.700000,0.943269,31.814478,0.290023,12.281755,2.036295,93.078187,true,true,true
cross_modal_disagreement,cross_modal_disagreement,cross_modal_disagreement-s601,601,29.800000,0.940423,41.260475,0.258037,12.296870,2.010067,64.748671,true,true,true
cross_modal_disagreement,cross_modal_disagreement,cross_modal_disagreement-s601,601,29.900000,0.932882,47.453155,0.270333,12.307084,2.097177,82.397674,true,true,true
cross_modal_disagreement,cross_modal_disagreement,cross_modal_disagreement-s601,601,30.000000,0.932674,50.554197,0.270012,12.305380,2.069777,72.527175,true,true,true
cross_modal_disagreement,cross_modal_disagreement,cross_modal_disagreement-s601,601,30.100000,0.935097,47.077559,0.274138,12.393212,2.037342,66.397180,true,true,true
cross_modal_disagreement,cross_modal_disagreement,cross_modal_disagreement-s601,601,30.200000,0.953458,58.103818,0.256257,12.310229,2.063387,46.161087,true,true,true
cross_modal_disagreement,cross_modal_disagreement,cross_modal_disagreement-s601,601,30.300000,0.942324,56.508112,0.273110,12.364119,2.010637,79.158445,true,true,true
cross_modal_disagreement,cross_modal_disagreement,cross_modal_disagreement-s601,601,30.400000,0.940942,34.540958,0.264129,12.321250,2.021109,75.309923,true,true,true
cross_modal_disagreement,cross_modal_disagreement,cross_modal_disagreement-s601,601,30.500000,0.958354,54.051823,0.265313,12.274304,2.053875,61.880840,true,true,true
cross_modal_disagreement,cross_modal_disagreement,cross_modal_disagreement-s601,601,30.600000,0.931399,43.957970,0.278286,12.394638,2.017932,68.111801,true,true,true
cross_modal_disagreement,cross_modal_disagreement,cross_modal_disagreement-s601,601,30.700000,0.928303,53.314429,0.256238,12.422382,2.052517,64.361489,true,true,true
cross_modal_disagreement,cross_modal_disagreement,cross_modal_disagreement-s601,601,30.800000,0.926892,42.091044,0.282291,12.288476,2.055056,88.019455,true,true,true
cross_modal_disagreement,cross_modal_disagreement,cross_modal_disagreement-s601,601,30.900000,0.953627,45.484224,0.278864,12.379188,2.044807,80.356442,true,true,true
cross_modal_disagreement,cross_modal_disagreement,cross_modal_disagreement-s601,601,31.000000,0.945873,51.293347,0.269081,12.298144,1.990429,67.844947,true,true,true
cross_modal_disagreement,cross_modal_disagreement,cross_modal_disagreement-s601,601,31.100000,0.955660,48.933109,0.258414,12.320563,2.026151,88.248598,true,true,true
cross_modal_disagreement,cross_modal_disagreement,cross_modal_disagreement-s601,601,31.200000,0.938391,45.286197,0.258986,12.338349,2.057914,70.013167,true,true,true
cross_modal_disagreement,cross_modal_disagreement,cross_modal_disagreement-s601,601,31.300000,0.934572,50.824816,0.261117,12.386151,2.023173,83.219906,true,true,true
cross_modal_disagreement,cross_modal_disagreement,cross_modal_disagreement-s601,601,31.400000,0.934193,49.361698,0.250106,12.293491,2.077195,74.908228,true,true,true
cross_modal_disagreement,cross_modal_disagreement,cross_modal_disagreement-s601,601,31.500000,0.936174,46.612541,0.284148,12.336658,2.001662,68.468297,true,true,true
cross_modal_disagreement,cross_modal_disagreement,cross_modal_disagreement-s601,601,31.600000,0.943615,47.278607,0.266382,12.382540,2.035280,69.497702,true,true,true
cross_modal_disagreement,cross_modal_disagreement,cross_modal_disagreement-s601,601,31.700000,0.917666,47.643547,0.254530,12.378858,2.044897,59.438631,true,true,true
cross_modal_disagreement,cross_modal_disagreement,cross_modal_disagreement-s601,601,31.800000,0.954885,31.209666,0.302990,12.277299,2.022248,93.217907,true,true,true
cross_modal_disagreement,cross_modal_disagreement,cross_modal_disagreement-s601,601,31.900000,0.944816,41.602169,0.276304,12.301336,2.017923,75.938872,true,true,true
cross_modal_disagreement,cross_modal_disagreement,cross_modal_disagreement-s601,601,32.000000,0.930890,34.850826,0.304518,12.312060,2.020936,80.269555,true,true,true
cross_modal_disagreement,cross_modal_disagreement,cross_modal_disagreement-s601,601,32.100000,0.940604,55.543070,0.269693,12.356408,2.042016,89.322884,true,true,true
cross_modal_disagreement,cross_modal_disagreement,cross_modal_disagreement-s601,601,32.200000,0.940074,43.392850,0.272871,12.374690,2.047651,63.552651,true,true,true
cross_modal_disagreement,cross_modal_disagreement,cross_modal_disagreement-s601,601,32.300000,0.933593,56.050705,0.268703,12.294773,2.026514,86.224523,true,true,true
cross_modal_disagreement,cross_modal_disagreement,cross_modal_disagreement-s601,601,32.400000,0.936340,50.401516,0.296722,12.359349,2.018423,88.496837,true,true,true
cross_modal_disagreement,cross_modal_disagreement,cross_modal_disagreement-s601,601,32.500000,0.950257,55.732949,0.267855,12.281112,2.068306,82.545192,true,true,true
cross_modal_disagreement,cross_modal_disagreement,cross_modal_disagreement-s601,601,32.600000,0.938744,41.233316,0.280328,12.323861,2.020994,82.501780,true,true,true
cross_modal_disagreement,cross_modal_disagreement,cross_modal_disagreement-s601,601,32.700000,0.935033,53.426682,0.255016,12.311434,2.027515,77.294176,true,true,true
cross_modal_disagreement,cross_modal_disagreement,cross_modal_disagreement-s601,601,32.800000,0.922382,61.234628,0.256827,12.214611,2.022759,60.954392,true,true,true
cross_modal_disagreement,cross_modal_disagreement,cross_modal_disagreement-s601,601,32.900000,0.941703,50.706677,0.255763,12.306555,2.042416,93.453214,true,true,true
cross_modal_disagreement,cross_modal_disagreement,cross_modal_disagreement-s601,601,33.000000,0.924049,57.448456,0.296683,12.293757,2.008738,85.575121,true,true,true
cross_modal_disagreement,cross_modal_disagreement,cross_modal_disagreement-s601,601,33.100000,0.953637,49.964149,0.254839,12.378936,2.040471,68.840106,true,true,true
cross_modal_disagreement,cross_modal_disagreement,cross_modal_disagreement-s601,601,33.200000,0.940325,36.280585,0.248753,12.352293,2.014593,74.024245,true,true,true
cross_modal_disagreement,cross_modal_disagreement,cross_modal_disagreement-s601,601,33.300000,0.942205,39.532954,0.253146,12.359980,2.046138,96.606300,true,true,true
cross_modal_disagreement,cross_modal_disagreement,cross_modal_disagreement-s601,601,33.400000,0.936957,53.702690,0.265003,12.324563,2.035326,81.773300,true,true,true
cross_modal_disagreement,cross_modal_disagreement,cross_modal_disagreement-s601,601,33.500000,0.929622,51.334550,0.271909,12.349433,1.995853,85.740063,true,true,true
cross_modal_disagreement,cross_modal_disagreement,cross_modal_disagreement-s601,601,33.600000,0.949662,59.789896,0.276755,12.289833,2.017168,78.230815,true,true,true
cross_modal_disagreement,cross_modal_disagreement,cross_modal_disagreement-s601,601,33.700000,0.942075,62.453545,0.247208,12.276909,2.006162,76.511019,true,true,true
cross_modal_disagreement,cross_modal_disagreement,cross_modal_disagreement-s601,601,33.800000,0.943075,40.013613,0.261663,12.220625,1.987520,75.351115,true,true,true
cross_modal_disagreement,cross_modal_disagreement,cross_modal_disagreement-s601,601,33.900000,0.936993,42.327325,0.286615,12.252980,1.979445,92.103891,true,true,true
cross_modal_disagreement,cross_modal_disagreement,cross_modal_disagreement-s601,601,34.000000,0.951191,51.718104,0.255871,12.322958,1.995269,74.569228,true,true,true
cross_modal_disagreement,cross_modal_disagreement,cross_modal_disagreement-s601,601,34.100000,0.934246,53.334626,0.253505,12.293947,2.031644,62.910639,true,true,true
cross_modal_disagreement,cross_modal_disagreement,cross_modal_disagreement-s601,601,34.200000,0.953228,50.858371,0.266895,12.272832,2.059665,92.688452,true,true,true
cross_modal_disagreement,cross_modal_disagreement,cross_modal_disagreement-s601,601,34.300000,0.933585,42.547648,0.270905,12.213628,2.025293,67.895648,true,true,true
cross_modal_disagreement,cross_modal_disagreement,cross_modal_disagreement-s601,601,34.400000,0.968876,44.891518,0.266019,12.287408,2.023148,46.098797,true,true,true
cross_modal_disagreement,cross_modal_disagreement,cross_modal_disagreement-s601,601,34.500000,0.941187,52.828793,0.280758,12.268036,2.057879,81.172201,true,true,true
cross_modal_disagreement,cross_modal_disagreement,cross_modal_disagreement-s601,601,34.600000,0.931129,41.128639,0.272679,12.271297,2.049889,70.019230,true,true,true
cross_modal_disagreement,cross_modal_disagreement,cross_modal_disagreement-s601,601,34.700000,0.941555,55.923229,0.286766,12.135218,2.035083,86.589232,true,true,true
cross_modal_disagreement,cross_modal_disagreement,cross_modal_disagreement-s601,601,34.800000,0.959169,40.548549,0.293163,12.232558,2.022496,71.374694,true,true,true
cross_modal_disagreement,cross_modal_disagreement,cross_modal_disagreement-s601,601,34.900000,0.949472,40.599105,0.289000,12.152134,2.039011,97.580433,true,true,true
cross_modal_disagreement,cross_modal_disagreement,cross_modal_disagreement-s601,601,35.000000,0.920909,52.959366,0.278282,12.223048,2.001472,82.065218,true,true,true
cross_modal_disagreement,cross_modal_disagreement,cross_modal_disagreement-s601,601,35.100000,0.927599,52.777898,0.280504,12.230408,1.985537,69.932315,true,true,true
cross_modal_disagreement,cross_modal_disagreement,cross_modal_disagreement-s601,601,35.200000,0.940231,55.700444,0.275838,12.175140,2.016052,71.172847,true,true,true
cross_modal_disagreement,cross_modal_disagreement,cross_modal_disagreement-s601,601,35.300000,0.947934,50.233183,0.287460,12.240215,2.060940,93.562435,true,true,true
cross_modal_disagreement,cross_modal_disagreement,cross_modal_disagreement-s601,601,35.400000,0.937159,52.787969,0.284292,12.125725,2.032354,68.534633,true,true,true
cross_modal_disagreement,cross_modal_disagreement,cross_modal_disagreement-s601,601,35.500000,0.946723,45.856924,0.240457,12.274488,2.072274,69.259366,true,true,true
cross_modal_disagreement,cross_modal_disagreement,cross_modal_disagreement-s601,601,35.600000,0.935938,42.380656,0.252704,12.163786,2.075577,78.792077,true,true,true
cross_modal_disagreement,cross_modal_disagreement,cross_modal_disagreement-s601,601,35.700000,0.925040,47.894633,0.263852,12.123428,2.070249,97.627786,true,true,true
cross_modal_disagreement,cross_modal_disagreement,cross_modal_disagreement-s601,601,35.800000,0.930890,62.935164,0.286509,12.170915,2.040536,95.639818,true,true,true
cross_modal_disagreement,cross_modal_disagreement,cross_modal_disagreement-s601,601,35.900000,0.923055,37.933183,0.286156,12.167816,2.022482,97.615750,true,true,true
cross_modal_disagreement,cross_modal_disagreement,cross_modal_disagreement-s601,601,36.000000,0.930049,48.014281,0.243139,12.104021,2.078248,61.181644,true,true,true
cross_modal_disagreement,cross_modal_disagreement,cross_modal_disagreement-s601,601,36.100000,0.915841,55.741439,0.268192,12.154186,2.023591,93.368120,true,true,true
cross_modal_disagreement,cross_modal_disagreement,cross_modal_disagreement-s601,601,36.200000,0.935663,56.503373,0.286979,12.146819,2.010285,58.864790,true,true,true
cross_modal_disagreement,cross_modal_disagreement,cross_modal_disagreement-s601,601,36.300000,0.947820,45.252005,0.287369,12.125646,2.083820,96.125295,true,true,true
cross_modal_disagreement,cross_modal_disagreement,cross_modal_disagreement-s601,601,36.400000,0.966117,52.018303,0.266093,12.065080,2.076161,57.217299,true,true,true
cross_modal_disagreement,cross_modal_disagreement,cross_modal_disagreement-s601,601,36.500000,0.919880,50.449514,0.266090,12.078115,2.062504,82.614581,true,true,true
cross_modal_disagreement,cross_modal_disagreement,cross_modal_disagreement-s601,601,36.600000,0.916673,46.197747,0.258862,12.068684,2.052193,66.362476,true,true,true
cross_modal_disagreement,cross_modal_disagreement,cross_modal_disagreement-s601,601,36.700000,0.943010,39.179952,0.268181,12.093473,2.069949,77.299763,true,true,true
cross_modal_disagreement,cross_modal_disagreement,cross_modal_disagreement-s601,601,36.800000,0.924796,55.769226,0.273210,12.115534,2.114151,87.995986,true,true,true
cross_modal_disagreement,cross_modal_disagreement,cross_modal_disagreement-s601,601,36.900000,0.942637,55.906459,0.253173,12.024367,2.074856,56.053355,true,true,true
cross_modal_disagreement,cross_modal_disagreement,cross_modal_disagreement-s601,601,37.000000,0.949326,56.196342,0.286809,12.022840,2.037745,63.781759,true,true,true
cross_modal_disagreement,cross_modal_disagreement,cross_modal_disagreement-s601,601,37.100000,0.942352,51.948967,0.263981,12.016666,2.088135,64.729719,true,true,true
cross_modal_disagreement,cross_modal_disagreement,cross_modal_disagreement-s601,601,37.200000,0.936390,49.831080,0.259834,12.087198,2.084018,61.803594,true,true,true
cross_modal_disagreement,cross_modal_disagreement,cross_modal_disagreement-s601,601,37.300000,0.941338,53.185836,0.267186,11.993899,2.084842,96.914042,true,true,true
cross_modal_disagreement,cross_modal_disagreement,cross_modal_disagreement-s601,601,37.400000,0.947636,53.356146,0.264335,12.051967,2.111718,69.372548,true,true,true
cross_modal_disagreement,cross_modal_disagreement,cross_modal_disagreement-s601,601,37.500000,0.940894,49.848822,0.282305,12.041406,2.089693,66.981785,true,true,true
cross_modal_disagreement,cross_modal_disagreement,cross_modal_disagreement-s601,601,37.600000,0.930493,43.091980,0.238111,12.073123,2.076161,88.747940,true,true,true
cross_modal_disagreement,cross_modal_disagreement,cross_modal_disagreement-s601,601,37.700000,0.954318,46.526472,0.285197,11.982383,2.093602,60.251883,true,true,true
cross_modal_disagreement,cross_modal_disagreement,cross_modal_disagreement-s601,601,37.800000,0.936520,32.518738,0.267346,12.020585,2.108500,60.710316,true,true,true
cross_modal_disagreement,cross_modal_disagreement,cross_modal_disagreement-s601,601,37.900000,0.942865,43.577211,0.283788,11.912395,2.114487,78.203368,true,true,true
cross_modal_disagreement,cross_modal_disagreement,cross_modal_disagreement-s601,601,38.000000,0.934276,44.018129,0.302650,11.950746,2.099013,52.115706,true,true,true
cross_modal_disagreement,cross_modal_disagreement,cross_modal_disagreement-s601,601,38.100000,0.927697,50.222853,0.249365,11.952764,2.113902,76.541356,true,true,true
cross_modal_disagreement,cross_modal_disagreement,cross_modal_disagreement-s601,601,38.200000,0.940404,62.658816,0.262906,11.923910,2.099207,71.901325,true,true,true
cross_modal_disagreement,cross_modal_disagreement,cross_modal_disagreement-s601,601,38.300000,0.937787,47.932904,0.292254,11.986882,2.104910,63.548477,true,true,true
cross_modal_disagreement,cross_modal_disagreement,cross_modal_disagreement-s601,601,38.400000,0.953414,61.691211,0.260038,11.844372,2.113399,73.328561,true,true,true
cross_modal_disagreement,cross_modal_disagreement,cross_modal_disagreement-s601,601,38.500000,0.945635,46.478755,0.247256,11.859856,2.160294,82.486096,true,true,true
cross_modal_disagreement,cross_modal_disagreement,cross_modal_disagreement-s601,601,38.600000,0.942303,47.880049,0.261519,11.916975,2.106023,94.187333,true,true,true
cross_modal_disagreement,cross_modal_disagreement,cross_modal_disagreement-s601,601,38.700000,0.926877,55.692216,0.256795,11.884856,2.136867,75.794755,true,true,true
cross_modal_disagreement,cross_modal_disagreement,cross_modal_disagreement-s601,601,38.800000,0.940413,48.940993,0.269663,11.880123,2.129116,78.596773,true,true,true
cross_modal_disagreement,cross_modal_disagreement,cross_modal_disagreement-s601,601,38.900000,0.935371,59.694821,0.262227,11.875350,2.107361,74.878669,true,true,true
cross_modal_disagreement,cross_modal_disagreement,cross_modal_disagreement-s601,601,39.000000,0.941435,57.303578,0.264891,11.881234,2.122842,60.472527,true,true,true
cross_modal_disagreement,cross_modal_disagreement,cross_modal_disagreement-s601,601,39.100000,0.966856,55.404824,0.288824,11.875196,2.155450,69.636596,true,true,true
cross_modal_disagreement,cross_modal_disagreement,cross_modal_disagreement-s601,601,39.200000,0.947976,52.908045,0.284884,11.863231,2.128379,73.798093,true,true,true
cross_modal_disagreement,cross_modal_disagreement,cross_modal_disagreement-s601,601,39.300000,0.953627,42.874720,0.269202,11.875111,2.089201,65.530128,true,true,true
cross_modal_disagreement,cross_modal_disagreement,cross_modal_disagreement-s601,601,39.400000,0.948024,42.889185,0.290021,11.845084,2.144129,68.526914,true,true,true
cross_modal_disagreement,cross_modal_disagreement,cross_modal_disagreement-s601,601,39.500000,0.944259,51.243813,0.282150,11.862987,2.173032,103.594152,true,true,true
cross_modal_disagreement,cross_modal_disagreement,cross_modal_disagreement-s601,601,39.600000,0.952190,42.114625,0.277207,11.799274,2.152393,106.915554,true,true,true
cross_modal_disagreement,cross_modal_disagreement,cross_modal_disagreement-s601,601,39.700000,0.954032,68.001250,0.240619,11.829215,2.138825,80.052884,true,true,true
cross_modal_disagreement,cross_modal_disagreement,cross_modal_disagreement-s601,601,39.800000,0.929230,51.667607,0.286607,11.819256,2.145899,85.125328,true,true,true
cross_modal_disagreement,cross_modal_disagreement,cross_modal_disagreement-s601,601,39.900000,0.922379,55.030625,0.272842,11.785124,2.160332,81.007901,true,true,true
cross_modal_disagreement,cross_modal_disagreement,cross_modal_disagreement-s601,601,40.000000,0.941314,50.809393,0.280035,11.861580,2.166605,79.164907,true,true,true
cross_modal_disagreement,cross_modal_disagreement,cross_modal_disagreement-s601,601,40.100000,0.942090,50.422495,0.298672,11.803316,2.167606,87.519937,true,true,true
cross_modal_disagreement,cross_modal_disagreement,cross_modal_disagreement-s601,601,40.200000,0.943254,43.910068,0.281741,11.719030,2.134495,70.761932,true,true,true
cross_modal_disagreement,cross_modal_disagreement,cross_modal_disagreement-s601,601,40.300000,0.939454,50.963380,0.256765,11.809737,2.162651,88.248155,true,true,true
cross_modal_disagreement,cross_modal_disagreement,cross_modal_disagreement-s601,601,40.400000,0.942807,41.185297,0.273282,11.773936,2.142574,84.837540,true,true,true
cross_modal_disagreement,cross_modal_disagreement,cross_modal_disagreement-s601,601,40.500000,0.956208,54.142908,0.254182,11.760341,2.191721,87.368884,true,true,true
cross_modal_disagreement,cross_modal_disagreement,cross_modal_disagreement-s601,601,40.600000,0.920620,54.323216,0.282481,11.822763,2.202040,88.686478,true,true,true
cross_modal_disagreement,cross_modal_disagreement,cross_modal_disagreement-s601,601,40.700000,0.918512,35.971060,0.272964,11.788338,2.182132,101.386814,true,true,true
cross_modal_disagreement,cross_modal_disagreement,cross_modal_disagreement-s601,601,40.800000,0.922765,48.381495,0.235065,11.841531,2.136294,93.654207,true,true,true
cross_modal_disagreement,cross_modal_disagreement,cross_modal_disagreement-s601,601,40.900000,0.942557,43.986511,0.264152,11.797420,2.168438,88.671666,true,true,true
cross_modal_disagreement,cross_modal_disagreement,cross_modal_disagreement-s601,601,41.000000,0.934303,44.285622,0.267433,11.743101,2.194018,63.212108,true,true,true
cross_modal_disagreement,cross_modal_disagreement,cross_modal_disagreement-s601,601,41.100000,0.948097,49.795425,0.252641,11.748753,2.137532,57.723127,true,true,true
cross_modal_disagreement,cross_modal_disagreement,cross_modal_disagreement-s601,601,41.200000,0.942304,46.835223,0.288891,11.726383,2.171298,74.596148,true,true,true
cross_modal_disagreement,cross_modal_disagreement,cross_modal_disagreement-s601,601,41.300000,0.951334,54.753058,0.273266,11.693588,2.168197,87.096203,true,true,true
cross_modal_disagreement,cross_modal_disagreement,cross_modal_disagreement-s601,601,41.400000,0.925536,47.133183,0.251088,11.731338,2.206411,82.314226,true,true,true
cross_modal_disagreement,cross_modal_disagreement,cross_modal_disagreement-s601,601,41.500000,0.946790,41.334378,0.272577,11.768238,2.156988,47.025859,true,true,true
cross_modal_disagreement,cross_modal_disagreement,cross_modal_disagreement-s601,601,41.600000,0.944405,48.597448,0.265177,11.712202,2.161858,54.136562,true,true,true
cross_modal_disagreement,cross_modal_disagreement,cross_modal_disagreement-s601,601,41.700000,0.940840,46.242518,0.257148,11.663438,2.166979,73.108353,true,true,true
cross_modal_disagreement,cross_modal_disagreement,cross_modal_disagreement-s601,601,41.800000,0.945468,44.624943,0.288143,11.699072,2.172058,74.116161,true,true,true
cross_modal_disagreement,cross_modal_disagreement,cross_modal_disagreement-s601,601,41.900000,0.944840,53.209112,0.272682,11.681267,2.168142,65.826023,true,true,true
cross_modal_disagreement,cross_modal_disagreement,cross_modal_disagreement-s601,601,42.000000,0.929105,51.723186,0.268032,11.753162,2.166293,76.588916,true,true,true
cross_modal_disagreement,cross_modal_disagreement,cross_modal_disagreement-s601,601,42.100000,0.950118,40.737347,0.272321,11.718102,2.143793,78.664186,true,true,true
cross_modal_disagreement,cross_modal_disagreement,cross_modal_disagreement-s601,601,42.200000,0.947698,49.476673,0.266824,11.674192,2.204221,82.533864,true,true,true
cross_modal_disagreement,cross_modal_disagreement,cross_modal_disagreement-s601,601,42.300000,0.922956,52.180982,0.263681,11.699506,2.131418,97.877760,true,true,true
cross_modal_disagreement,cross_modal_disagreement,cross_modal_disagreement-s601,601,42.400000,0.910562,44.173326,0.257310,11.674377,2.176640,104.723735,true,true,true
cross_modal_disagreement,cross_modal_disagreement,cross_modal_disagreement-s601,601,42.500000,0.952870,46.165752,0.275319,11.701390,2.179995,87.953522,true,true,true
cross_modal_disagreement,cross_modal_disagreement,cross_modal_disagreement-s601,601,42.600000,0.943058,52.711355,0.265055,11.634122,2.194822,77.709280,true,true,true
cross_modal_disagreement,cross_modal_disagreement,cross_modal_disagreement-s601,601,42.700000,0.939809,46.952441,0.257108,11.711501,2.187231,80.014136,true,true,true
cross_modal_disagreement,cross_modal_disagreement,cross_modal_disagreement-s601,601,42.800000,0.919219,47.086681,0.271115,11.669129,2.168767,68.839240,true,true,true
cross_modal_disagreement,cross_modal_disagreement,cross_modal_disagreement-s601,601,42.900000,0.945515,51.717806,0.269183,11.626300,2.169514,57.757031,true,true,true
cross_modal_disagreement,cross_modal_disagreement,cross_modal_disagreement-s601,601,43.000000,0.935525,50.634643,0.252134,11.609914,2.163333,89.631634,true,true,true
cross_modal_disagreement,cross_modal_disagreement,cross_modal_disagreement-s601,601,43.100000,0.933486,38.652334,0.272437,11.616298,2.217339,64.946469,true,true,true
cross_modal_disagreement,cross_modal_disagreement,cross_modal_disagreement-s601,601,43.200000,0.939661,49.084256,0.252016,11.691018,2.201695,88.483503,true,true,true
cross_modal_disagreement,cross_modal_disagreement,cross_modal_disagreement-s601,601,43.300000,0.920560,44.148910,0.277344,11.680116,2.170738,60.163437,true,true,true
cross_modal_disagreement,cross_modal_disagreement,cross_modal_disagreement-s601,601,43.400000,0.938573,53.148136,0.287442,11.660946,2.178919,94.231665,true,true,true
cross_modal_disagreement,cross_modal_disagreement,cross_modal_disagreement-s601,601,43.500000,0.957590,42.391617,0.267011,11.684141,2.207260,77.315434,true,true,true
cross_modal_disagreement,cross_modal_disagreement,cross_modal_disagreement-s601,601,43.600000,0.938904,44.193684,0.260998,11.735694,2.186995,104.907134,true,true,true
cross_modal_disagreement,cross_modal_disagreement,cross_modal_disagreement-s601,601,43.700000,0.932612,49.763888,0.284403,11.690650,2.165892,102.585051,true,true,true
cross_modal_disagreement,cross_modal_disagreement,cross_modal_disagreement-s601,601,43.800000,0.929771,56.039640,0.286994,11.583465,2.152821,69.549746,true,true,true
cross_modal_disagreement,cross_modal_disagreement,cross_modal_disagreement-s601,601,43.900000,0.965075,46.162072,0.270226,11.668947,2.185068,85.231710,true,true,true
cross_modal_disagreement,cross_modal_disagreement,cross_modal_disagreement-s601,601,44.000000,0.942876,43.754796,0.263365,11.717452,2.209544,71.302783,true,true,true
cross_modal_disagreement,cross_modal_disagreement,cross_modal_disagreement-s601,601,44.100000,0.934998,41.162532,0.274462,11.680319,2.168050,78.409886,true,true,true
cross_modal_disagreement,cross_modal_disagreement,cross_modal_disagreement-s601,601,44.200000,0.948651,47.473709,0.240642,11.647043,2.203941,81.404969,true,true,true
cross_modal_disagreement,cross_modal_disagreement,cross_modal_disagreement-s601,601,44.300000,0.935186,41.107783,0.281276,11.598821,2.199234,81.914338,true,true,true
cross_modal_disagreement,cross_modal_disagreement,cross_modal_disagreement-s601,601,44.400000,0.923835,42.289431,0.272995,11.708748,2.124657,77.846232,true,true,true
cross_modal_disagreement,cross_modal_disagreement,cross_modal_disagreement-s601,601,44.500000,0.946606,54.774062,0.275827,11.690650,2.161379,79.363476,true,true,true
cross_modal_disagreement,cross_modal_disagreement,cross_modal_disagreement-s601,601,44.600000,0.928199,50.465878,0.285987,11.655727,2.177743,77.873029,true,true,true
cross_modal_disagreement,cross_modal_disagreement,cross_modal_disagreement-s601,601,44.700000,0.934488,51.407715,0.298946,11.675399,2.133919,78.298063,true,true,true
cross_modal_disagreement,cross_modal_disagreement,cross_modal_disagreement-s601,601,44.800000,0.942141,61.571492,0.253876,11.639157,2.141602,94.335189,true,true,true
cross_modal_disagreement,cross_modal_disagreement,cross_modal_disagreement-s601,601,44.900000,0.929921,47.245724,0.267241,11.674458,2.181369,61.317109,true,true,true
cross_modal_disagreement,cross_modal_disagreement,cross_modal_disagreement-s601,601,45.000000,0.934715,61.914427,0.271619,11.663083,2.159829,89.890663,true,true,true
cross_modal_disagreement,cross_modal_disagreement,cross_modal_disagreement-s601,601,45.100000,0.942579,46.431215,0.255113,11.706164,2.167547,94.732496,true,true,true
cross_modal_disagreement,cross_modal_disagreement,cross_modal_disagreement-s601,601,45.200000,0.953154,43.179934,0.278819,11.657792,2.162471,56.340693,true,true,true
cross_modal_disagreement,cross_modal_disagreement,cross_modal_disagreement-s601,601,45.300000,0.932586,55.269867,0.278365,11.642635,2.124614,85.306003,true,true,true
cross_modal_disagreement,cross_modal_disagreement,cross_modal_disagreement-s601,601,45.400000,0.945330,53.452569,0.246533,11.677504,2.138315,73.076490,true,true,true
cross_modal_disagreement,cross_modal_disagreement,cross_modal_disagreement-s601,601,45.500000,0.928960,47.234001,0.287456,11.670890,2.144073,71.125718,true,true,true
cross_modal_disagreement,cross_modal_disagreement,cross_modal_disagreement-s601,601,45.600000,0.937652,38.194784,0.278305,11.707454,2.124782,85.771581,true,true,true
cross_modal_disagreement,cross_modal_disagreement,cross_modal_disagreement-s601,601,45.700000,0.922091,41.464608,0.266222,11.700233,2.134541,87.408298,true,true,true
cross_modal_disagreement,cross_modal_disagreement,cross_modal_disagreement-s601,601,45.800000,0.926948,45.627107,0.285960,11.682185,2.120454,65.990546,true,true,true
cross_modal_disagreement,cross_modal_disagreement,cross_modal_disagreement-s601,601,45.900000,0.938864,49.293135,0.257303,11.658046,2.166634,61.960518,true,true,true
cross_modal_disagreement,cross_modal_disagreement,cross_modal_disagreement-s601,601,46.000000,0.944697,51.994522,0.267025,11.622398,2.089392,51.790599,true,true,true
cross_modal_disagreement,cross_modal_disagreement,cross_modal_disagreement-s601,601,46.100000,0.933846,50.149445,0.262937,11.756507,2.101728,95.569463,true,true,true
cross_modal_disagreement,cross_modal_disagreement,cross_modal_disagreement-s601,601,46.200000,0.944477,51.400529,0.262945,11.723973,2.112529,72.428102,true,true,true
cross_modal_disagreement,cross_modal_disagreement,cross_modal_disagreement-s601,601,46.300000,0.931353,49.809845,0.282906,11.613099,2.027517,108.532747,true,true,true
cross_modal_disagreement,cross_modal_disagreement,cross_modal_disagreement-s601,601,46.400000,0.925831,46.298574,0.257412,11.790749,2.111759,96.771128,true,true,true
cross_modal_disagreement,cross_modal_disagreement,cross_modal_disagreement-s601,601,46.500000,0.949197,50.985823,0.283193,11.690638,2.115303,80.789839,true,true,true
cross_modal_disagreement,cross_modal_disagreement,cross_modal_disagreement-s601,601,46.600000,0.953687,46.707440,0.267326,11.702371,2.114400,69.450920,true,true,true
cross_modal_disagreement,cross_modal_disagreement,cross_modal_disagreement-s601,601,46.700000,0.928649,52.881080,0.245988,11.736770,2.075417,65.845450,true,true,true
cross_modal_disagreement,cross_modal_disagreement,cross_modal_disagreement-s601,601,46.800000,0.969403,58.351779,0.274989,11.755018,2.172115,83.489066,true,true,true
cross_modal_disagreement,cross_modal_disagreement,cross_modal_disagreement-s601,601,46.900000,0.959100,51.223217,0.246905,11.724548,2.119992,79.083337,true,true,true
cross_modal_disagreement,cross_modal_disagreement,cross_modal_disagreement-s601,601,47.000000,0.942611,46.565912,0.238373,11.791373,2.078549,86.413988,true,true,true
cross_modal_disagreement,cross_modal_disagreement,cross_modal_disagreement-s601,601,47.100000,0.934073,55.841615,0.248944,11.703510,2.076875,93.487645,true,true,true
cross_modal_disagreement,cross_modal_disagreement,cross_modal_disagreement-s601,601,47.200000,0.937780,50.684033,0.268462,11.713607,2.081284,96.438444,true,true,true
cross_modal_disagreement,cross_modal_disagreement,cross_modal_disagreement-s601,601,47.300000,0.942698,37.318622,0.295715,11.789051,2.103374,95.187975,true,true,true
cross_modal_disagreement,cross_modal_disagreement,cross_modal_disagreement-s601,601,47.400000,0.932804,48.372309,0.272453,11.715689,2.084332,73.491135,true,true,true
cross_modal_disagreement,cross_modal_disagreement,cross_modal_disagreement-s601,601,47.500000,0.933705,61.444319,0.262431,11.812776,2.123172,67.326708,true,true,true
cross_modal_disagreement,cross_modal_disagreement,cross_modal_disagreement-s601,601,47.600000,0.941756,54.967886,0.275325,11.797302,2.104717,73.930182,true,true,true
cross_modal_disagreement,cross_modal_disagreement,cross_modal_disagreement-s601,601,47.700000,0.932036,60.345441,0.298975,11.751559,2.091993,73.307958,true,true,true
cross_modal_disagreement,cross_modal_disagreement,cross_modal_disagreement-s601,601,47.800000,0.960042,43.522280,0.265903,11.812985,2.071392,77.793922,true,true,true
cross_modal_disagreement,cross_modal_disagreement,cross_modal_disagreement-s601,601,47.900000,0.929651,57.890759,0.269274,11.806792,2.069850,95.135175,true,true,true
cross_modal_disagreement,cross_modal_disagreement,cross_modal_disagreement-s601,601,48.000000,0.927096,51.909327,0.290237,11.864078,2.073862,89.735176,true,true,true
cross_modal_disagreement,cross_modal_disagreement,cross_modal_disagreement-s601,601,48.100000,0.945240,44.360621,0.261334,11.804387,2.072607,83.421414,true,true,true
cross_modal_disagreement,cross_modal_disagreement,cross_modal_disagreement-s601,601,48.200000,0.931139,42.907531,0.292842,11.903693,2.106006,65.956033,true,true,true
cross_modal_disagreement,cross_modal_disagreement,cross_modal_disagreement-s601,601,48.300000,0.948398,44.998960,0.245592,11.829582,2.022979,92.160230,true,true,true
cross_modal_disagreement,cross_modal_disagreement,cross_modal_disagreement-s601,601,48.400000,0.944534,51.973292,0.286196,11.758179,2.060033,66.796709,true,true,true
cross_modal_disagreement,cross_modal_disagreement,cross_modal_disagreement-s601,601,48.500000,0.944932,50.308322,0.291243,11.834326,2.074882,63.977997,true,true,true
cross_modal_disagreement,cross_modal_disagreement,cross_modal_disagreement-s601,601,48.600000,0.948613,40.243266,0.268673,11.846137,2.041113,77.211359,true,true,true
cross_modal_disagreement,cross_modal_disagreement,cross_modal_disagreement-s601,601,48.700000,0.954992,42.413535,0.258297,11.868630,2.087764,86.980849,true,true,true
cross_modal_disagreement,cross_modal_disagreement,cross_modal_disagreement-s601,601,48.800000,0.946692,39.949614,0.279206,11.888609,2.067571,76.617294,true,true,true
cross_modal_disagreement,cross_modal_disagreement,cross_modal_disagreement-s601,601,48.900000,0.929018,38.703603,0.280030,11.827043,2.067996,49.282660,true,true,true
cross_modal_disagreement,cross_modal_disagreement,cross_modal_disagreement-s601,601,49.000000,0.950060,33.383651,0.272307,11.932396,2.050191,87.533977,true,true,true
cross_modal_disagreement,cross_modal_disagreement,cross_modal_disagreement-s601,601,49.100000,0.960464,57.098684,0.242141,11.936172,2.059072,54.108542,true,true,true
cross_modal_disagreement,cross_modal_disagreement,cross_modal_disagreement-s601,601,49.200000,0.922725,58.075426,0.285631,11.828655,2.061955,85.595852,true,true,true
cross_modal_disagreement,cross_modal_disagreement,cross_modal_disagreement-s601,601,49.300000,0.931833,45.292615,0.262238,11.909711,2.076182,59.455063,true,true,true
cross_modal_disagreement,cross_modal_disagreement,cross_modal_disagreement-s601,601,49.400000,0.927828,48.835672,0.300610,11.870222,2.058672,82.198137,true,true,true
cross_modal_disagreement,cross_modal_disagreement,cross_modal_disagreement-s601,601,49.500000,0.940588,53.352968,0.282888,11.943561,2.051154,72.690670,true,true,true
cross_modal_disagreement,cross_modal_disagreement,cross_modal_disagreement-s601,601,49.600000,0.948720,50.066643,0.276591,11.941135,2.050711,70.420417,true,true,true
cross_modal_disagreement,cross_modal_disagreement,cross_modal_disagreement-s601,601,49.700000,0.939494,63.807728,0.246345,11.863947,2.080939,61.423352,true,true,true
cross_modal_disagreement,cross_modal_disagreement,cross_modal_disagreement-s601,601,49.800000,0.912581,51.568739,0.293571,11.989594,2.032714,76.734599,true,true,true
cross_modal_disagreement,cross_modal_disagreement,cross_modal_disagreement-s601,601,49.900000,0.931545,43.678852,0.250482,11.912397,2.010054,83.341019,true,true,true
cross_modal_disagreement,cross_modal_disagreement,cross_modal_disagreement-s601,601,50.000000,0.971814,46.508255,0.250045,11.984998,2.028010,61.827065,true,true,true
cross_modal_disagreement,cross_modal_disagreement,cross_modal_disagreement-s601,601,50.100000,0.949631,52.556594,0.289032,12.019148,2.017576,91.904566,true,true,true
cross_modal_disagreement,cross_modal_disagreement,cross_modal_disagreement-s601,601,50.200000,0.937314,50.743262,0.279175,12.030067,2.079977,82.500566,true,true,true
cross_modal_disagreement,cross_modal_disagreement,cross_modal_disagreement-s601,601,50.300000,0.919554,54.028548,0.278372,12.088436,2.008323,83.612042,true,true,true
cross_modal_disagreement,cross_modal_disagreement,cross_modal_disagreement-s601,601,50.400000,0.933241,42.555476,0.261349,11.982774,2.009102,93.597462,true,true,true
cross_modal_disagreement,cross_modal_disagreement,cross_modal_disagreement-s601,601,50.500000,0.937859,44.408471,0.263626,12.060510,2.036859,84.447065,true,true,true
cross_modal_disagreement,cross_modal_disagreement,cross_modal_disagreement-s601,601,50.600000,0.938665,56.768483,0.277806,12.016188,2.019871,74.923406,true,true,true
cross_modal_disagreement,cross_modal_disagreement,cross_modal_disagreement-s601,601,50.700000,0.919576,48.428842,0.256208,12.012819,2.016523,101.309800,true,true,true
cross_modal_disagreement,cross_modal_disagreement,cross_modal_disagreement-s601,601,50.800000,0.929639,59.606491,0.257425,12.109308,2.003770,49.894262,true,true,true
cross_modal_disagreement,cross_modal_disagreement,cross_modal_disagreement-s601,601,50.900000,0.936212,43.163119,0.248935,12.033998,2.025325,74.341748,true,true,true
cross_modal_disagreement,cross_modal_disagreement,cross_modal_disagreement-s601,601,51.000000,0.942611,43.533175,0.259347,12.097444,2.030149,82.259441,true,true,true
cross_modal_disagreement,cross_modal_disagreement,cross_modal_disagreement-s601,601,51.100000,0.929736,45.227296,0.298933,12.063454,2.023508,53.631586,true,true,true
cross_modal_disagreement,cross_modal_disagreement,cross_modal_disagreement-s601,601,51.200000,0.933776,50.403850,0.263171,12.035876,2.070114,79.451683,true,true,true
cross_modal_disagreement,cross_modal_disagreement,cross_modal_disagreement-s601,601,51.300000,0.940287,39.138107,0.272464,12.137959,2.032037,68.012381,true,true,true
cross_modal_disagreement,cross_modal_disagreement,cross_modal_disagreement-s601,601,51.400000,0.919779,50.858574,0.282492,12.085489,1.999562,69.899712,true,true,true
cross_modal_disagreement,cross_modal_disagreement,cross_modal_disagreement-s601,601,51.500000,0.938651,52.280929,0.296055,12.111572,1.987568,82.781352,true,true,true
cross_modal_disagreement,cross_modal_disagreement,cross_modal_disagreement-s601,601,51.600000,0.927458,52.631268,0.273136,12.053292,2.010630,65.795015,true,true,true
cross_modal_disagreement,cross_modal_disagreement,cross_modal_disagreement-s601,601,51.700000,0.955540,57.594286,0.271894,12.112513,2.051709,95.515904,true,true,true
cross_modal_disagreement,cross_modal_disagreement,cross_modal_disagreement-s601,601,51.800000,0.938282,48.563905,0.276336,12.143126,2.038590,70.858871,true,true,true
cross_modal_disagreement,cross_modal_disagreement,cross_modal_disagreement-s601,601,51.900000,0.949848,44.972327,0.261287,12.132503,1.969705,59.350473,true,true,true
cross_modal_disagreement,cross_modal_disagreement,cross_modal_disagreement-s601,601,52.000000,0.920100,48.615312,0.274566,12.100853,1.989523,75.846582,true,true,true
cross_modal_disagreement,cross_modal_disagreement,cross_modal_disagreement-s601,601,52.100000,0.955766,46.171989,0.264007,12.133350,1.986958,61.020145,true,true,true
cross_modal_disagreement,cross_modal_disagreement,cross_modal_disagreement-s601,601,52.200000,0.934709,54.701589,0.251676,12.117560,2.070092,93.279105,true,true,true
cross_modal_disagreement,cross_modal_disagreement,cross_modal_disagreement-s601,601,52.300000,0.906785,53.076827,0.297664,12.144646,2.070478,87.019641,true,true,true
cross_modal_disagreement,cross_modal_disagreement,cross_modal_disagreement-s601,601,52.400000,0.940843,36.975824,0.238497,12.197849,2.070034,94.680781,true,true,true
cross_modal_disagreement,cross_modal_disagreement,cross_modal_disagreement-s601,601,52.500000,0.940115,57.873341,0.266537,12.136321,2.038628,41.425286,true,true,true
cross_modal_disagreement,cross_modal_disagreement,cross_modal_disagreement-s601,601,52.600000,0.926912,43.598394,0.282306,12.163947,2.041727,87.997944,true,true,true
cross_modal_disagreement,cross_modal_disagreement,cross_modal_disagreement-s601,601,52.700000,0.934582,52.173267,0.269785,12.201362,1.992940,76.671562,true,true,true
cross_modal_disagreement,cross_modal_disagreement,cross_modal_disagreement-s601,601,52.800000,0.931471,38.982765,0.279352,12.189249,2.036947,100.165102,true,true,true
cross_modal_disagreement,cross_modal_disagreement,cross_modal_disagreement-s601,601,52.900000,0.955333,40.033408,0.287767,12.253486,2.023015,81.542316,true,true,true
cross_modal_disagreement,cross_modal_disagreement,cross_modal_disagreement-s601,601,53.000000,0.938223,58.576036,0.282396,12.229150,2.028302,80.909554,true,true,true
cross_modal_disagreement,cross_modal_disagreement,cross_modal_disagreement-s601,601,53.100000,0.945484,39.053848,0.272171,12.214339,1.985033,78.223433,true,true,true
cross_modal_disagreement,cross_modal_disagreement,cross_modal_disagreement-s601,601,53.200000,0.933702,57.876253,0.276240,12.142559,2.023153,65.623226,true,true,true
cross_modal_disagreement,cross_modal_disagreement,cross_modal_disagreement-s601,601,53.300000,0.944582,52.495586,0.273786,12.213716,2.030229,67.321638,true,true,true
cross_modal_disagreement,cross_modal_disagreement,cross_modal_disagreement-s601,601,53.400000,0.937513,46.360396,0.278154,12.225331,2.009123,77.931598,true,true,true
cross_modal_disagreement,cross_modal_disagreement,cross_modal_disagreement-s601,601,53.500000,0.943664,41.757005,0.263074,12.188837,2.023691,88.844090,true,true,true
cross_modal_disagreement,cross_modal_disagreement,cross_modal_disagreement-s601,601,53.600000,0.930395,42.537057,0.320792,12.313237,2.085270,95.586898,true,true,true
cross_modal_disagreement,cross_modal_disagreement,cross_modal_disagreement-s601,601,53.700000,0.945293,44.635018,0.277018,12.234834,2.066334,87.158963,true,true,true
cross_modal_disagreement,cross_modal_disagreement,cross_modal_disagreement-s601,601,53.800000,0.934477,55.191728,0.267368,12.287716,2.043646,80.195892,true,true,true
cross_modal_disagreement,cross_modal_disagreement,cross_modal_disagreement-s601,601,53.900000,0.925446,45.932244,0.265665,12.210468,2.047140,65.759706,true,true,true
cross_modal_disagreement,cross_modal_disagreement,cross_modal_disagreement-s601,601,54.000000,0.935453,46.384002,0.256952,12.263820,2.027108,96.307016,true,true,true
cross_modal_disagreement,cross_modal_disagreement,cross_modal_disagreement-s601,601,54.100000,0.945165,44.263286,0.245631,12.273093,2.059084,68.071817,true,true,true
cross_modal_disagreement,cross_modal_disagreement,cross_modal_disagreement-s601,601,54.200000,0.936648,50.452302,0.268874,12.164878,2.040464,89.127387,true,true,true
cross_modal_disagreement,cross_modal_disagreement,cross_modal_disagreement-s601,601,54.300000,0.925968,61.568590,0.255530,12.383836,2.056702,84.304970,true,true,true
cross_modal_disagreement,cross_modal_disagreement,cross_modal_disagreement-s601,601,54.400000,0.947849,43.370056,0.263781,12.281027,2.054035,46.262348,true,true,true
cross_modal_disagreement,cross_modal_disagreement,cross_modal_disagreement-s601,601,54.500000,0.935158,33.716048,0.263366,12.319006,2.060999,84.049344,true,true,true
cross_modal_disagreement,cross_modal_disagreement,cross_modal_disagreement-s601,601,54.600000,0.945049,51.851466,0.263603,12.279943,2.041579,39.541567,true,true,true
cross_modal_disagreement,cross_modal_disagreement,cross_modal_disagreement-s601,601,54.700000,0.932988,41.738750,0.285775,12.291534,2.049069,77.705243,true,true,true
cross_modal_disagreement,cross_modal_disagreement,cross_modal_disagreement-s601,601,54.800000,0.919370,45.102664,0.271755,12.358033,2.080412,72.675624,true,true,true
cross_modal_disagreement,cross_modal_disagreement,cross_modal_disagreement-s601,601,54.900000,0.944274,46.707041,0.265872,12.344301,2.039822,61.049913,true,true,true
cross_modal_disagreement,cross_modal_disagreement,cross_modal_disagreement-s601,601,55.000000,0.952479,34.449449,0.254007,12.382426,2.058104,85.456178,true,true,true
cross_modal_disagreement,cross_modal_disagreement,cross_modal_disagreement-s601,601,55.100000,0.929576,47.111099,0.243128,12.290044,2.086694,68.353488,true,true,true
cross_modal_disagreement,cross_modal_disagreement,cross_modal_disagreement-s601,601,55.200000,0.935158,39.888308,0.256389,12.320848,2.088118,64.028859,true,true,true
cross_modal_disagreement,cross_modal_disagreement,cross_modal_disagreement-s601,601,55.300000,0.950181,56.143592,0.280880,12.367398,2.088227,70.712273,true,true,true
cross_modal_disagreement,cross_modal_disagreement,cross_modal_disagreement-s601,601,55.400000,0.947908,51.412538,0.291845,12.311773,2.082716,86.754249,true,true,true
cross_modal_disagreement,cross_modal_disagreement,cross_modal_disagreement-s601,601,55.500000,0.951470,49.052580,0.290506,12.364413,2.055455,71.096153,true,true,true
cross_modal_disagreement,cross_modal_disagreement,cross_modal_disagreement-s601,601,55.600000,0.952734,35.550694,0.302134,12.350625,2.086621,74.057187,true,true,true
cross_modal_disagreement,cross_modal_disagreement,cross_modal_disagreement-s601,601,55.700000,0.961689,52.941903,0.258755,12.406178,2.098898,76.510621,true,true,true
cross_modal_disagreement,cross_modal_disagreement,cross_modal_disagreement-s601,601,55.800000,0.950219,43.810734,0.271784,12.357577,2.109940,111.311382,true,true,true
cross_modal_disagreement,cross_modal_disagreement,cross_modal_disagreement-s601,601,55.900000,0.951797,51.649107,0.294309,12.392457,2.135642,65.718350,true,true,true
cross_modal_disagreement,cross_modal_disagreement,cross_modal_disagreement-s601,601,56.000000,0.928462,49.843102,0.269051,12.320342,2.090400,108.693619,true,true,true
cross_modal_disagreement,cross_modal_disagreement,cross_modal_disagreement-s601,601,56.100000,0.955916,37.530615,0.275247,12.303051,2.048307,79.705589,true,true,true
cross_modal_disagreement,cross_modal_disagreement,cross_modal_disagreement-s601,601,56.200000,0.932168,40.896949,0.274763,12.406775,2.077670,79.828160,true,true,true
cross_modal_disagreement,cross_modal_disagreement,cross_modal_disagreement-s601,601,56.300000,0.969004,60.158439,0.272120,12.396682,2.081327,50.210564,true,true,true
cross_modal_disagreement,cross_modal_disagreement,cross_modal_disagreement-s601,601,56.400000,0.937325,54.987290,0.271931,12.324999,2.111720,92.929718,true,true,true
cross_modal_disagreement,cross_modal_disagreement,cross_modal_disagreement-s601,601,56.500000,0.949044,50.859221,0.265501,12.309500,2.107274,69.156191,true,true,true
cross_modal_disagreement,cross_modal_disagreement,cross_modal_disagreement-s601,601,56.600000,0.952028,48.153788,0.295605,12.346459,2.076889,74.559534,true,true,true
cross_modal_disagreement,cross_modal_disagreement,cross_modal_disagreement-s601,601,56.700000,0.950280,38.977501,0.295279,12.338350,2.161904,62.505292,true,true,true
cross_modal_disagreement,cross_modal_disagreement,cross_modal_disagreement-s601,601,56.800000,0.912487,40.676462,0.270992,12.407849,2.119965,69.716169,true,true,true
cross_modal_disagreement,cross_modal_disagreement,cross_modal_disagreement-s601,601,56.900000,0.944841,48.025900,0.257307,12.374056,2.101644,89.709067,true,true,true
cross_modal_disagreement,cross_modal_disagreement,cross_modal_disagreement-s601,601,57.000000,0.932996,53.303477,0.257526,12.294686,2.092904,112.763784,true,true,true
cross_modal_disagreement,cross_modal_disagreement,cross_modal_disagreement-s601,601,57.100000,0.940789,36.801268,0.275074,12.312409,2.119359,72.439757,true,true,true
cross_modal_disagreement,cross_modal_disagreement,cross_modal_disagreement-s601,601,57.200000,0.940226,45.428128,0.262808,12.416003,2.138014,98.415951,true,true,true
cross_modal_disagreement,cross_modal_disagreement,cross_modal_disagreement-s601,601,57.300000,0.958805,37.209471,0.256443,12.333016,2.104371,100.010350,true,true,true
cross_modal_disagreement,cross_modal_disagreement,cross_modal_disagreement-s601,601,57.400000,0.952388,51.633548,0.275598,12.307052,2.114755,61.446408,true,true,true
cross_modal_disagreement,cross_modal_disagreement,cross_modal_disagreement-s601,601,57.500000,0.943165,32.777925,0.270886,12.340795,2.133697,71.676491,true,true,true
cross_modal_disagreement,cross_modal_disagreement,cross_modal_disagreement-s601,601,57.600000,0.946155,48.991840,0.249044,12.291552,2.172485,88.075720,true,true,true
cross_modal_disagreement,cross_modal_disagreement,cross_modal_disagreement-s601,601,57.700000,0.936693,48.339554,0.254468,12.320936,2.114934,78.686933,true,true,true
cross_modal_disagreement,cross_modal_disagreement,cross_modal_disagreement-s601,601,57.800000,0.938768,44.049890,0.269649,12.405377,2.110223,74.822482,true,true,true
cross_modal_disagreement,cross_modal_disagreement,cross_modal_disagreement-s601,601,57.900000,0.956087,40.965668,0.275432,12.374722,2.113615,57.408838,true,true,true
cross_modal_disagreement,cross_modal_disagreement,cross_modal_disagreement-s601,601,58.000000,0.940272,43.383983,0.287207,12.356790,2.125942,90.802206,true,true,true
cross_modal_disagreement,cross_modal_disagreement,cross_modal_disagreement-s601,601,58.100000,0.960103,42.356438,0.241823,12.209807,2.168260,67.585609,true,true,true
cross_modal_disagreement,cross_modal_disagreement,cross_modal_disagreement-s601,601,58.200000,0.923014,42.313514,0.293644,12.353196,2.143606,67.339210,true,true,true
cross_modal_disagreement,cross_modal_disagreement,cross_modal_disagreement-s601,601,58.300000,0.942118,53.687856,0.259298,12.332101,2.119611,79.011501,true,true,true
cross_modal_disagreement,cross_modal_disagreement,cross_modal_disagreement-s601,601,58.400000,0.945799,59.155777,0.266610,12.319717,2.107977,69.590607,true,true,true
cross_modal_disagreement,cross_modal_disagreement,cross_modal_disagreement-s601,601,58.500000,0.933417,50.721968,0.257593,12.277074,2.172499,66.597620,true,true,true
cross_modal_disagreement,cross_modal_disagreement,cross_modal_disagreement-s601,601,58.600000,0.922937,45.504914,0.255969,12.343714,2.144745,87.447486,true,true,true
cross_modal_disagreement,cross_modal_disagreement,cross_modal_disagreement-s601,601,58.700000,0.921865,44.288699,0.273942,12.302373,2.183142,67.797762,true,true,true
cross_modal_disagreement,cross_modal_disagreement,cross_modal_disagreement-s601,601,58.800000,0.947035,37.687390,0.300917,12.326906,2.153448,84.891945,true,true,true
cross_modal_disagreement,cross_modal_disagreement,cross_modal_disagreement-s601,601,58.900000,0.925088,52.337584,0.276623,12.262115,2.160766,75.199900,true,true,true
cross_modal_disagreement,cross_modal_disagreement,cross_modal_disagreement-s601,601,59.000000,0.954348,60.852106,0.256787,12.249720,2.161266,104.780361,true,true,true
cross_modal_disagreement,cross_modal_disagreement,cross_modal_disagreement-s601,601,59.100000,0.942864,46.830673,0.261040,12.329198,2.133531,75.289688,true,true,true
cross_modal_disagreement,cross_modal_disagreement,cross_modal_disagreement-s601,601,59.200000,0.920347,48.970196,0.259906,12.308879,2.147788,61.065500,true,true,true
cross_modal_disagreement,cross_modal_disagreement,cross_modal_disagreement-s601,601,59.300000,0.936849,35.249616,0.286312,12.202674,2.135092,70.623544,true,true,true
cross_modal_disagreement,cross_modal_disagreement,cross_modal_disagreement-s601,601,59.400000,0.955608,47.904472,0.261167,12.244514,2.167853,59.026944,true,true,true
cross_modal_disagreement,cross_modal_disagreement,cross_modal_disagreement-s601,601,59.500000,0.942356,57.577997,0.260595,12.261227,2.163118,90.518580,true,true,true
cross_modal_disagreement,cross_modal_disagreement,cross_modal_disagreement-s601,601,59.600000,0.953050,42.870828,0.301162,12.248726,2.196062,52.437216,true,true,true
cross_modal_disagreement,cross_modal_disagreement,cross_modal_disagreement-s601,601,59.700000,0.966057,61.640278,0.254987,12.249817,2.230596,90.406288,true,true,true
cross_modal_disagreement,cross_modal_disagreement,cross_modal_disagreement-s601,601,59.800000,0.960337,55.583854,0.261917,12.283778,2.193277,82.139406,true,true,true
cross_modal_disagreement,cross_modal_disagreement,cross_modal_disagreement-s601,601,59.900000,0.920689,38.208630,0.249392,12.166576,2.143330,84.610532,true,true,true
