scenario_id,fault,run_id,seed,timestamp_s,localization_confidence,lidar_age_ms,cross_modal_consistency,obstacle_distance_m,speed_mps,comm_age_ms,fallback_available,fault_active,scenario_oracle_positive
cross_modal_disagreement,cross_modal_disagreement,cross_modal_disagreement-s211,211,0.000000,0.921898,43.438704,0.956979,12.010905,2.075481,62.988332,true,false,false
cross_modal_disagreement,cross_modal_disagreement,cross_modal_disagreement-s211,211,0.100000,0.946203,42.702652,0.928242,11.951422,2.129123,94.207909,true,false,false
cross_modal_disagreement,cross_modal_disagreement,cross_modal_disagreement-s211,211,0.200000,0.921747,40.638527,0.932903,11.966164,2.060857,57.642516,true,false,false
cross_modal_disagreement,cross_modal_disagreement,cross_modal_disagreement-s211,211,0.300000,0.943141,51.778957,0.904689,11.976909,2.146698,73.049479,true,false,false
cross_modal_disagreement,cross_modal_disagreement,cross_modal_disagreement-s211,211,0.400000,0.914941,44.288698,0.929273,12.056442,2.149830,75.057851,true,false,false
cross_modal_disagreement,cross_modal_disagreement,cross_modal_disagreement-s211,211,0.500000,0.930477,41.545827,0.936313,12.058886,2.117572,88.342252,true,false,false
cross_modal_disagreement,cross_modal_disagreement,cross_modal_disagreement-s211,211,0.600000,0.934449,48.550043,0.924149,12.032197,2.145695,78.272903,true,false,false
cross_modal_disagreement,cross_modal_disagreement,cross_modal_disagreement-s211,211,0.700000,0.939079,52.898095,0.916012,12.004621,2.157308,47.903367,true,false,false
cross_modal_disagreement,cross_modal_disagreement,cross_modal_disagreement-s211,211,0.800000,0.937730,56.571553,0.912756,12.094982,2.118155,90.938072,true,false,false
cross_modal_disagreement,cross_modal_disagreement,cross_modal_disagreement-s211,211,0.900000,0.921960,49.747306,0.956929,12.066112,2.140569,82.387985,true,false,false
cross_modal_disagreement,cross_modal_disagreement,cross_modal_disagreement-s211,211,1.000000,0.964412,40.669732,0.907557,12.080051,2.132007,79.487904,true,false,false
cross_modal_disagreement,cross_modal_disagreement,cross_modal_disagreement-s211,211,1.100000,0.959434,43.933113,0.896948,12.071208,2.111210,91.584033,true,false,false
cross_modal_disagreement,cross_modal_disagreement,cross_modal_disagreement-s211,211,1.200000,0.944076,58.926289,0.901734,12.068781,2.136313,80.853632,true,false,false
cross_modal_disagreement,cross_modal_disagreement,cross_modal_disagreement-s211,211,1.300000,0.960445,48.434737,0.943193,12.085267,2.131563,63.967626,true,false,false
cross_modal_disagreement,cross_modal_disagreement,cross_modal_disagreement-s211,211,1.400000,0.931687,48.569041,0.922927,12.113147,2.148937,49.794059,true,false,false
cross_modal_disagreement,cross_modal_disagreement,cross_modal_disagreement-s211,211,1.500000,0.944972,57.494212,0.887699,12.156328,2.151116,94.144943,true,false,false
cross_modal_disagreement,cross_modal_disagreement,cross_modal_disagreement-s211,211,1.600000,0.929192,47.225965,0.910707,12.159869,2.107407,71.568874,true,false,false
cross_modal_disagreement,cross_modal_disagreement,cross_modal_disagreement-s211,211,1.700000,0.937124,46.053841,0.943789,12.118886,2.101170,97.329852,true,false,false
cross_modal_disagreement,cross_modal_disagreement,cross_modal_disagreement-s211,211,1.800000,0.945558,47.047755,0.909816,12.156941,2.147081,58.999709,true,false,false
cross_modal_disagreement,cross_modal_disagreement,cross_modal_disagreement-s211,211,1.900000,0.946175,56.759834,0.936203,12.120870,2.136537,84.268360,true,false,false
cross_modal_disagreement,cross_modal_disagreement,cross_modal_disagreement-s211,211,2.000000,0.951043,49.284138,0.929721,12.134431,2.157581,81.706319,true,false,false
cross_modal_disagreement,cross_modal_disagreement,cross_modal_disagreement-s211,211,2.100000,0.974540,44.433951,0.947280,12.201347,2.200630,84.923461,true,false,false
cross_modal_disagreement,cross_modal_disagreement,cross_modal_disagreement-s211,211,2.200000,0.926922,49.748538,0.933159,12.135053,2.128787,69.889256,true,false,false
cross_modal_disagreement,cross_modal_disagreement,cross_modal_disagreement-s211,211,2.300000,0.945643,36.235084,0.915673,12.181453,2.095878,79.999918,true,false,false
cross_modal_disagreement,cross_modal_disagreement,cross_modal_disagreement-s211,211,2.400000,0.936989,49.259113,0.910231,12.134149,2.125187,78.169727,true,false,false
cross_modal_disagreement,cross_modal_disagreement,cross_modal_disagreement-s211,211,2.500000,0.965221,52.433439,0.918158,12.206133,2.216513,78.465235,true,false,false
cross_modal_disagreement,cross_modal_disagreement,cross_modal_disagreement-s211,211,2.600000,0.948307,64.098823,0.891432,12.211451,2.201509,87.162958,true,false,false
cross_modal_disagreement,cross_modal_disagreement,cross_modal_disagreement-s211,211,2.700000,0.925167,43.433770,0.911452,12.242345,2.165057,62.420719,true,false,false
cross_modal_disagreement,cross_modal_disagreement,cross_modal_disagreement-s211,211,2.800000,0.939806,36.970826,0.915762,12.233063,2.158568,88.126915,true,false,false
cross_modal_disagreement,cross_modal_disagreement,cross_modal_disagreement-s211,211,2.900000,0.946331,61.334421,0.902674,12.258162,2.192862,78.231077,true,false,false
cross_modal_disagreement,cross_modal_disagreement,cross_modal_disagreement-s211,211,3.000000,0.930535,57.426489,0.916361,12.181293,2.165315,41.911293,true,false,false
cross_modal_disagreement,cross_modal_disagreement,cross_modal_disagreement-s211,211,3.100000,0.935072,50.532703,0.918883,12.276961,2.178511,71.535945,true,false,false
cross_modal_disagreement,cross_modal_disagreement,cross_modal_disagreement-s211,211,3.200000,0.923806,37.075047,0.894101,12.236684,2.214580,87.859182,true,false,false
cross_modal_disagreement,cross_modal_disagreement,cross_modal_disagreement-s211,211,3.300000,0.945156,47.983808,0.924469,12.311112,2.165407,85.573506,true,false,false
cross_modal_disagreement,cross_modal_disagreement,cross_modal_disagreement-s211,211,3.400000,0.946565,57.965430,0.892752,12.249460,2.186149,95.981311,true,false,false
cross_modal_disagreement,cross_modal_disagreement,cross_modal_disagreement-s211,211,3.500000,0.926744,48.660671,0.930859,12.237085,2.167981,84.664085,true,false,false
cross_modal_disagreement,cross_modal_disagreement,cross_modal_disagreement-s211,211,3.600000,0.923281,51.994516,0.895277,12.292117,2.210549,78.738272,true,false,false
cross_modal_disagreement,cross_modal_disagreement,cross_modal_disagreement-s211,211,3.700000,0.946446,41.479356,0.907396,12.252541,2.143031,67.961827,true,false,false
cross_modal_disagreement,cross_modal_disagreement,cross_modal_disagreement-s211,211,3.800000,0.946221,47.569409,0.929432,12.243101,2.154463,73.729784,true,false,false
cross_modal_disagreement,cross_modal_disagreement,cross_modal_disagreement-s211,211,3.900000,0.928584,48.326077,0.919737,12.313758,2.166856,83.029555,true,false,false
cross_modal_disagreement,cross_modal_disagreement,cross_modal_disagreement-s211,211,4.000000,0.927583,49.103637,0.937281,12.303755,2.208455,68.786945,true,false,false
cross_modal_disagreement,cross_modal_disagreement,cross_modal_disagreement-s211,211,4.100000,0.945776,42.178939,0.909315,12.287037,2.157537,55.243821,true,false,false
cross_modal_disagreement,cross_modal_disagreement,cross_modal_disagreement-s211,211,4.200000,0.954738,41.537367,0.878623,12.338012,2.169131,84.611910,true,false,false
cross_modal_disagreement,cross_modal_disagreement,cross_modal_disagreement-s211,211,4.300000,0.939469,51.959763,0.900819,12.337783,2.165716,65.734144,true,false,false
cross_modal_disagreement,cross_modal_disagreement,cross_modal_disagreement-s211,211,4.400000,0.932842,49.308764,0.914224,12.341406,2.165968,93.329725,true,false,false
cross_modal_disagreement,cross_modal_disagreement,cross_modal_disagreement-s211,211,4.500000,0.931657,45.901016,0.937144,12.282788,2.189400,83.326111,true,false,false
cross_modal_disagreement,cross_modal_disagreement,cross_modal_disagreement-s211,211,4.600000,0.949058,58.387550,0.940695,12.375410,2.246754,89.741378,true,false,false
cross_modal_disagreement,cross_modal_disagreement,cross_modal_disagreement-s211,211,4.700000,0.939923,54.902940,0.926379,12.347387,2.205388,59.745388,true,false,false
cross_modal_disagreement,cross_modal_disagreement,cross_modal_disagreement-s211,211,4.800000,0.949855,51.066327,0.957092,12.343302,2.179425,79.602901,true,false,false
cross_modal_disagreement,cross_modal_disagreement,cross_modal_disagreement-s211,211,4.900000,0.943051,39.059704,0.919138,12.301587,2.144529,83.458712,true,false,false
cross_modal_disagreement,cross_modal_disagreement,cross_modal_disagreement-s211,211,5.000000,0.936326,50.675333,0.924973,12.286571,2.155194,60.776704,true,false,false
cross_modal_disagreement,cross_modal_disagreement,cross_modal_disagreement-s211,211,5.100000,0.956588,44.740763,0.931795,12.306788,2.223352,74.688770,true,false,false
cross_modal_disagreement,cross_modal_disagreement,cross_modal_disagreement-s211,211,5.200000,0.917660,40.427954,0.935115,12.391908,2.173157,60.027982,true,false,false
cross_modal_disagreement,cross_modal_disagreement,cross_modal_disagreement-s211,211,5.300000,0.946591,42.115506,0.931085,12.323758,2.179544,63.051527,true,false,false
cross_modal_disagreement,cross_modal_disagreement,cross_modal_disagreement-s211,211,5.400000,0.934956,39.355817,0.898896,12.301768,2.180289,81.657652,true,false,false
cross_modal_disagreement,cross_modal_disagreement,cross_modal_disagreement-s211,211,5.500000,0.930755,33.308252,0.885720,12.429804,2.180808,84.783997,true,false,false
cross_modal_disagreement,cross_modal_disagreement,cross_modal_disagreement-s211,211,5.600000,0.940984,45.757373,0.914672,12.365667,2.219272,64.058172,true,false,false
cross_modal_disagreement,cross_modal_disagreement,cross_modal_disagreement-s211,211,5.700000,0.927580,54.901616,0.910025,12.354377,2.179011,58.729001,true,false,false
cross_modal_disagreement,cross_modal_disagreement,cross_modal_disagreement-s211,211,5.800000,0.953038,38.384690,0.930845,12.292475,2.149452,79.648047,true,false,false
cross_modal_disagreement,cross_modal_disagreement,cross_modal_disagreement-s211,211,5.900000,0.922921,52.583521,0.888553,12.311009,2.137005,71.562614,true,false,false
cross_modal_disagreement,cross_modal_disagreement,cross_modal_disagreement-s211,211,6.000000,0.936820,42.189714,0.899709,12.358905,2.204409,64.855718,true,false,false
cross_modal_disagreement,cross_modal_disagreement,cross_modal_disagreement-s211,211,6.100000,0.932557,47.180002,0.932213,12.327383,2.118829,50.706265,true,false,false
cross_modal_disagreement,cross_modal_disagreement,cross_modal_disagreement-s211,211,6.200000,0.936683,40.214215,0.914577,12.377242,2.162952,54.870125,true,false,false
cross_modal_disagreement,cross_modal_disagreement,cross_modal_disagreement-s211,211,6.300000,0.925156,52.275501,0.909864,12.347395,2.131482,70.451997,true,false,false
cross_modal_disagreement,cross_modal_disagreement,cross_modal_disagreement-s211,211,6.400000,0.945776,59.010618,0.903647,12.357330,2.184038,85.645206,true,false,false
cross_modal_disagreement,cross_modal_disagreement,cross_modal_disagreement-s211,211,6.500000,0.925784,50.988898,0.904782,12.378949,2.160613,95.602207,true,false,false
cross_modal_disagreement,cross_modal_disagreement,cross_modal_disagreement-s211,211,6.600000,0.917745,38.215350,0.937306,12.333434,2.203202,98.738351,true,false,false
cross_modal_disagreement,cross_modal_disagreement,cross_modal_disagreement-s211,211,6.700000,0.914711,40.150279,0.926537,12.338842,2.210868,76.139582,true,false,false
cross_modal_disagreement,cross_modal_disagreement,cross_modal_disagreement-s211,211,6.800000,0.943348,47.375672,0.929844,12.370781,2.183629,74.138838,true,false,false
cross_modal_disagreement,cross_modal_disagreement,cross_modal_disagreement-s211,211,6.900000,0.929765,44.886398,0.910027,12.365274,2.150832,73.088976,true,false,false
cross_modal_disagreement,cross_modal_disagreement,cross_modal_disagreement-s211,211,7.000000,0.951688,47.342703,0.935554,12.352634,2.138456,86.021133,true,false,false
cross_modal_disagreement,cross_modal_disagreement,cross_modal_disagreement-s211,211,7.100000,0.957329,42.682512,0.923345,12.283221,2.177745,95.519790,true,false,false
cross_modal_disagreement,cross_modal_disagreement,cross_modal_disagreement-s211,211,7.200000,0.943764,45.677912,0.946884,12.388093,2.146215,87.664651,true,false,false
cross_modal_disagreement,cross_modal_disagreement,cross_modal_disagreement-s211,211,7.300000,0.936309,45.572154,0.913555,12.310278,2.118485,75.546094,true,false,false
cross_modal_disagreement,cross_modal_disagreement,cross_modal_disagreement-s211,211,7.400000,0.945475,37.125886,0.902114,12.376252,2.136736,81.359418,true,false,false
cross_modal_disagreement,cross_modal_disagreement,cross_modal_disagreement-s211,211,7.500000,0.954440,41.720422,0.945238,12.384459,2.168764,72.864494,true,false,false
cross_modal_disagreement,cross_modal_disagreement,cross_modal_disagreement-s211,211,7.600000,0.941080,49.049757,0.904740,12.352181,2.153254,78.464017,true,false,false
cross_modal_disagreement,cross_modal_disagreement,cross_modal_disagreement-s211,211,7.700000,0.926622,49.027491,0.937152,12.297565,2.082145,105.471600,true,false,false
cross_modal_disagreement,cross_modal_disagreement,cross_modal_disagreement-s211,211,7.800000,0.919658,49.051649,0.928707,12.308617,2.178157,30.265639,true,false,false
cross_modal_disagreement,cross_modal_disagreement,cross_modal_disagreement-s211,211,7.900000,0.941675,46.517594,0.934645,12.344289,2.141909,71.386977,true,false,false
cross_modal_disagreement,cross_modal_disagreement,cross_modal_disagreement-s211,211,8.000000,0.954888,51.662163,0.917481,12.331483,2.124347,75.773367,true,false,false
cross_modal_disagreement,cross_modal_disagreement,cross_modal_disagreement-s211,211,8.100000,0.925980,36.504558,0.899385,12.247024,2.154724,59.409483,true,false,false
cross_modal_disagreement,cross_modal_disagreement,cross_modal_disagreement-s211,211,8.200000,0.944000,34.252865,0.910974,12.334814,2.138273,70.053311,true,false,false
cross_modal_disagreement,cross_modal_disagreement,cross_modal_disagreement-s211,211,8.300000,0.942154,45.857450,0.918669,12.252085,2.114187,88.843572,true,false,false
cross_modal_disagreement,cross_modal_disagreement,cross_modal_disagreement-s211,211,8.400000,0.935103,42.345380,0.917289,12.311299,2.113525,56.919743,true,false,false
cross_modal_disagreement,cross_modal_disagreement,cross_modal_disagreement-s211,211,8.500000,0.946659,48.719840,0.958502,12.337015,2.131753,67.372401,true,false,false
cross_modal_disagreement,cross_modal_disagreement,cross_modal_disagreement-s211,211,8.600000,0.944880,47.639903,0.879795,12.310646,2.149807,76.531639,true,false,false
cross_modal_disagreement,cross_modal_disagreement,cross_modal_disagreement-s211,211,8.700000,0.943688,53.957202,0.929050,12.227361,2.133477,63.286903,true,false,false
cross_modal_disagreement,cross_modal_disagreement,cross_modal_disagreement-s211,211,8.800000,0.937223,51.108221,0.923312,12.221885,2.106745,71.051399,true,false,false
cross_modal_disagreement,cross_modal_disagreement,cross_modal_disagreement-s211,211,8.900000,0.909554,48.056884,0.919398,12.245974,2.134540,95.025917,true,false,false
cross_modal_disagreement,cross_modal_disagreement,cross_modal_disagreement-s211,211,9.000000,0.925242,47.401958,0.938247,12.216266,2.098649,74.945786,true,false,false
cross_modal_disagreement,cross_modal_disagreement,cross_modal_disagreement-s211,211,9.100000,0.929826,43.177697,0.954828,12.273113,2.132027,65.828979,true,false,false
cross_modal_disagreement,cross_modal_disagreement,cross_modal_disagreement-s211,211,9.200000,0.926886,60.153431,0.920949,12.258092,2.159384,66.713693,true,false,false
cross_modal_disagreement,cross_modal_disagreement,cross_modal_disagreement-s211,211,9.300000,0.930966,50.702488,0.898352,12.242361,2.115962,85.112002,true,false,false
cross_modal_disagreement,cross_modal_disagreement,cross_modal_disagreement-s211,211,9.400000,0.940872,46.080473,0.909657,12.181744,2.119030,86.238142,true,false,false
cross_modal_disagreement,cross_modal_disagreement,cross_modal_disagreement-s211,211,9.500000,0.936006,45.427774,0.948581,12.220611,2.125175,71.015398,true,false,false
cross_modal_disagreement,cross_modal_disagreement,cross_modal_disagreement-s211,211,9.600000,0.939742,41.161034,0.923248,12.269555,2.142584,67.579722,true,false,false
cross_modal_disagreement,cross_modal_disagreement,cross_modal_disagreement-s211,211,9.700000,0.915424,37.395712,0.933141,12.197713,2.112935,100.144334,true,false,false
cross_modal_disagreement,cross_modal_disagreement,cross_modal_disagreement-s211,211,9.800000,0.962704,46.992988,0.900206,12.257465,2.036612,84.639852,true,false,false
cross_modal_disagreement,cross_modal_disagreement,cross_modal_disagreement-s211,211,9.900000,0.926956,50.164159,0.888129,12.268988,2.087322,86.081779,true,false,false
cross_modal_disagreement,cross_modal_disagreement,cross_modal_disagreement-s211,211,10.000000,0.932142,45.951164,0.935534,12.300021,2.117683,76.758915,true,false,false
cross_modal_disagreement,cross_modal_disagreement,cross_modal_disagreement-s211,211,10.100000,0.922565,46.918099,0.927075,12.198386,2.099453,70.251800,true,false,false
cross_modal_disagreement,cross_modal_disagreement,cross_modal_disagreement-s211,211,10.200000,0.926132,45.815648,0.880267,12.193062,2.087014,78.082104,true,false,false
cross_modal_disagreement,cross_modal_disagreement,cross_modal_disagreement-s211,211,10.300000,0.938796,48.495698,0.932164,12.211497,2.123195,78.525543,true,false,false
cross_modal_disagreement,cross_modal_disagreement,cross_modal_disagreement-s211,211,10.400000,0.925781,49.297699,0.907423,12.190538,2.076300,78.840824,true,false,false
cross_modal_disagreement,cross_modal_disagreement,cross_modal_disagreement-s211,211,10.500000,0.936857,34.877645,0.925727,12.219156,2.056627,72.558547,true,false,false
cross_modal_disagreement,cross_modal_disagreement,cross_modal_disagreement-s211,211,10.600000,0.940962,58.087118,0.914713,12.220408,2.082563,65.162272,true,false,false
cross_modal_disagreement,cross_modal_disagreement,cross_modal_disagreement-s211,211,10.700000,0.929435,42.996604,0.873598,12.179334,2.017095,94.273159,true,false,false
cross_modal_disagreement,cross_modal_disagreement,cross_modal_disagreement-s211,211,10.800000,0.964545,55.142248,0.919408,12.140141,1.985350,77.271235,true,false,false
cross_modal_disagreement,cross_modal_disagreement,cross_modal_disagreement-s211,211,10.900000,0.961937,37.854226,0.947800,12.165194,2.080097,73.021366,true,false,false
cross_modal_disagreement,cross_modal_disagreement,cross_modal_disagreement-s211,211,11.000000,0.938561,40.286655,0.934660,12.082654,2.071265,85.845058,true,false,false
cross_modal_disagreement,cross_modal_disagreement,cross_modal_disagreement-s211,211,11.100000,0.943668,42.140224,0.923044,12.202392,2.018650,96.954715,true,false,false
cross_modal_disagreement,cross_modal_disagreement,cross_modal_disagreement-s211,211,11.200000,0.935386,45.977973,0.927847,12.045060,2.036186,79.788083,true,false,false
cross_modal_disagreement,cross_modal_disagreement,cross_modal_disagreement-s211,211,11.300000,0.959253,48.632941,0.920766,12.187911,2.042628,79.778008,true,false,false
cross_modal_disagreement,cross_modal_disagreement,cross_modal_disagreement-s211,211,11.400000,0.947949,52.177553,0.932409,12.066377,2.018930,98.582521,true,false,false
cross_modal_disagreement,cross_modal_disagreement,cross_modal_disagreement-s211,211,11.500000,0.963573,51.019373,0.936274,12.135161,2.038794,93.708539,true,false,false
cross_modal_disagreement,cross_modal_disagreement,cross_modal_disagreement-s211,211,11.600000,0.934305,36.234660,0.933669,12.108230,2.036173,74.955896,true,false,false
cross_modal_disagreement,cross_modal_disagreement,cross_modal_disagreement-s211,211,11.700000,0.927140,60.420990,0.885377,12.065841,2.076312,77.342507,true,false,false
cross_modal_disagreement,cross_modal_disagreement,cross_modal_disagreement-s211,211,11.800000,0.945580,43.416716,0.922304,12.053836,2.035352,101.801256,true,false,false
cross_modal_disagreement,cross_modal_disagreement,cross_modal_disagreement-s211,211,11.900000,0.936710,35.622571,0.893351,12.131671,2.045986,77.558278,true,false,false
cross_modal_disagreement,cross_modal_disagreement,cross_modal_disagreement-s211,211,12.000000,0.923753,35.417397,0.944260,12.067801,2.057798,55.501900,true,false,false
cross_modal_disagreement,cross_modal_disagreement,cross_modal_disagreement-s211,211,12.100000,0.932125,42.242597,0.941028,11.950504,2.047608,76.589723,true,false,false
cross_modal_disagreement,cross_modal_disagreement,cross_modal_disagreement-s211,211,12.200000,0.953768,43.888718,0.936599,12.053037,2.066231,101.277493,true,false,false
cross_modal_disagreement,cross_modal_disagreement,cross_modal_disagreement-s211,211,12.300000,0.949696,46.715482,0.897861,12.061899,2.020674,70.470524,true,false,false
cross_modal_disagreement,cross_modal_disagreement,cross_modal_disagreement-s211,211,12.400000,0.950303,60.271155,0.907317,12.029384,2.035397,47.394457,true,false,false
cross_modal_disagreement,cross_modal_disagreement,cross_modal_disagreement-s211,211,12.500000,0.934462,43.698436,0.897240,12.029117,2.059175,85.465092,true,false,false
cross_modal_disagreement,cross_modal_disagreement,cross_modal_disagreement-s211,211,12.600000,0.944502,37.902870,0.905469,11.990246,2.030753,63.884020,true,false,false
cross_modal_disagreement,cross_modal_disagreement,cross_modal_disagreement-s211,211,12.700000,0.947316,36.138167,0.919922,11.987950,2.032279,61.205410,true,false,false
cross_modal_disagreement,cross_modal_disagreement,cross_modal_disagreement-s211,211,12.800000,0.944911,43.749154,0.881284,11.971857,2.026247,85.249734,true,false,false
cross_modal_disagreement,cross_modal_disagreement,cross_modal_disagreement-s211,211,12.900000,0.945064,47.793947,0.874847,11.995316,2.033053,58.897994,true,false,false
cross_modal_disagreement,cross_modal_disagreement,cross_modal_disagreement-s211,211,13.000000,0.943560,56.181716,0.906442,11.993916,2.011700,93.303865,true,false,false
cross_modal_disagreement,cross_modal_disagreement,cross_modal_disagreement-s211,211,13.100000,0.920023,46.456442,0.910459,11.915253,2.032056,92.407656,true,false,false
cross_modal_disagreement,cross_modal_disagreement,cross_modal_disagreement-s211,211,13.200000,0.943051,43.082824,0.892464,11.910997,2.026787,65.891054,true,false,false
cross_modal_disagreement,cross_modal_disagreement,cross_modal_disagreement-s211,211,13.300000,0.950481,57.706450,0.901375,11.951271,2.085498,90.981827,true,false,false
cross_modal_disagreement,cross_modal_disagreement,cross_modal_disagreement-s211,211,13.400000,0.938862,49.875050,0.916230,11.951193,2.039518,106.876693,true,false,false
cross_modal_disagreement,cross_modal_disagreement,cross_modal_disagreement-s211,211,13.500000,0.950434,50.115175,0.904331,11.976904,2.021447,94.177048,true,false,false
cross_modal_disagreement,cross_modal_disagreement,cross_modal_disagreement-s211,211,13.600000,0.952622,66.414250,0.914571,11.896249,2.007775,81.823023,true,false,false
cross_modal_disagreement,cross_modal_disagreement,cross_modal_disagreement-s211,211,13.700000,0.965075,38.662425,0.915618,11.892145,2.024422,68.102273,true,false,false
cross_modal_disagreement,cross_modal_disagreement,cross_modal_disagreement-s211,211,13.800000,0.950350,45.816678,0.915750,11.833493,1.995565,65.356916,true,false,false
cross_modal_disagreement,cross_modal_disagreement,cross_modal_disagreement-s211,211,13.900000,0.928126,43.353655,0.936862,11.898549,2.033672,89.156929,true,false,false
cross_modal_disagreement,cross_modal_disagreement,cross_modal_disagreement-s211,211,14.000000,0.936846,49.968281,0.932543,11.895273,2.023251,88.004427,true,false,false
cross_modal_disagreement,cross_modal_disagreement,cross_modal_disagreement-s211,211,14.100000,0.942602,47.603170,0.918522,11.841593,2.047248,80.968739,true,false,false
cross_modal_disagreement,cross_modal_disagreement,cross_modal_disagreement-s211,211,14.200000,0.935623,48.458513,0.921536,11.834260,1.971363,70.668449,true,false,false
cross_modal_disagreement,cross_modal_disagreement,cross_modal_disagreement-s211,211,14.300000,0.941119,45.563822,0.919852,11.857672,2.060269,80.068676,true,false,false
cross_modal_disagreement,cross_modal_disagreement,cross_modal_disagreement-s211,211,14.400000,0.937732,51.478759,0.889353,11.826607,2.043780,80.532476,true,false,false
cross_modal_disagreement,cross_modal_disagreement,cross_modal_disagreement-s211,211,14.500000,0.942630,46.121196,0.934052,11.938075,2.043727,62.301908,true,false,false
cross_modal_disagreement,cross_modal_disagreement,cross_modal_disagreement-s211,211,14.600000,0.934043,45.534464,0.919474,11.828071,2.026793,77.516268,true,false,false
cross_modal_disagreement,cross_modal_disagreement,cross_modal_disagreement-s211,211,14.700000,0.939373,41.088693,0.932224,11.764710,2.031116,43.001448,true,false,false
cross_modal_disagreement,cross_modal_disagreement,cross_modal_disagreement-s211,211,14.800000,0.940261,64.271961,0.907730,11.749057,2.057896,43.934077,true,false,false
cross_modal_disagreement,cross_modal_disagreement,cross_modal_disagreement-s211,211,14.900000,0.943127,29.895015,0.932460,11.803404,2.059377,110.893712,true,false,false
cross_modal_disagreement,cross_modal_disagreement,cross_modal_disagreement-s211,211,15.000000,0.908837,41.590413,0.920990,11.830018,2.019931,111.105775,true,false,false
cross_modal_disagreement,cross_modal_disagreement,cross_modal_disagreement-s211,211,15.100000,0.944246,53.047782,0.945971,11.786892,2.045936,60.587989,true,false,false
cross_modal_disagreement,cross_modal_disagreement,cross_modal_disagreement-s211,211,15.200000,0.941123,33.585391,0.910686,11.769812,2.008830,91.038123,true,false,false
cross_modal_disagreement,cross_modal_disagreement,cross_modal_disagreement-s211,211,15.300000,0.922849,56.372607,0.938153,11.725737,2.046853,79.172742,true,false,false
cross_modal_disagreement,cross_modal_disagreement,cross_modal_disagreement-s211,211,15.400000,0.938530,35.707449,0.914257,11.742233,2.017982,85.892467,true,false,false
cross_modal_disagreement,cross_modal_disagreement,cross_modal_disagreement-s211,211,15.500000,0.938571,48.776890,0.896565,11.806812,2.049361,72.700253,true,false,false
cross_modal_disagreement,cross_modal_disagreement,cross_modal_disagreement-s211,211,15.600000,0.932503,48.912463,0.926371,11.715927,2.035055,80.739704,true,false,false
cross_modal_disagreement,cross_modal_disagreement,cross_modal_disagreement-s211,211,15.700000,0.940774,45.436649,0.957036,11.740589,2.033567,68.003780,true,false,false
cross_modal_disagreement,cross_modal_disagreement,cross_modal_disagreement-s211,211,15.800000,0.954042,51.254680,0.923380,11.775231,2.044868,94.817240,true,false,false
cross_modal_disagreement,cross_modal_disagreement,cross_modal_disagreement-s211,211,15.900000,0.943463,39.629774,0.894564,11.740523,2.032327,44.179163,true,false,false
cross_modal_disagreement,cross_modal_disagreement,cross_modal_disagreement-s211,211,16.000000,0.935492,41.994406,0.910131,11.727534,2.017666,67.196016,true,false,false
cross_modal_disagreement,cross_modal_disagreement,cross_modal_disagreement-s211,211,16.100000,0.938282,49.690542,0.920526,11.782121,2.020247,94.518430,true,false,false
cross_modal_disagreement,cross_modal_disagreement,cross_modal_disagreement-s211,211,16.200000,0.936247,53.508064,0.933050,11.701215,2.037098,78.561047,true,false,false
cross_modal_disagreement,cross_modal_disagreement,cross_modal_disagreement-s211,211,16.300000,0.917417,44.200388,0.905356,11.616147,2.044613,90.951401,true,false,false
cross_modal_disagreement,cross_modal_disagreement,cross_modal_disagreement-s211,211,16.400000,0.944444,49.386145,0.893482,11.708712,2.059355,99.242283,true,false,false
cross_modal_disagreement,cross_modal_disagreement,cross_modal_disagreement-s211,211,16.500000,0.927344,52.284146,0.882336,11.743467,2.052062,84.673477,true,false,false
cross_modal_disagreement,cross_modal_disagreement,cross_modal_disagreement-s211,211,16.600000,0.937573,48.536291,0.918929,11.702580,2.019413,53.594782,true,false,false
cross_modal_disagreement,cross_modal_disagreement,cross_modal_disagreement-s211,211,16.700000,0.953152,50.417867,0.934306,11.650889,2.082564,69.473026,true,false,false
cross_modal_disagreement,cross_modal_disagreement,cross_modal_disagreement-s211,211,16.800000,0.958117,44.426782,0.887001,11.690110,2.063307,82.077359,true,false,false
cross_modal_disagreement,cross_modal_disagreement,cross_modal_disagreement-s211,211,16.900000,0.936347,51.490185,0.914199,11.629688,2.009629,69.705825,true,false,false
cross_modal_disagreement,cross_modal_disagreement,cross_modal_disagreement-s211,211,17.000000,0.950547,37.439025,0.948179,11.652254,2.015292,103.477808,true,false,false
cross_modal_disagreement,cross_modal_disagreement,cross_modal_disagreement-s211,211,17.100000,0.951320,35.094147,0.899088,11.681890,2.040799,64.806881,true,false,false
cross_modal_disagreement,cross_modal_disagreement,cross_modal_disagreement-s211,211,17.200000,0.929117,32.464253,0.888748,11.643723,2.012976,77.613125,true,false,false
cross_modal_disagreement,cross_modal_disagreement,cross_modal_disagreement-s211,211,17.300000,0.928955,47.194526,0.929169,11.701356,2.059275,81.092773,true,false,false
cross_modal_disagreement,cross_modal_disagreement,cross_modal_disagreement-s211,211,17.400000,0.937224,51.875745,0.932449,11.770242,2.069826,70.989340,true,false,false
cross_modal_disagreement,cross_modal_disagreement,cross_modal_disagreement-s211,211,17.500000,0.948159,44.529216,0.930266,11.635627,2.024037,62.197884,true,false,false
cross_modal_disagreement,cross_modal_disagreement,cross_modal_disagreement-s211,211,17.600000,0.932539,50.147153,0.923711,11.680197,2.043253,74.249106,true,false,false
cross_modal_disagreement,cross_modal_disagreement,cross_modal_disagreement-s211,211,17.700000,0.929882,48.324123,0.954247,11.757859,2.115030,75.677350,true,false,false
cross_modal_disagreement,cross_modal_disagreement,cross_modal_disagreement-s211,211,17.800000,0.946115,45.793792,0.923201,11.732585,2.054116,84.817256,true,false,false
cross_modal_disagreement,cross_modal_disagreement,cross_modal_disagreement-s211,211,17.900000,0.924098,47.312999,0.918485,11.675217,2.070333,92.479801,true,false,false
cross_modal_disagreement,cross_modal_disagreement,cross_modal_disagreement-s211,211,18.000000,0.934785,61.896570,0.886379,11.651159,2.128887,81.082193,true,false,false
cross_modal_disagreement,cross_modal_disagreement,cross_modal_disagreement-s211,211,18.100000,0.955615,38.352855,0.911753,11.641535,2.084014,75.128469,true,false,false
cross_modal_disagreement,cross_modal_disagreement,cross_modal_disagreement-s211,211,18.200000,0.945782,43.603858,0.907430,11.668270,2.127708,100.889001,true,false,false
cross_modal_disagreement,cross_modal_disagreement,cross_modal_disagreement-s211,211,18.300000,0.937981,45.460712,0.917904,11.638905,2.047486,81.236164,true,false,false
cross_modal_disagreement,cross_modal_disagreement,cross_modal_disagreement-s211,211,18.400000,0.942785,50.317582,0.907049,11.628791,2.107773,49.086207,true,false,false
cross_modal_disagreement,cross_modal_disagreement,cross_modal_disagreement-s211,211,18.500000,0.950449,54.244219,0.918608,11.675391,2.114839,74.795113,true,false,false
cross_modal_disagreement,cross_modal_disagreement,cross_modal_disagreement-s211,211,18.600000,0.925939,53.803539,0.930241,11.639356,2.108092,59.562880,true,false,false
cross_modal_disagreement,cross_modal_disagreement,cross_modal_disagreement-s211,211,18.700000,0.944605,43.020338,0.934757,11.545698,2.094704,86.163031,true,false,false
cross_modal_disagreement,cross_modal_disagreement,cross_modal_disagreement-s211,211,18.800000,0.964493,52.456764,0.928311,11.608606,2.094354,84.575653,true,false,false
cross_modal_disagreement,cross_modal_disagreement,cross_modal_disagreement-s211,211,18.900000,0.937630,46.538561,0.913754,11.687826,2.079919,57.644871,true,false,false
cross_modal_disagreement,cross_modal_disagreement,cross_modal_disagreement-s211,211,19.000000,0.930489,53.584569,0.943346,11.708239,2.109282,59.359000,true,false,false
cross_modal_disagreement,cross_modal_disagreement,cross_modal_disagreement-s211,211,19.100000,0.950549,42.146430,0.918704,11.609575,2.064804,85.248419,true,false,false
cross_modal_disagreement,cross_modal_disagreement,cross_modal_disagreement-s211,211,19.200000,0.932250,56.049239,0.895350,11.639285,2.088696,82.771887,true,false,false
cross_modal_disagreement,cross_modal_disagreement,cross_modal_disagreement-s211,211,19.300000,0.940061,39.773057,0.910434,11.653177,2.082559,85.992976,true,false,false
cross_modal_disagreement,cross_modal_disagreement,cross_modal_disagreement-s211,211,19.400000,0.956897,49.369000,0.932711,11.697284,2.127266,55.859366,true,false,false
cross_modal_disagreement,cross_modal_disagreement,cross_modal_disagreement-s211,211,19.500000,0.927828,45.946838,0.924521,11.673300,2.153046,70.635615,true,false,false
cross_modal_disagreement,cross_modal_disagreement,cross_modal_disagreement-s211,211,19.600000,0.942871,50.584303,0.898697,11.624890,2.111993,90.760370,true,false,false
cross_modal_disagreement,cross_modal_disagreement,cross_modal_disagreement-s211,211,19.700000,0.939326,55.586016,0.925915,11.685137,2.126343,85.837075,true,false,false
cross_modal_disagreement,cross_modal_disagreement,cross_modal_disagreement-s211,211,19.800000,0.921284,40.637590,0.953446,11.650587,2.109852,87.028733,true,false,false
cross_modal_disagreement,cross_modal_disagreement,cross_modal_disagreement-s211,211,19.900000,0.957382,52.641824,0.932406,11.688269,2.080695,90.804427,true,false,false
cross_modal_disagreement,cross_modal_disagreement,cross_modal_disagreement-s211,211,20.000000,0.948106,56.828985,0.925824,11.692683,2.165630,95.582572,true,true,false
cross_modal_disagreement,cross_modal_disagreement,cross_modal_disagreement-s211,211,20.100000,0.957525,34.484257,0.851781,11.627372,2.134793,89.877446,true,true,false
cross_modal_disagreement,cross_modal_disagreement,cross_modal_disagreement-s211,211,20.200000,0.941854,33.797946,0.816698,11.728401,2.110588,95.048931,true,true,false
cross_modal_disagreement,cross_modal_disagreement,cross_modal_disagreement-s211,211,20.300000,0.934757,43.473613,0.750443,11.696422,2.166821,102.929407,true,true,false
cross_modal_disagreement,cross_modal_disagreement,cross_modal_disagreement-s211,211,20.400000,0.947276,48.669650,0.698968,11.666543,2.136157,67.494878,true,true,false
cross_modal_disagreement,cross_modal_disagreement,cross_modal_disagreement-s211,211,20.500000,0.929057,52.342330,0.650627,11.693643,2.118936,89.063929,true,true,false
cross_modal_disagreement,cross_modal_disagreement,cross_modal_disagreement-s211,211,20.600000,0.954719,44.735578,0.604485,11.732444,2.119888,75.784630,true,true,false
cross_modal_disagreement,cross_modal_disagreement,cross_modal_disagreement-s211,211,20.700000,0.922754,58.237664,0.554991,11.702673,2.137243,42.345600,true,true,false
cross_modal_disagreement,cross_modal_disagreement,cross_modal_disagreement-s211,211,20.800000,0.933863,51.668326,0.496674,11.645697,2.158405,92.576987,true,true,false
cross_modal_disagreement,cross_modal_disagreement,cross_modal_disagreement-s211,211,20.900000,0.944006,43.628339,0.435089,11.680528,2.166170,96.821086,true,true,false
cross_modal_disagreement,cross_modal_disagreement,cross_modal_disagreement-s211,211,21.000000,0.944545,50.315580,0.370051,11.749407,2.143056,83.251652,true,true,false
cross_modal_disagreement,cross_modal_disagreement,cross_modal_disagreement-s211,211,21.100000,0.949116,41.008257,0.305965,11.737665,2.201437,65.957328,true,true,true
cross_modal_disagreement,cross_modal_disagreement,cross_modal_disagreement-s211,211,21.200000,0.948945,44.064574,0.281520,11.760212,2.199883,84.708755,true,true,true
cross_modal_disagreement,cross_modal_disagreement,cross_modal_disagreement-s211,211,21.300000,0.929658,45.049594,0.274609,11.732957,2.181772,62.266894,true,true,true
cross_modal_disagreement,cross_modal_disagreement,cross_modal_disagreement-s211,211,21.400000,0.936747,50.585385,0.252639,11.685891,2.126700,90.659412,true,true,true
cross_modal_disagreement,cross_modal_disagreement,cross_modal_disagreement-s211,211,21.500000,0.925009,33.558304,0.248694,11.717521,2.100299,93.932859,true,true,true
cross_modal_disagreement,cross_modal_disagreement,cross_modal_disagreement-s211,211,21.600000,0.934694,31.129088,0.268636,11.772266,2.227544,68.263336,true,true,true
cross_modal_disagreement,cross_modal_disagreement,cross_modal_disagreement-s211,211,21.700000,0.932382,41.690566,0.237546,11.748076,2.175945,101.210622,true,true,true
cross_modal_disagreement,cross_modal_disagreement,cross_modal_disagreement-s211,211,21.800000,0.924061,48.417226,0.270280,11.795708,2.180859,81.764150,true,true,true
cross_modal_disagreement,cross_modal_disagreement,cross_modal_disagreement-s211,211,21.900000,0.959508,49.978597,0.302453,11.734508,2.125457,94.379067,true,true,true
cross_modal_disagreement,cross_modal_disagreement,cross_modal_disagreement-s211,211,22.000000,0.925825,64.683993,0.284744,11.750861,2.138650,37.522117,true,true,true
cross_modal_disagreement,cross_modal_disagreement,cross_modal_disagreement-s211,211,22.100000,0.929598,60.215427,0.263256,11.769005,2.124516,78.183873,true,true,true
cross_modal_disagreement,cross_modal_disagreement,cross_modal_disagreement-s211,211,22.200000,0.955966,44.798931,0.288913,11.802262,2.232291,95.173379,true,true,true
cross_modal_disagreement,cross_modal_disagreement,cross_modal_disagreement-s211,211,22.300000,0.955089,48.452113,0.266064,11.791270,2.125422,65.303867,true,true,true
cross_modal_disagreement,cross_modal_disagreement,cross_modal_disagreement-s211,211,22.400000,0.933533,42.232528,0.282399,11.766299,2.154989,87.934374,true,true,true
cross_modal_disagreement,cross_modal_disagreement,cross_modal_disagreement-s211,211,22.500000,0.935250,55.558545,0.283463,11.890815,2.205783,74.195055,true,true,true
cross_modal_disagreement,cross_modal_disagreement,cross_modal_disagreement-s211,211,22.600000,0.918386,43.469486,0.277041,11.812686,2.180207,61.707731,true,true,true
cross_modal_disagreement,cross_modal_disagreement,cross_modal_disagreement-s211,211,22.700000,0.959715,52.796285,0.271699,11.850551,2.189059,63.350125,true,true,true
cross_modal_disagreement,cross_modal_disagreement,cross_modal_disagreement-s211,211,22.800000,0.921035,50.505044,0.292206,11.745018,2.124841,78.633396,true,true,true
cross_modal_disagreement,cross_modal_disagreement,cross_modal_disagreement-s211,211,22.900000,0.931129,51.147099,0.262949,11.787382,2.140334,84.525447,true,true,true
cross_modal_disagreement,cross_modal_disagreement,cross_modal_disagreement-s211,211,23.000000,0.942029,38.478725,0.267369,11.788095,2.174452,70.869908,true,true,true
cross_modal_disagreement,cross_modal_disagreement,cross_modal_disagreement-s211,211,23.100000,0.933916,40.819803,0.279976,11.823523,2.167018,104.118086,true,true,true
cross_modal_disagreement,cross_modal_disagreement,cross_modal_disagreement-s211,211,23.200000,0.949677,56.089747,0.254139,11.885298,2.197234,95.062106,true,true,true
cross_modal_disagreement,cross_modal_disagreement,cross_modal_disagreement-s211,211,23.300000,0.943244,46.007596,0.276959,11.853566,2.220347,101.608794,true,true,true
cross_modal_disagreement,cross_modal_disagreement,cross_modal_disagreement-s211,211,23.400000,0.917266,66.477315,0.263894,11.890075,2.157265,87.635923,true,true,true
cross_modal_disagreement,cross_modal_disagreement,cross_modal_disagreement-s211,211,23.500000,0.945405,50.561697,0.254056,11.860900,2.185794,87.238832,true,true,true
cross_modal_disagreement,cross_modal_disagreement,cross_modal_disagreement-s211,211,23.600000,0.958911,45.741138,0.271616,11.817896,2.216101,76.246891,true,true,true
cross_modal_disagreement,cross_modal_disagreement,cross_modal_disagreement-s211,211,23.700000,0.943531,42.318711,0.244671,11.897818,2.190193,80.656817,true,true,true
cross_modal_disagreement,cross_modal_disagreement,cross_modal_disagreement-s211,211,23.800000,0.956367,46.542184,0.244155,11.834267,2.208820,81.862950,true,true,true
cross_modal_disagreement,cross_modal_disagreement,cross_modal_disagreement-s211,211,23.900000,0.955381,50.793118,0.266683,11.819506,2.161244,83.926543,true,true,true
cross_modal_disagreement,cross_modal_disagreement,cross_modal_disagreement-s211,211,24.000000,0.909944,47.861100,0.280014,11.901681,2.182226,81.222266,true,true,true
cross_modal_disagreement,cross_modal_disagreement,cross_modal_disagreement-s211,211,24.100000,0.917704,45.580601,0.279906,11.905166,2.184440,66.236772,true,true,true
cross_modal_disagreement,cross_modal_disagreement,cross_modal_disagreement-s211,211,24.200000,0.910212,55.283611,0.256014,11.913506,2.169465,66.175667,true,true,true
cross_modal_disagreement,cross_modal_disagreement,cross_modal_disagreement-s211,211,24.300000,0.936485,55.466087,0.290592,11.971668,2.194209,82.002996,true,true,true
cross_modal_disagreement,cross_modal_disagreement,cross_modal_disagreement-s211,211,24.400000,0.941777,46.455665,0.270250,11.962690,2.204896,78.319483,true,true,true
cross_modal_disagreement,cross_modal_disagreement,cross_modal_disagreement-s211,211,24.500000,0.927547,50.137336,0.260144,11.863526,2.168363,86.463994,true,true,true
cross_modal_disagreement,cross_modal_disagreement,cross_modal_disagreement-s211,211,24.600000,0.937651,50.134072,0.295793,11.907861,2.151181,85.267363,true,true,true
cross_modal_disagreement,cross_modal_disagreement,cross_modal_disagreement-s211,211,24.700000,0.948261,52.930666,0.296034,11.939555,2.167503,81.790092,true,true,true
cross_modal_disagreement,cross_modal_disagreement,cross_modal_disagreement-s211,211,24.800000,0.932915,57.571595,0.258697,11.964679,2.152524,87.924181,true,true,true
cross_modal_disagreement,cross_modal_disagreement,cross_modal_disagreement-s211,211,24.900000,0.926328,43.672782,0.271043,11.953988,2.217896,28.995727,true,true,true
cross_modal_disagreement,cross_modal_disagreement,cross_modal_disagreement-s211,211,25.000000,0.917002,32.444576,0.256464,12.014161,2.171338,82.649876,true,true,true
cross_modal_disagreement,cross_modal_disagreement,cross_modal_disagreement-s211,211,25.100000,0.954925,48.048301,0.267027,11.999341,2.194655,83.205974,true,true,true
cross_modal_disagreement,cross_modal_disagreement,cross_modal_disagreement-s211,211,25.200000,0.960678,55.094071,0.270310,11.974345,2.209938,74.473092,true,true,true
cross_modal_disagreement,cross_modal_disagreement,cross_modal_disagreement-s211,211,25.300000,0.938871,38.144414,0.264973,12.126230,2.196825,61.648639,true,true,true
cross_modal_disagreement,cross_modal_disagreement,cross_modal_disagreement-s211,211,25.400000,0.962914,54.520465,0.258670,12.062249,2.172378,72.593610,true,true,true
cross_modal_disagreement,cross_modal_disagreement,cross_modal_disagreement-s211,211,25.500000,0.927542,55.783042,0.285426,12.029424,2.159464,52.325127,true,true,true
cross_modal_disagreement,cross_modal_disagreement,cross_modal_disagreement-s211,211,25.600000,0.938872,62.440846,0.280572,12.037769,2.133566,55.393782,true,true,true
cross_modal_disagreement,cross_modal_disagreement,cross_modal_disagreement-s211,211,25.700000,0.931607,52.090666,0.257929,12.023224,2.189042,98.048305,true,true,true
cross_modal_disagreement,cross_modal_disagreement,cross_modal_disagreement-s211,211,25.800000,0.937368,40.782664,0.284628,12.000909,2.167357,81.507429,true,true,true
cross_modal_disagreement,cross_modal_disagreement,cross_modal_disagreement-s211,211,25.900000,0.939803,49.505832,0.275151,12.126881,2.120633,112.242865,true,true,true
cross_modal_disagreement,cross_modal_disagreement,cross_modal_disagreement-s211,211,26.000000,0.941786,46.735868,0.255210,12.061449,2.144287,80.964782,true,true,true
cross_modal_disagreement,cross_modal_disagreement,cross_modal_disagreement-s211,211,26.100000,0.957994,50.061508,0.290460,12.060900,2.188942,89.493592,true,true,true
cross_modal_disagreement,cross_modal_disagreement,cross_modal_disagreement-s211,211,26.200000,0.930017,51.282665,0.271464,12.083311,2.180738,86.925906,true,true,true
cross_modal_disagreement,cross_modal_disagreement,cross_modal_disagreement-s211,211,26.300000,0.939294,55.385223,0.266706,12.160842,2.172309,67.687099,true,true,true
cross_modal_disagreement,cross_modal_disagreement,cross_modal_disagreement-s211,211,26.400000,0.953418,45.034437,0.279461,12.169520,2.135255,63.839400,true,true,true
cross_modal_disagreement,cross_modal_disagreement,cross_modal_disagreement-s211,211,26.500000,0.969707,44.528348,0.257088,12.026824,2.131078,85.337175,true,true,true
cross_modal_disagreement,cross_modal_disagreement,cross_modal_disagreement-s211,211,26.600000,0.943135,43.200502,0.259023,12.114051,2.105837,74.507825,true,true,true
cross_modal_disagreement,cross_modal_disagreement,cross_modal_disagreement-s211,211,26.700000,0.934254,49.792490,0.259589,12.157960,2.144640,62.777310,true,true,true
cross_modal_disagreement,cross_modal_disagreement,cross_modal_disagreement-s211,211,26.800000,0.931357,51.047706,0.284826,12.110077,2.140688,70.073665,true,true,true
cross_modal_disagreement,cross_modal_disagreement,cross_modal_disagreement-s211,211,26.900000,0.932620,55.758151,0.276215,12.173101,2.118536,80.430433,true,true,true
cross_modal_disagreement,cross_modal_disagreement,cross_modal_disagreement-s211,211,27.000000,0.934341,43.914670,0.249810,12.102124,2.143671,86.902528,true,true,true
cross_modal_disagreement,cross_modal_disagreement,cross_modal_disagreement-s211,211,27.100000,0.923438,44.117221,0.291089,12.177670,2.131692,84.121298,true,true,true
cross_modal_disagreement,cross_modal_disagreement,cross_modal_disagreement-s211,211,27.200000,0.938491,54.786160,0.270603,12.182095,2.156811,83.446138,true,true,true
cross_modal_disagreement,cross_modal_disagreement,cross_modal_disagreement-s211,211,27.300000,0.926436,46.869558,0.294810,12.155201,2.085456,71.403741,true,true,true
cross_modal_disagreement,cross_modal_disagreement,cross_modal_disagreement-s211,211,27.400000,0.946594,42.105301,0.251959,12.160398,2.127884,91.683226,true,true,true
cross_modal_disagreement,cross_modal_disagreement,cross_modal_disagreement-s211,211,27.500000,0.955668,41.916436,0.293705,12.143534,2.123999,62.804339,true,true,true
cross_modal_disagreement,cross_modal_disagreement,cross_modal_disagreement-s211,211,27.600000,0.950669,59.239617,0.273314,12.218520,2.095910,84.201874,true,true,true
cross_modal_disagreement,cross_modal_disagreement,cross_modal_disagreement-s211,211,27.700000,0.951018,54.318476,0.263051,12.110163,2.090975,84.249034,true,true,true
cross_modal_disagreement,cross_modal_disagreement,cross_modal_disagreement-s211,211,27.800000,0.935467,43.441127,0.294429,12.142862,2.105278,61.947118,true,true,true
cross_modal_disagreement,cross_modal_disagreement,cross_modal_disagreement-s211,211,27.900000,0.954781,32.971668,0.300665,12.169408,2.105319,86.411166,true,true,true
cross_modal_disagreement,cross_modal_disagreement,cross_modal_disagreement-s211,211,28.000000,0.921955,51.306621,0.284578,12.217023,2.105091,90.512131,true,true,true
cross_modal_disagreement,cross_modal_disagreement,cross_modal_disagreement-s211,211,28.100000,0.946626,48.014214,0.273943,12.232961,2.138863,82.227242,true,true,true
cross_modal_disagreement,cross_modal_disagreement,cross_modal_disagreement-s211,211,28.200000,0.964963,55.461720,0.259755,12.243866,2.061146,88.419263,true,true,true
cross_modal_disagreement,cross_modal_disagreement,cross_modal_disagreement-s211,211,28.300000,0.917271,51.886637,0.287590,12.241226,2.073693,89.835351,true,true,true
cross_modal_disagreement,cross_modal_disagreement,cross_modal_disagreement-s211,211,28.400000,0.932391,43.704887,0.270211,12.260905,2.078555,70.967141,true,true,true
cross_modal_disagreement,cross_modal_disagreement,cross_modal_disagreement-s211,211,28.500000,0.934968,50.594959,0.264013,12.326928,2.129969,60.790990,true,true,true
cross_modal_disagreement,cross_modal_disagreement,cross_modal_disagreement-s211,211,28.600000,0.932666,54.815581,0.271465,12.257881,2.081885,79.068105,true,true,true
cross_modal_disagreement,cross_modal_disagreement,cross_modal_disagreement-s211,211,28.700000,0.951441,49.710585,0.272924,12.264088,2.059010,93.000760,true,true,true
cross_modal_disagreement,cross_modal_disagreement,cross_modal_disagreement-s211,211,28.800000,0.939230,36.905266,0.290231,12.256226,2.102185,76.034463,true,true,true
cross_modal_disagreement,cross_modal_disagreement,cross_modal_disagreement-s211,211,28.900000,0.937591,50.409500,0.251702,12.290628,2.007462,88.960082,true,true,true
cross_modal_disagreement,cross_modal_disagreement,cross_modal_disagreement-s211,211,29.000000,0.958268,49.740754,0.261568,12.359544,2.125092,74.820161,true,true,true
cross_modal_disagreement,cross_modal_disagreement,cross_modal_disagreement-s211,211,29.100000,0.940282,45.530998,0.253806,12.323137,2.058815,79.737676,true,true,true
cross_modal_disagreement,cross_modal_disagreement,cross_modal_disagreement-s211,211,29.200000,0.932096,45.298004,0.280226,12.313779,2.106598,78.863462,true,true,true
cross_modal_disagreement,cross_modal_disagreement,cross_modal_disagreement-s211,211,29.300000,0.940826,44.368934,0.284286,12.298209,2.019597,51.964660,true,true,true
cross_modal_disagreement,cross_modal_disagreement,cross_modal_disagreement-s211,211,29.400000,0.947483,63.092974,0.255357,12.259644,2.110495,80.103863,true,true,true
cross_modal_disagreement,cross_modal_disagreement,cross_modal_disagreement-s211,211,29.500000,0.935696,48.038613,0.261243,12.354701,2.077209,94.921993,true,true,true
cross_modal_disagreement,cross_modal_disagreement,cross_modal_disagreement-s211,211,29.600000,0.931447,42.239209,0.252337,12.331379,2.033001,71.275139,true,true,true
cross_modal_disagreement,cross_modal_disagreement,cross_modal_disagreement-s211,211,29.700000,0.937510,62.727092,0.276748,12.290738,2.086846,101.768106,true,true,true
cross_modal_disagreement,cross_modal_disagreement,cross_modal_disagreement-s211,211,29.800000,0.964671,39.657066,0.273450,12.328949,2.103253,98.871705,true,true,true
cross_modal_disagreement,cross_modal_disagreement,cross_modal_disagreement-s211,211,29.900000,0.945824,38.604097,0.274519,12.299896,2.062692,75.066312,true,true,true
cross_modal_disagreement,cross_modal_disagreement,cross_modal_disagreement-s211,211,30.000000,0.938122,43.901110,0.271790,12.280287,2.063394,69.016062,true,true,true
cross_modal_disagreement,cross_modal_disagreement,cross_modal_disagreement-s211,211,30.100000,0.935219,55.116238,0.254169,12.319412,2.009411,94.727042,true,true,true
cross_modal_disagreement,cross_modal_disagreement,cross_modal_disagreement-s211,211,30.200000,0.942872,48.433819,0.291141,12.376988,2.023250,66.415967,true,true,true
cross_modal_disagreement,cross_modal_disagreement,cross_modal_disagreement-s211,211,30.300000,0.938225,44.386270,0.283951,12.384189,2.051964,80.350954,true,true,true
cross_modal_disagreement,cross_modal_disagreement,cross_modal_disagreement-s211,211,30.400000,0.943463,49.175363,0.276104,12.381902,2.030723,87.340212,true,true,true
cross_modal_disagreement,cross_modal_disagreement,cross_modal_disagreement-s211,211,30.500000,0.944635,43.583933,0.271574,12.403862,2.035737,75.556565,true,true,true
cross_modal_disagreement,cross_modal_disagreement,cross_modal_disagreement-s211,211,30.600000,0.937119,52.791851,0.264682,12.371497,2.031817,74.914517,true,true,true
cross_modal_disagreement,cross_modal_disagreement,cross_modal_disagreement-s211,211,30.700000,0.954034,44.571494,0.277899,12.326629,2.057318,76.170561,true,true,true
cross_modal_disagreement,cross_modal_disagreement,cross_modal_disagreement-s211,211,30.800000,0.915158,42.710112,0.257552,12.302951,2.035444,79.731751,true,true,true
cross_modal_disagreement,cross_modal_disagreement,cross_modal_disagreement-s211,211,30.900000,0.922653,55.510570,0.267285,12.336673,2.037712,55.220886,true,true,true
cross_modal_disagreement,cross_modal_disagreement,cross_modal_disagreement-s211,211,31.000000,0.943469,51.516432,0.284898,12.372950,2.039637,87.565378,true,true,true
cross_modal_disagreement,cross_modal_disagreement,cross_modal_disagreement-s211,211,31.100000,0.943572,52.376231,0.272579,12.298213,2.041530,86.957250,true,true,true
cross_modal_disagreement,cross_modal_disagreement,cross_modal_disagreement-s211,211,31.200000,0.936875,46.674059,0.270025,12.348960,2.079797,54.903715,true,true,true
cross_modal_disagreement,cross_modal_disagreement,cross_modal_disagreement-s211,211,31.300000,0.933007,43.507837,0.278599,12.325537,2.046077,90.725036,true,true,true
cross_modal_disagreement,cross_modal_disagreement,cross_modal_disagreement-s211,211,31.400000,0.925911,49.057148,0.277348,12.349018,2.024767,83.897371,true,true,true
cross_modal_disagreement,cross_modal_disagreement,cross_modal_disagreement-s211,211,31.500000,0.942968,57.066164,0.268377,12.348899,2.031126,76.795782,true,true,true
cross_modal_disagreement,cross_modal_disagreement,cross_modal_disagreement-s211,211,31.600000,0.938720,62.174000,0.252538,12.360246,2.026514,92.783453,true,true,true
cross_modal_disagreement,cross_modal_disagreement,cross_modal_disagreement-s211,211,31.700000,0.956592,49.510912,0.269759,12.411253,2.026459,78.426471,true,true,true
cross_modal_disagreement,cross_modal_disagreement,cross_modal_disagreement-s211,211,31.800000,0.934391,27.557293,0.270565,12.350445,2.008499,76.808674,true,true,true
cross_modal_disagreement,cross_modal_disagreement,cross_modal_disagreement-s211,211,31.900000,0.938722,52.786950,0.281226,12.382356,2.046211,94.181820,true,true,true
cross_modal_disagreement,cross_modal_disagreement,cross_modal_disagreement-s211,211,32.000000,0.936233,51.362242,0.244170,12.298769,2.087081,80.145497,true,true,true
cross_modal_disagreement,cross_modal_disagreement,cross_modal_disagreement-s211,211,32.100000,0.913761,37.584992,0.279128,12.406650,2.059044,75.736732,true,true,true
cross_modal_disagreement,cross_modal_disagreement,cross_modal_disagreement-s211,211,32.200000,0.945627,47.602461,0.277830,12.340907,2.020278,82.692527,true,true,true
cross_modal_disagreement,cross_modal_disagreement,cross_modal_disagreement-s211,211,32.300000,0.944823,58.325959,0.238856,12.300127,2.017582,71.129098,true,true,true
cross_modal_disagreement,cross_modal_disagreement,cross_modal_disagreement-s211,211,32.400000,0.939289,40.715811,0.260578,12.373739,2.004791,63.372216,true,true,true
cross_modal_disagreement,cross_modal_disagreement,cross_modal_disagreement-s211,211,32.500000,0.942805,39.713333,0.289741,12.356243,2.076029,84.893126,true,true,true
cross_modal_disagreement,cross_modal_disagreement,cross_modal_disagreement-s211,211,32.600000,0.937888,37.797875,0.278574,12.379468,2.017266,58.358279,true,true,true
cross_modal_disagreement,cross_modal_disagreement,cross_modal_disagreement-s211,211,32.700000,0.935674,57.490193,0.263134,12.328299,2.044080,68.119365,true,true,true
cross_modal_disagreement,cross_modal_disagreement,cross_modal_disagreement-s211,211,32.800000,0.922615,50.165348,0.291567,12.362371,2.003691,66.646488,true,true,true
cross_modal_disagreement,cross_modal_disagreement,cross_modal_disagreement-s211,211,32.900000,0.940325,57.766318,0.280584,12.302000,2.063332,78.144950,true,true,true
cross_modal_disagreement,cross_modal_disagreement,cross_modal_disagreement-s211,211,33.000000,0.931740,53.371864,0.271832,12.264871,2.039837,78.727918,true,true,true
cross_modal_disagreement,cross_modal_disagreement,cross_modal_disagreement-s211,211,33.100000,0.932613,62.365593,0.283198,12.277624,2.057552,76.305303,true,true,true
cross_modal_disagreement,cross_modal_disagreement,cross_modal_disagreement-s211,211,33.200000,0.930156,45.484166,0.259087,12.350912,2.009049,45.751483,true,true,true
cross_modal_disagreement,cross_modal_disagreement,cross_modal_disagreement-s211,211,33.300000,0.930859,36.098659,0.257303,12.303613,2.009676,68.459573,true,true,true
cross_modal_disagreement,cross_modal_disagreement,cross_modal_disagreement-s211,211,33.400000,0.946549,50.367054,0.287304,12.331697,2.033319,83.955537,true,true,true
cross_modal_disagreement,cross_modal_disagreement,cross_modal_disagreement-s211,211,33.500000,0.941998,45.556091,0.288999,12.231713,2.063809,70.549651,true,true,true
cross_modal_disagreement,cross_modal_disagreement,cross_modal_disagreement-s211,211,33.600000,0.922983,57.065289,0.288322,12.256682,1.987879,67.800159,true,true,true
cross_modal_disagreement,cross_modal_disagreement,cross_modal_disagreement-s211,211,33.700000,0.937873,45.784488,0.284640,12.231158,2.014499,45.369389,true,true,true
cross_modal_disagreement,cross_modal_disagreement,cross_modal_disagreement-s211,211,33.800000,0.955551,46.357714,0.258588,12.371474,2.013828,69.737661,true,true,true
cross_modal_disagreement,cross_modal_disagreement,cross_modal_disagreement-s211,211,33.900000,0.927201,57.289200,0.277987,12.326536,2.063095,84.109975,true,true,true
cross_modal_disagreement,cross_modal_disagreement,cross_modal_disagreement-s211,211,34.000000,0.930323,42.663078,0.293280,12.255932,2.048740,68.091240,true,true,true
cross_modal_disagreement,cross_modal_disagreement,cross_modal_disagreement-s211,211,34.100000,0.943139,47.091347,0.254386,12.318326,2.038350,73.671844,true,true,true
cross_modal_disagreement,cross_modal_disagreement,cross_modal_disagreement-s211,211,34.200000,0.949988,46.414678,0.293330,12.277585,2.044305,89.032604,true,true,true
cross_modal_disagreement,cross_modal_disagreement,cross_modal_disagreement-s211,211,34.300000,0.920472,45.259111,0.272493,12.197040,2.052319,93.315390,true,true,true
cross_modal_disagreement,cross_modal_disagreement,cross_modal_disagreement-s211,211,34.400000,0.939196,59.132064,0.277961,12.297407,2.026799,79.733281,true,true,true
cross_modal_disagreement,cross_modal_disagreement,cross_modal_disagreement-s211,211,34.500000,0.912668,56.063541,0.251424,12.202901,2.010663,76.124438,true,true,true
cross_modal_disagreement,cross_modal_disagreement,cross_modal_disagreement-s211,211,34.600000,0.947003,59.989298,0.248533,12.257650,2.015349,58.601252,true,true,true
cross_modal_disagreement,cross_modal_disagreement,cross_modal_disagreement-s211,211,34.700000,0.945807,33.080080,0.261156,12.259655,2.066925,92.413376,true,true,true
cross_modal_disagreement,cross_modal_disagreement,cross_modal_disagreement-s211,211,34.800000,0.937787,50.434006,0.296739,12.230782,2.008008,68.866606,true,true,true
cross_modal_disagreement,cross_modal_disagreement,cross_modal_disagreement-s211,211,34.900000,0.918140,49.765519,0.266457,12.272175,2.014575,64.105523,true,true,true
cross_modal_disagreement,cross_modal_disagreement,cross_modal_disagreement-s211,211,35.000000,0.936769,41.684357,0.265951,12.277343,2.040137,80.546275,true,true,true
cross_modal_disagreement,cross_modal_disagreement,cross_modal_disagreement-s211,211,35.100000,0.941832,37.561948,0.254635,12.219165,2.031762,80.302585,true,true,true
cross_modal_disagreement,cross_modal_disagreement,cross_modal_disagreement-s211,211,35.200000,0.934571,54.904958,0.258104,12.209805,2.015182,76.732421,true,true,true
cross_modal_disagreement,cross_modal_disagreement,cross_modal_disagreement-s211,211,35.300000,0.933862,30.602457,0.257994,12.172776,2.061355,103.592578,true,true,true
cross_modal_disagreement,cross_modal_disagreement,cross_modal_disagreement-s211,211,35.400000,0.919184,61.280983,0.259512,12.091696,2.093550,69.586845,true,true,true
cross_modal_disagreement,cross_modal_disagreement,cross_modal_disagreement-s211,211,35.500000,0.923308,48.039642,0.272578,12.151540,2.017453,84.378539,true,true,true
cross_modal_disagreement,cross_modal_disagreement,cross_modal_disagreement-s211,211,35.600000,0.941970,50.555563,0.257610,12.190979,2.045479,62.014371,true,true,true
cross_modal_disagreement,cross_modal_disagreement,cross_modal_disagreement-s211,211,35.700000,0.946490,54.219181,0.258926,12.128925,2.059589,88.993026,true,true,true
cross_modal_disagreement,cross_modal_disagreement,cross_modal_disagreement-s211,211,35.800000,0.925471,40.973594,0.267191,12.134006,2.075062,69.816220,true,true,true
cross_modal_disagreement,cross_modal_disagreement,cross_modal_disagreement-s211,211,35.900000,0.944189,48.854800,0.292696,12.142268,2.093424,83.418453,true,true,true
cross_modal_disagreement,cross_modal_disagreement,cross_modal_disagreement-s211,211,36.000000,0.956530,37.740966,0.276212,12.133300,2.072388,78.022188,true,true,true
cross_modal_disagreement,cross_modal_disagreement,cross_modal_disagreement-s211,211,36.100000,0.938720,58.963355,0.279622,12.211023,2.079230,57.024846,true,true,true
cross_modal_disagreement,cross_modal_disagreement,cross_modal_disagreement-s211,211,36.200000,0.914098,44.059056,0.268693,12.137157,2.038289,103.109618,true,true,true
cross_modal_disagreement,cross_modal_disagreement,cross_modal_disagreement-s211,211,36.300000,0.922333,46.707668,0.284730,12.216570,2.064912,47.370587,true,true,true
cross_modal_disagreement,cross_modal_disagreement,cross_modal_disagreement-s211,211,36.400000,0.953288,46.578061,0.281495,12.091503,2.076363,70.462864,true,true,true
cross_modal_disagreement,cross_modal_disagreement,cross_modal_disagreement-s211,211,36.500000,0.944418,67.116901,0.258381,12.089624,2.039919,52.094636,true,true,true
cross_modal_disagreement,cross_modal_disagreement,cross_modal_disagreement-s211,211,36.600000,0.938466,59.486338,0.262216,12.083209,2.063911,82.518637,true,true,true
cross_modal_disagreement,cross_modal_disagreement,cross_modal_disagreement-s211,211,36.700000,0.942239,42.945347,0.284767,12.021942,2.113915,70.643315,true,true,true
cross_modal_disagreement,cross_modal_disagreement,cross_modal_disagreement-s211,211,36.800000,0.931534,39.413893,0.276965,12.103131,2.086903,68.837260,true,true,true
cross_modal_disagreement,cross_modal_disagreement,cross_modal_disagreement-s211,211,36.900000,0.941173,38.115194,0.270661,12.049923,2.060291,61.788470,true,true,true
cross_modal_disagreement,cross_modal_disagreement,cross_modal_disagreement-s211,211,37.000000,0.938071,51.121300,0.268828,12.039848,2.078575,82.442061,true,true,true
cross_modal_disagreement,cross_modal_disagreement,cross_modal_disagreement-s211,211,37.100000,0.929259,61.948271,0.268068,12.056735,2.068894,86.019876,true,true,true
cross_modal_disagreement,cross_modal_disagreement,cross_modal_disagreement-s211,211,37.200000,0.952009,42.913857,0.267385,12.048086,2.138673,105.677431,true,true,true
cross_modal_disagreement,cross_modal_disagreement,cross_modal_disagreement-s211,211,37.300000,0.957021,36.873441,0.270765,11.992613,2.071343,71.694323,true,true,true
cross_modal_disagreement,cross_modal_disagreement,cross_modal_disagreement-s211,211,37.400000,0.957553,53.511849,0.240754,12.023514,2.065995,71.642183,true,true,true
cross_modal_disagreement,cross_modal_disagreement,cross_modal_disagreement-s211,211,37.500000,0.934753,40.376631,0.270564,11.988976,2.120053,82.083375,true,true,true
cross_modal_disagreement,cross_modal_disagreement,cross_modal_disagreement-s211,211,37.600000,0.946185,50.513867,0.287458,12.016701,2.099899,66.678324,true,true,true
cross_modal_disagreement,cross_modal_disagreement,cross_modal_disagreement-s211,211,37.700000,0.914180,50.913969,0.289116,12.040634,2.113941,67.907703,true,true,true
cross_modal_disagreement,cross_modal_disagreement,cross_modal_disagreement-s211,211,37.800000,0.938137,55.176826,0.266942,12.069661,2.091883,70.053594,true,true,true
cross_modal_disagreement,cross_modal_disagreement,cross_modal_disagreement-s211,211,37.900000,0.956326,53.142045,0.314884,11.944280,2.085915,56.387556,true,true,true
cross_modal_disagreement,cross_modal_disagreement,cross_modal_disagreement-s211,211,38.000000,0.934301,40.506926,0.258150,12.076567,2.103867,98.265720,true,true,true
cross_modal_disagreement,cross_modal_disagreement,cross_modal_disagreement-s211,211,38.100000,0.926174,47.604461,0.283838,11.935168,2.144672,72.210258,true,true,true
cross_modal_disagreement,cross_modal_disagreement,cross_modal_disagreement-s211,211,38.200000,0.927653,53.904719,0.269453,11.890999,2.121444,91.871747,true,true,true
cross_modal_disagreement,cross_modal_disagreement,cross_modal_disagreement-s211,211,38.300000,0.936953,48.958459,0.276903,11.997258,2.085379,81.062702,true,true,true
cross_modal_disagreement,cross_modal_disagreement,cross_modal_disagreement-s211,211,38.400000,0.963483,52.502378,0.254469,11.941851,2.099053,66.767269,true,true,true
cross_modal_disagreement,cross_modal_disagreement,cross_modal_disagreement-s211,211,38.500000,0.941104,48.627087,0.258180,11.923479,2.137785,79.544429,true,true,true
cross_modal_disagreement,cross_modal_disagreement,cross_modal_disagreement-s211,211,38.600000,0.961820,48.000616,0.257131,11.872509,2.118465,98.047580,true,true,true
cross_modal_disagreement,cross_modal_disagreement,cross_modal_disagreement-s211,211,38.700000,0.932287,59.156699,0.295511,11.867640,2.133443,81.283984,true,true,true
cross_modal_disagreement,cross_modal_disagreement,cross_modal_disagreement-s211,211,38.800000,0.952965,52.653063,0.272617,11.879820,2.134583,70.146959,true,true,true
cross_modal_disagreement,cross_modal_disagreement,cross_modal_disagreement-s211,211,38.900000,0.939665,61.691870,0.265859,11.859200,2.121314,88.532923,true,true,true
cross_modal_disagreement,cross_modal_disagreement,cross_modal_disagreement-s211,211,39.000000,0.944148,49.001957,0.294002,11.903916,2.138283,95.244109,true,true,true
cross_modal_disagreement,cross_modal_disagreement,cross_modal_disagreement-s211,211,39.100000,0.926357,41.475929,0.271290,11.798826,2.135323,90.860899,true,true,true
cross_modal_disagreement,cross_modal_disagreement,cross_modal_disagreement-s211,211,39.200000,0.935622,40.434891,0.283915,11.893831,2.172198,89.556971,true,true,true
cross_modal_disagreement,cross_modal_disagreement,cross_modal_disagreement-s211,211,39.300000,0.940495,47.560527,0.267850,11.838327,2.118038,75.922366,true,true,true
cross_modal_disagreement,cross_modal_disagreement,cross_modal_disagreement-s211,211,39.400000,0.947199,51.577417,0.288979,11.858588,2.154391,60.797440,true,true,true
cross_modal_disagreement,cross_modal_disagreement,cross_modal_disagreement-s211,211,39.500000,0.946053,43.294946,0.283098,11.870127,2.159690,78.990902,true,true,true
cross_modal_disagreement,cross_modal_disagreement,cross_modal_disagreement-s211,211,39.600000,0.931294,48.253454,0.280928,11.881310,2.165452,103.827886,true,true,true
cross_modal_disagreement,cross_modal_disagreement,cross_modal_disagreement-s211,211,39.700000,0.944947,33.384705,0.275922,11.874489,2.169098,74.576960,true,true,true
cross_modal_disagreement,cross_modal_disagreement,cross_modal_disagreement-s211,211,39.800000,0.947065,51.967596,0.279973,11.821499,2.149464,91.232030,true,true,true
cross_modal_disagreement,cross_modal_disagreement,cross_modal_disagreement-s211,211,39.900000,0.939012,58.681085,0.268277,11.828634,2.147817,76.851084,true,true,true
cross_modal_disagreement,cross_modal_disagreement,cross_modal_disagreement-s211,211,40.000000,0.943091,57.040896,0.269198,11.843708,2.158617,85.046906,true,true,true
cross_modal_disagreement,cross_modal_disagreement,cross_modal_disagreement-s211,211,40.100000,0.931982,51.371270,0.263148,11.831942,2.158951,73.579912,true,true,true
cross_modal_disagreement,cross_modal_disagreement,cross_modal_disagreement-s211,211,40.200000,0.931092,59.625102,0.291762,11.795945,2.165668,80.878437,true,true,true
cross_modal_disagreement,cross_modal_disagreement,cross_modal_disagreement-s211,211,40.300000,0.951904,46.097555,0.280602,11.780983,2.155073,62.585221,true,true,true
cross_modal_disagreement,cross_modal_disagreement,cross_modal_disagreement-s211,211,40.400000,0.931871,63.571582,0.265566,11.796312,2.176138,72.933665,true,true,true
cross_modal_disagreement,cross_modal_disagreement,cross_modal_disagreement-s211,211,40.500000,0.952039,32.751997,0.274473,11.849700,2.170341,98.437177,true,true,true
cross_modal_disagreement,cross_modal_disagreement,cross_modal_disagreement-s211,211,40.600000,0.934427,47.998982,0.286924,11.812879,2.124917,69.602686,true,true,true
cross_modal_disagreement,cross_modal_disagreement,cross_modal_disagreement-s211,211,40.700000,0.931190,45.755164,0.282482,11.767813,2.209127,77.950349,true,true,true
cross_modal_disagreement,cross_modal_disagreement,cross_modal_disagreement-s211,211,40.800000,0.935392,40.770979,0.256098,11.700433,2.176935,93.054300,true,true,true
cross_modal_disagreement,cross_modal_disagreement,cross_modal_disagreement-s211,211,40.900000,0.918154,53.836554,0.270284,11.711955,2.202259,86.269084,true,true,true
cross_modal_disagreement,cross_modal_disagreement,cross_modal_disagreement-s211,211,41.000000,0.949584,46.329230,0.250877,11.670388,2.157453,82.645646,true,true,true
cross_modal_disagreement,cross_modal_disagreement,cross_modal_disagreement-s211,211,41.100000,0.953276,50.882150,0.279605,11.672969,2.164398,79.150627,true,true,true
cross_modal_disagreement,cross_modal_disagreement,cross_modal_disagreement-s211,211,41.200000,0.935582,38.360721,0.274776,11.776133,2.176449,61.073026,true,true,true
cross_modal_disagreement,cross_modal_disagreement,cross_modal_disagreement-s211,211,41.300000,0.917684,49.472452,0.289957,11.708722,2.164415,48.383544,true,true,true
cross_modal_disagreement,cross_modal_disagreement,cross_modal_disagreement-s211,211,41.400000,0.948700,42.617969,0.259061,11.761028,2.228149,63.825882,true,true,true
cross_modal_disagreement,cross_modal_disagreement,cross_modal_disagreement-s211,211,41.500000,0.949254,44.376271,0.305771,11.734527,2.168524,58.343812,true,true,true
cross_modal_disagreement,cross_modal_disagreement,cross_modal_disagreement-s211,211,41.600000,0.957608,54.584291,0.263293,11.741852,2.198300,70.498356,true,true,true
cross_modal_disagreement,cross_modal_disagreement,cross_modal_disagreement-s211,211,41.700000,0.949375,47.258888,0.273527,11.681126,2.166607,91.451270,true,true,true
cross_modal_disagreement,cross_modal_disagreement,cross_modal_disagreement-s211,211,41.800000,0.937611,49.438301,0.278132,11.663617,2.168373,50.203666,true,true,true
cross_modal_disagreement,cross_modal_disagreement,cross_modal_disagreement-s211,211,41.900000,0.983598,54.115921,0.247113,11.644131,2.187277,65.420232,true,true,true
cross_modal_disagreement,cross_modal_disagreement,cross_modal_disagreement-s211,211,42.000000,0.946405,59.878466,0.274314,11.649205,2.168832,75.690549,true,true,true
cross_modal_disagreement,cross_modal_disagreement,cross_modal_disagreement-s211,211,42.100000,0.935427,47.218764,0.272259,11.682169,2.225043,74.228634,true,true,true
cross_modal_disagreement,cross_modal_disagreement,cross_modal_disagreement-s211,211,42.200000,0.955523,44.714566,0.294842,11.652060,2.163279,85.481972,true,true,true
cross_modal_disagreement,cross_modal_disagreement,cross_modal_disagreement-s211,211,42.300000,0.923741,45.610542,0.254176,11.633563,2.147700,70.460335,true,true,true
cross_modal_disagreement,cross_modal_disagreement,cross_modal_disagreement-s211,211,42.400000,0.955605,47.860503,0.249970,11.712835,2.222345,70.085884,true,true,true
cross_modal_disagreement,cross_modal_disagreement,cross_modal_disagreement-s211,211,42.500000,0.942143,48.563406,0.267140,11.650194,2.187249,89.133404,true,true,true
cross_modal_disagreement,cross_modal_disagreement,cross_modal_disagreement-s211,211,42.600000,0.948239,53.266493,0.276014,11.663343,2.198152,75.873777,true,true,true
cross_modal_disagreement,cross_modal_disagreement,cross_modal_disagreement-s211,211,42.700000,0.939810,46.951388,0.226159,11.657664,2.139643,78.102248,true,true,true
cross_modal_disagreement,cross_modal_disagreement,cross_modal_disagreement-s211,211,42.800000,0.927019,45.363000,0.284603,11.653243,2.181701,81.147339,true,true,true
cross_modal_disagreement,cross_modal_disagreement,cross_modal_disagreement-s211,211,42.900000,0.950937,44.475318,0.272341,11.675333,2.122319,55.847179,true,true,true
cross_modal_disagreement,cross_modal_disagreement,cross_modal_disagreement-s211,211,43.000000,0.941856,48.845422,0.285520,11.614825,2.184178,87.839586,true,true,true
cross_modal_disagreement,cross_modal_disagreement,cross_modal_disagreement-s211,211,43.100000,0.953108,47.661538,0.293923,11.695330,2.181266,78.228810,true,true,true
cross_modal_disagreement,cross_modal_disagreement,cross_modal_disagreement-s211,211,43.200000,0.941845,48.532220,0.267759,11.638698,2.203656,71.307394,true,true,true
cross_modal_disagreement,cross_modal_disagreement,cross_modal_disagreement-s211,211,43.300000,0.939218,40.127661,0.279171,11.589430,2.265705,68.940765,true,true,true
cross_modal_disagreement,cross_modal_disagreement,cross_modal_disagreement-s211,211,43.400000,0.945142,40.912123,0.254707,11.687505,2.234278,66.622739,true,true,true
cross_modal_disagreement,cross_modal_disagreement,cross_modal_disagreement-s211,211,43.500000,0.928963,50.647464,0.266963,11.668486,2.186841,60.489362,true,true,true
cross_modal_disagreement,cross_modal_disagreement,cross_modal_disagreement-s211,211,43.600000,0.964022,36.818417,0.251674,11.667377,2.174415,53.232216,true,true,true
cross_modal_disagreement,cross_modal_disagreement,cross_modal_disagreement-s211,211,43.700000,0.925063,35.496353,0.284410,11.651576,2.175273,66.430385,true,true,true
cross_modal_disagreement,cross_modal_disagreement,cross_modal_disagreement-s211,211,43.800000,0.960021,57.331526,0.253229,11.639869,2.186586,75.029326,true,true,true
cross_modal_disagreement,cross_modal_disagreement,cross_modal_disagreement-s211,211,43.900000,0.923482,43.970104,0.253978,11.657045,2.162537,88.937192,true,true,true
cross_modal_disagreement,cross_modal_disagreement,cross_modal_disagreement-s211,211,44.000000,0.949276,51.339354,0.253218,11.629030,2.178022,74.237173,true,true,true
cross_modal_disagreement,cross_modal_disagreement,cross_modal_disagreement-s211,211,44.100000,0.945561,41.702991,0.259184,11.661770,2.152814,90.289224,true,true,true
cross_modal_disagreement,cross_modal_disagreement,cross_modal_disagreement-s211,211,44.200000,0.941277,47.728634,0.239135,11.660640,2.192339,92.912377,true,true,true
cross_modal_disagreement,cross_modal_disagreement,cross_modal_disagreement-s211,211,44.300000,0.931819,46.841966,0.265214,11.667389,2.183460,56.570114,true,true,true
cross_modal_disagreement,cross_modal_disagreement,cross_modal_disagreement-s211,211,44.400000,0.916917,59.107249,0.260439,11.650248,2.177525,93.575856,true,true,true
cross_modal_disagreement,cross_modal_disagreement,cross_modal_disagreement-s211,211,44.500000,0.945026,49.385906,0.273585,11.674515,2.191065,89.527876,true,true,true
cross_modal_disagreement,cross_modal_disagreement,cross_modal_disagreement-s211,211,44.600000,0.944067,55.333442,0.256366,11.706481,2.171791,52.453920,true,true,true
cross_modal_disagreement,cross_modal_disagreement,cross_modal_disagreement-s211,211,44.700000,0.933583,50.989539,0.288892,11.635655,2.169738,75.663270,true,true,true
cross_modal_disagreement,cross_modal_disagreement,cross_modal_disagreement-s211,211,44.800000,0.953491,54.404723,0.283597,11.632613,2.176400,62.543936,true,true,true
cross_modal_disagreement,cross_modal_disagreement,cross_modal_disagreement-s211,211,44.900000,0.940587,54.608439,0.262665,11.688557,2.124035,74.741864,true,true,true
cross_modal_disagreement,cross_modal_disagreement,cross_modal_disagreement-s211,211,45.000000,0.945734,39.950756,0.237498,11.633884,2.147627,93.316167,true,true,true
cross_modal_disagreement,cross_modal_disagreement,cross_modal_disagreement-s211,211,45.100000,0.941723,51.095039,0.281809,11.592524,2.121833,70.234771,true,true,true
cross_modal_disagreement,cross_modal_disagreement,cross_modal_disagreement-s211,211,45.200000,0.942003,55.990154,0.284744,11.730299,2.127464,111.681565,true,true,true
cross_modal_disagreement,cross_modal_disagreement,cross_modal_disagreement-s211,211,45.300000,0.940554,49.380638,0.278791,11.672373,2.132394,75.636665,true,true,true
cross_modal_disagreement,cross_modal_disagreement,cross_modal_disagreement-s211,211,45.400000,0.933649,49.912075,0.251670,11.646980,2.140341,81.644036,true,true,true
cross_modal_disagreement,cross_modal_disagreement,cross_modal_disagreement-s211,211,45.500000,0.937846,48.194027,0.255077,11.622027,2.114783,65.044564,true,true,true
cross_modal_disagreement,cross_modal_disagreement,cross_modal_disagreement-s211,211,45.600000,0.917446,56.821633,0.262790,11.682335,2.149777,87.725680,true,true,true
cross_modal_disagreement,cross_modal_disagreement,cross_modal_disagreement-s211,211,45.700000,0.947471,39.184783,0.262193,11.765599,2.102913,88.164467,true,true,true
cross_modal_disagreement,cross_modal_disagreement,cross_modal_disagreement-s211,211,45.800000,0.945527,40.255599,0.270996,11.653540,2.140846,73.700103,true,true,true
cross_modal_disagreement,cross_modal_disagreement,cross_modal_disagreement-s211,211,45.900000,0.950027,48.862723,0.286464,11.630120,2.105557,82.459129,true,true,true
cross_modal_disagreement,cross_modal_disagreement,cross_modal_disagreement-s211,211,46.000000,0.943307,41.351681,0.297933,11.723852,2.166651,77.333355,true,true,true
cross_modal_disagreement,cross_modal_disagreement,cross_modal_disagreement-s211,211,46.100000,0.932640,56.200142,0.288225,11.625809,2.080026,110.175493,true,true,true
cross_modal_disagreement,cross_modal_disagreement,cross_modal_disagreement-s211,211,46.200000,0.951090,45.908917,0.261884,11.690253,2.139220,93.178162,true,true,true
cross_modal_disagreement,cross_modal_disagreement,cross_modal_disagreement-s211,211,46.300000,0.939436,37.204849,0.251354,11.691720,2.102520,49.000238,true,true,true
cross_modal_disagreement,cross_modal_disagreement,cross_modal_disagreement-s211,211,46.400000,0.961722,54.573915,0.260408,11.593029,2.108657,71.419184,true,true,true
cross_modal_disagreement,cross_modal_disagreement,cross_modal_disagreement-s211,211,46.500000,0.934737,59.960867,0.287445,11.758068,2.091208,95.722730,true,true,true
cross_modal_disagreement,cross_modal_disagreement,cross_modal_disagreement-s211,211,46.600000,0.947264,48.239189,0.254672,11.782477,2.115559,63.257878,true,true,true
cross_modal_disagreement,cross_modal_disagreement,cross_modal_disagreement-s211,211,46.700000,0.922749,59.247698,0.295696,11.793142,2.074308,76.740275,true,true,true
cross_modal_disagreement,cross_modal_disagreement,cross_modal_disagreement-s211,211,46.800000,0.939277,41.509606,0.279696,11.665663,2.117722,76.258978,true,true,true
cross_modal_disagreement,cross_modal_disagreement,cross_modal_disagreement-s211,211,46.900000,0.926951,46.895354,0.263329,11.716937,2.127714,54.378038,true,true,true
cross_modal_disagreement,cross_modal_disagreement,cross_modal_disagreement-s211,211,47.000000,0.921223,41.797679,0.239044,11.729013,2.116218,103.924872,true,true,true
cross_modal_disagreement,cross_modal_disagreement,cross_modal_disagreement-s211,211,47.100000,0.933732,53.111227,0.267813,11.784177,2.047452,84.351562,true,true,true
cross_modal_disagreement,cross_modal_disagreement,cross_modal_disagreement-s211,211,47.200000,0.954538,41.236549,0.262198,11.734442,2.103056,73.410297,true,true,true
cross_modal_disagreement,cross_modal_disagreement,cross_modal_disagreement-s211,211,47.300000,0.926551,44.964440,0.265581,11.735586,2.138751,66.956817,true,true,true
cross_modal_disagreement,cross_modal_disagreement,cross_modal_disagreement-s211,211,47.400000,0.961034,41.235163,0.255517,11.750813,2.078238,48.571830,true,true,true
cross_modal_disagreement,cross_modal_disagreement,cross_modal_disagreement-s211,211,47.500000,0.940362,57.656839,0.264929,11.767925,2.113016,75.332099,true,true,true
cross_modal_disagreement,cross_modal_disagreement,cross_modal_disagreement-s211,211,47.600000,0.945907,45.487083,0.282466,11.795812,2.077844,90.331998,true,true,true
cross_modal_disagreement,cross_modal_disagreement,cross_modal_disagreement-s211,211,47.700000,0.928982,39.716256,0.290841,11.829916,2.093018,77.148456,true,true,true
cross_modal_disagreement,cross_modal_disagreement,cross_modal_disagreement-s211,211,47.800000,0.945238,53.194958,0.288705,11.763014,2.066803,91.805479,true,true,true
cross_modal_disagreement,cross_modal_disagreement,cross_modal_disagreement-s211,211,47.900000,0.921382,45.073918,0.298098,11.751081,2.121970,96.778473,true,true,true
cross_modal_disagreement,cross_modal_disagreement,cross_modal_disagreement-s211,211,48.000000,0.925406,41.342489,0.261843,11.849911,2.071679,75.728536,true,true,true
cross_modal_disagreement,cross_modal_disagreement,cross_modal_disagreement-s211,211,48.100000,0.946261,38.942819,0.281622,11.879585,2.103957,68.182948,true,true,true
cross_modal_disagreement,cross_modal_disagreement,cross_modal_disagreement-s211,211,48.200000,0.952288,35.084426,0.268889,11.814420,2.066696,45.044326,true,true,true
cross_modal_disagreement,cross_modal_disagreement,cross_modal_disagreement-s211,211,48.300000,0.926390,45.109895,0.267278,11.896677,2.067050,89.407314,true,true,true
cross_modal_disagreement,cross_modal_disagreement,cross_modal_disagreement-s211,211,48.400000,0.930452,47.883581,0.257467,11.846812,2.059222,61.530066,true,true,true
cross_modal_disagreement,cross_modal_disagreement,cross_modal_disagreement-s211,211,48.500000,0.948662,54.228369,0.255116,11.875976,2.100789,71.695447,true,true,true
cross_modal_disagreement,cross_modal_disagreement,cross_modal_disagreement-s211,211,48.600000,0.929426,39.456850,0.290106,11.843433,2.042138,78.288738,true,true,true
cross_modal_disagreement,cross_modal_disagreement,cross_modal_disagreement-s211,211,48.700000,0.922026,47.274464,0.264388,11.876231,2.094153,74.936370,true,true,true
cross_modal_disagreement,cross_modal_disagreement,cross_modal_disagreement-s211,211,48.800000,0.954694,50.069698,0.271159,11.916552,2.058064,65.869527,true,true,true
cross_modal_disagreement,cross_modal_disagreement,cross_modal_disagreement-s211,211,48.900000,0.958817,43.250253,0.295322,11.893583,2.020472,88.631329,true,true,true
cross_modal_disagreement,cross_modal_disagreement,cross_modal_disagreement-s211,211,49.000000,0.942287,53.422541,0.319215,11.919119,2.030876,72.162282,true,true,true
cross_modal_disagreement,cross_modal_disagreement,cross_modal_disagreement-s211,211,49.100000,0.944971,55.899656,0.279220,11.941967,2.060198,69.958695,true,true,true
cross_modal_disagreement,cross_modal_disagreement,cross_modal_disagreement-s211,211,49.200000,0.949692,43.546381,0.256061,11.826863,2.053644,103.520807,true,true,true
cross_modal_disagreement,cross_modal_disagreement,cross_modal_disagreement-s211,211,49.300000,0.940993,52.069254,0.251674,11.956511,2.096908,91.805272,true,true,true
cross_modal_disagreement,cross_modal_disagreement,cross_modal_disagreement-s211,211,49.400000,0.923553,49.219833,0.274315,11.901770,2.014915,74.234683,true,true,true
cross_modal_disagreement,cross_modal_disagreement,cross_modal_disagreement-s211,211,49.500000,0.938428,51.248155,0.262705,11.880050,2.050409,72.625105,true,true,true
cross_modal_disagreement,cross_modal_disagreement,cross_modal_disagreement-s211,211,49.600000,0.931754,38.999133,0.281540,11.880088,2.057848,77.442977,true,true,true
cross_modal_disagreement,cross_modal_disagreement,cross_modal_disagreement-s211,211,49.700000,0.937536,54.408292,0.273946,11.916214,2.021921,83.665898,true,true,true
cross_modal_disagreement,cross_modal_disagreement,cross_modal_disagreement-s211,211,49.800000,0.950636,37.613150,0.269105,11.936906,1.985558,61.589474,true,true,true
cross_modal_disagreement,cross_modal_disagreement,cross_modal_disagreement-s211,211,49.900000,0.942282,46.265316,0.257161,11.955468,2.049216,89.200545,true,true,true
cross_modal_disagreement,cross_modal_disagreement,cross_modal_disagreement-s211,211,50.000000,0.962260,50.948758,0.226777,12.052657,2.036656,76.863222,true,true,true
cross_modal_disagreement,cross_modal_disagreement,cross_modal_disagreement-s211,211,50.100000,0.933894,53.716326,0.281835,11.986522,2.024164,72.328586,true,true,true
cross_modal_disagreement,cross_modal_disagreement,cross_modal_disagreement-s211,211,50.200000,0.952044,75.603258,0.273181,12.042531,2.065191,86.716301,true,true,true
cross_modal_disagreement,cross_modal_disagreement,cross_modal_disagreement-s211,211,50.300000,0.924483,41.251433,0.284154,11.992327,2.018301,68.472485,true,true,true
cross_modal_disagreement,cross_modal_disagreement,cross_modal_disagreement-s211,211,50.400000,0.932696,44.275626,0.278685,11.988458,2.034142,84.178272,true,true,true
cross_modal_disagreement,cross_modal_disagreement,cross_modal_disagreement-s211,211,50.500000,0.944168,51.842626,0.238714,12.070842,2.052582,83.705828,true,true,true
cross_modal_disagreement,cross_modal_disagreement,cross_modal_disagreement-s211,211,50.600000,0.940659,58.053990,0.317736,12.055662,2.038261,65.840058,true,true,true
cross_modal_disagreement,cross_modal_disagreement,cross_modal_disagreement-s211,211,50.700000,0.936996,44.620507,0.285418,12.037237,2.017167,87.582451,true,true,true
cross_modal_disagreement,cross_modal_disagreement,cross_modal_disagreement-s211,211,50.800000,0.946883,47.570987,0.284093,12.083375,2.014319,80.458733,true,true,true
cross_modal_disagreement,cross_modal_disagreement,cross_modal_disagreement-s211,211,50.900000,0.945398,53.332192,0.255629,12.050324,2.070368,56.107939,true,true,true
cross_modal_disagreement,cross_modal_disagreement,cross_modal_disagreement-s211,211,51.000000,0.917830,52.415332,0.250176,12.053544,2.012241,55.065478,true,true,true
cross_modal_disagreement,cross_modal_disagreement,cross_modal_disagreement-s211,211,51.100000,0.926777,51.665784,0.258972,12.061167,2.014240,94.658426,true,true,true
cross_modal_disagreement,cross_modal_disagreement,cross_modal_disagreement-s211,211,51.200000,0.957322,50.889344,0.255945,12.068669,2.035603,93.191604,true,true,true
cross_modal_disagreement,cross_modal_disagreement,cross_modal_disagreement-s211,211,51.300000,0.943222,42.165366,0.242643,12.086871,2.028462,56.942319,true,true,true
cross_modal_disagreement,cross_modal_disagreement,cross_modal_disagreement-s211,211,51.400000,0.967650,45.133472,0.254154,12.086896,2.027605,86.345170,true,true,true
cross_modal_disagreement,cross_modal_disagreement,cross_modal_disagreement-s211,211,51.500000,0.949469,38.983208,0.272692,12.098749,2.026138,88.310618,true,true,true
cross_modal_disagreement,cross_modal_disagreement,cross_modal_disagreement-s211,211,51.600000,0.931760,53.155343,0.264146,12.067055,2.048062,58.494505,true,true,true
cross_modal_disagreement,cross_modal_disagreement,cross_modal_disagreement-s211,211,51.700000,0.943699,41.511611,0.249910,12.152399,2.019694,68.837636,true,true,true
cross_modal_disagreement,cross_modal_disagreement,cross_modal_disagreement-s211,211,51.800000,0.928456,43.297383,0.292959,12.094934,2.028794,91.921378,true,true,true
cross_modal_disagreement,cross_modal_disagreement,cross_modal_disagreement-s211,211,51.900000,0.912525,46.270154,0.264728,12.098510,2.002533,75.129199,true,true,true
cross_modal_disagreement,cross_modal_disagreement,cross_modal_disagreement-s211,211,52.000000,0.930954,38.306561,0.278431,12.138364,2.037792,67.461219,true,true,true
cross_modal_disagreement,cross_modal_disagreement,cross_modal_disagreement-s211,211,52.100000,0.954582,47.309192,0.263051,12.167978,1.980491,114.677039,true,true,true
cross_modal_disagreement,cross_modal_disagreement,cross_modal_disagreement-s211,211,52.200000,0.947418,49.147405,0.257265,12.100929,2.015164,90.585637,true,true,true
cross_modal_disagreement,cross_modal_disagreement,cross_modal_disagreement-s211,211,52.300000,0.943204,53.764914,0.281306,12.177547,1.992116,86.901798,true,true,true
cross_modal_disagreement,cross_modal_disagreement,cross_modal_disagreement-s211,211,52.400000,0.926939,40.793576,0.272260,12.199587,1.972176,68.511803,true,true,true
cross_modal_disagreement,cross_modal_disagreement,cross_modal_disagreement-s211,211,52.500000,0.927605,55.131233,0.277733,12.150289,2.022588,85.784543,true,true,true
cross_modal_disagreement,cross_modal_disagreement,cross_modal_disagreement-s211,211,52.600000,0.929150,41.483811,0.277794,12.170952,2.018076,78.841850,true,true,true
cross_modal_disagreement,cross_modal_disagreement,cross_modal_disagreement-s211,211,52.700000,0.949837,56.876250,0.273300,12.200716,2.008254,90.214209,true,true,true
cross_modal_disagreement,cross_modal_disagreement,cross_modal_disagreement-s211,211,52.800000,0.938848,41.641726,0.282310,12.167108,1.993274,51.859842,true,true,true
cross_modal_disagreement,cross_modal_disagreement,cross_modal_disagreement-s211,211,52.900000,0.951430,50.704603,0.278285,12.209045,1.997979,82.917564,true,true,true
cross_modal_disagreement,cross_modal_disagreement,cross_modal_disagreement-s211,211,53.000000,0.953685,49.510654,0.271320,12.162709,2.010923,88.983084,true,true,true
cross_modal_disagreement,cross_modal_disagreement,cross_modal_disagreement-s211,211,53.100000,0.943257,42.552785,0.269233,12.154493,1.992610,84.288522,true,true,true
cross_modal_disagreement,cross_modal_disagreement,cross_modal_disagreement-s211,211,53.200000,0.946684,52.958439,0.248795,12.321729,2.065127,81.399272,true,true,true
cross_modal_disagreement,cross_modal_disagreement,cross_modal_disagreement-s211,211,53.300000,0.971850,54.852050,0.262606,12.263786,2.078043,82.008606,true,true,true
cross_modal_disagreement,cross_modal_disagreement,cross_modal_disagreement-s211,211,53.400000,0.927517,51.859888,0.270203,12.225850,2.000330,72.321388,true,true,true
cross_modal_disagreement,cross_modal_disagreement,cross_modal_disagreement-s211,211,53.500000,0.933918,36.834973,0.270035,12.218146,2.038084,89.942964,true,true,true
cross_modal_disagreement,cross_modal_disagreement,cross_modal_disagreement-s211,211,53.600000,0.926739,52.572623,0.297231,12.236015,2.004498,91.116322,true,true,true
cross_modal_disagreement,cross_modal_disagreement,cross_modal_disagreement-s211,211,53.700000,0.929819,39.501389,0.270608,12.307583,2.050098,92.784868,true,true,true
cross_modal_disagreement,cross_modal_disagreement,cross_modal_disagreement-s211,211,53.800000,0.932967,51.885261,0.264148,12.311649,2.001038,74.441742,true,true,true
cross_modal_disagreement,cross_modal_disagreement,cross_modal_disagreement-s211,211,53.900000,0.939145,51.550120,0.274925,12.255654,2.030875,79.518401,true,true,true
cross_modal_disagreement,cross_modal_disagreement,cross_modal_disagreement-s211,211,54.000000,0.973626,39.641331,0.260275,12.275626,2.045313,71.019994,true,true,true
cross_modal_disagreement,cross_modal_disagreement,cross_modal_disagreement-s211,211,54.100000,0.949441,42.629678,0.256827,12.389334,2.039581,100.032577,true,true,true
cross_modal_disagreement,cross_modal_disagreement,cross_modal_disagreement-s211,211,54.200000,0.965279,49.420252,0.277842,12.314287,2.007269,89.456189,true,true,true
cross_modal_disagreement,cross_modal_disagreement,cross_modal_disagreement-s211,211,54.300000,0.948946,46.838156,0.265019,12.356487,2.078964,60.847620,true,true,true
cross_modal_disagreement,cross_modal_disagreement,cross_modal_disagreement-s211,211,54.400000,0.928751,48.484054,0.265200,12.322488,2.067104,57.564535,true,true,true
cross_modal_disagreement,cross_modal_disagreement,cross_modal_disagreement-s211,211,54.500000,0.926884,40.897729,0.238372,12.215738,2.016408,79.293656,true,true,true
cross_modal_disagreement,cross_modal_disagreement,cross_modal_disagreement-s211,211,54.600000,0.944431,51.642213,0.262033,12.249869,2.063271,107.356281,true,true,true
cross_modal_disagreement,cross_modal_disagreement,cross_modal_disagreement-s211,211,54.700000,0.956076,46.691966,0.258294,12.335290,2.059577,69.762681,true,true,true
cross_modal_disagreement,cross_modal_disagreement,cross_modal_disagreement-s211,211,54.800000,0.946735,40.258865,0.267704,12.357848,2.053768,74.345643,true,true,true
cross_modal_disagreement,cross_modal_disagreement,cross_modal_disagreement-s211,211,54.900000,0.959290,62.905062,0.292508,12.238860,2.070749,73.706509,true,true,true
cross_modal_disagreement,cross_modal_disagreement,cross_modal_disagreement-s211,211,55.000000,0.918658,43.490525,0.248340,12.264215,2.058871,82.227775,true,true,true
cross_modal_disagreement,cross_modal_disagreement,cross_modal_disagreement-s211,211,55.100000,0.920296,59.411352,0.288400,12.296466,2.086653,83.803850,true,true,true
cross_modal_disagreement,cross_modal_disagreement,cross_modal_disagreement-s211,211,55.200000,0.938734,53.277366,0.261995,12.362406,1.982139,97.504134,true,true,true
cross_modal_disagreement,cross_modal_disagreement,cross_modal_disagreement-s211,211,55.300000,0.928968,51.674073,0.255047,12.285795,2.085570,60.276381,true,true,true
cross_modal_disagreement,cross_modal_disagreement,cross_modal_disagreement-s211,211,55.400000,0.933548,45.662908,0.274320,12.292672,2.086361,113.362702,true,true,true
cross_modal_disagreement,cross_modal_disagreement,cross_modal_disagreement-s211,211,55.500000,0.941837,45.483101,0.258608,12.312353,2.053417,84.531181,true,true,true
cross_modal_disagreement,cross_modal_disagreement,cross_modal_disagreement-s211,211,55.600000,0.954524,51.077919,0.257649,12.353153,2.058075,89.306963,true,true,true
cross_modal_disagreement,cross_modal_disagreement,cross_modal_disagreement-s211,211,55.700000,0.938739,43.719129,0.294655,12.344372,2.077035,91.255818,true,true,true
cross_modal_disagreement,cross_modal_disagreement,cross_modal_disagreement-s211,211,55.800000,0.937963,46.158544,0.308516,12.307603,2.074731,62.089915,true,true,true
cross_modal_disagreement,cross_modal_disagreement,cross_modal_disagreement-s211,211,55.900000,0.923314,55.023305,0.257704,12.371227,2.097261,66.320917,true,true,true
cross_modal_disagreement,cross_modal_disagreement,cross_modal_disagreement-s211,211,56.000000,0.928929,42.479948,0.244189,12.399618,2.084259,91.398786,true,true,true
cross_modal_disagreement,cross_modal_disagreement,cross_modal_disagreement-s211,211,56.100000,0.935825,55.334961,0.255646,12.327173,2.074764,86.293612,true,true,true
cross_modal_disagreement,cross_modal_disagreement,cross_modal_disagreement-s211,211,56.200000,0.929286,42.741941,0.271823,12.307647,2.098613,50.089224,true,true,true
cross_modal_disagreement,cross_modal_disagreement,cross_modal_disagreement-s211,211,56.300000,0.939239,57.116407,0.284434,12.350716,2.112201,67.675517,true,true,true
cross_modal_disagreement,cross_modal_disagreement,cross_modal_disagreement-s211,211,56.400000,0.928380,41.312065,0.257337,12.382504,2.050111,77.648694,true,true,true
cross_modal_disagreement,cross_modal_disagreement,cross_modal_disagreement-s211,211,56.500000,0.933081,62.753620,0.256958,12.321078,2.118960,51.034989,true,true,true
cross_modal_disagreement,cross_modal_disagreement,cross_modal_disagreement-s211,211,56.600000,0.948631,47.311716,0.270630,12.348406,2.109469,105.667694,true,true,true
cross_modal_disagreement,cross_modal_disagreement,cross_modal_disagreement-s211,211,56.700000,0.940863,44.591353,0.257080,12.426355,2.118052,70.640196,true,true,true
cross_modal_disagreement,cross_modal_disagreement,cross_modal_disagreement-s211,211,56.800000,0.956818,55.487431,0.279496,12.406773,2.128962,76.441724,true,true,true
cross_modal_disagreement,cross_modal_disagreement,cross_modal_disagreement-s211,211,56.900000,0.928163,48.681423,0.290263,12.410801,2.108421,77.387293,true,true,true
cross_modal_disagreement,cross_modal_disagreement,cross_modal_disagreement-s211,211,57.000000,0.943495,43.371451,0.269868,12.297065,2.084440,88.190541,true,true,true
cross_modal_disagreement,cross_modal_disagreement,cross_modal_disagreement-s211,211,57.100000,0.928214,41.798683,0.278599,12.421929,2.069207,94.851755,true,true,true
cross_modal_disagreement,cross_modal_disagreement,cross_modal_disagreement-s211,211,57.200000,0.931164,42.249433,0.252146,12.409860,2.117617,99.489466,true,true,true
cross_modal_disagreement,cross_modal_disagreement,cross_modal_disagreement-s211,211,57.300000,0.962028,46.833970,0.289300,12.413542,2.134735,86.114745,true,true,true
cross_modal_disagreement,cross_modal_disagreement,cross_modal_disagreement-s211,211,57.400000,0.962534,54.953049,0.266745,12.272145,2.136946,76.607896,true,true,true
cross_modal_disagreement,cross_modal_disagreement,cross_modal_disagreement-s211,211,57.500000,0.931995,52.373555,0.245416,12.279167,2.099876,61.652150,true,true,true
cross_modal_disagreement,cross_modal_disagreement,cross_modal_disagreement-s211,211,57.600000,0.934315,46.203570,0.245458,12.373431,2.128168,82.145479,true,true,true
cross_modal_disagreement,cross_modal_disagreement,cross_modal_disagreement-s211,211,57.700000,0.928717,40.797500,0.284785,12.373835,2.152549,75.446099,true,true,true
cross_modal_disagreement,cross_modal_disagreement,cross_modal_disagreement-s211,211,57.800000,0.930369,41.721228,0.257667,12.317828,2.132477,78.633743,true,true,true
cross_modal_disagreement,cross_modal_disagreement,cross_modal_disagreement-s211,211,57.900000,0.958088,50.077799,0.290206,12.393119,2.141549,79.429915,true,true,true
cross_modal_disagreement,cross_modal_disagreement,cross_modal_disagreement-s211,211,58.000000,0.940627,35.629175,0.268996,12.305451,2.155651,107.363107,true,true,true
cross_modal_disagreement,cross_modal_disagreement,cross_modal_disagreement-s211,211,58.100000,0.952791,58.037840,0.266319,12.276201,2.179958,94.639893,true,true,true
cross_modal_disagreement,cross_modal_disagreement,cross_modal_disagreement-s211,211,58.200000,0.920434,57.231049,0.290967,12.323446,2.156718,78.215079,true,true,true
cross_modal_disagreement,cross_modal_disagreement,cross_modal_disagreement-s211,211,58.300000,0.951876,40.559685,0.256717,12.306867,2.126763,85.820126,true,true,true
cross_modal_disagreement,cross_modal_disagreement,cross_modal_disagreement-s211,211,58.400000,0.942831,50.281041,0.258872,12.291669,2.114388,73.025608,true,true,true
cross_modal_disagreement,cross_modal_disagreement,cross_modal_disagreement-s211,211,58.500000,0.947708,47.790662,0.287640,12.330048,2.118053,68.814980,true,true,true
cross_modal_disagreement,cross_modal_disagreement,cross_modal_disagreement-s211,211,58.600000,0.940988,37.361164,0.270683,12.393137,2.133976,65.284877,true,true,true
cross_modal_disagreement,cross_modal_disagreement,cross_modal_disagreement-s211,211,58.700000,0.918608,46.392243,0.255651,12.282473,2.160294,99.857592,true,true,true
cross_modal_disagreement,cross_modal_disagreement,cross_modal_disagreement-s211,211,58.800000,0.927450,51.209264,0.289492,12.289686,2.130221,66.433709,true,true,true
cross_modal_disagreement,cross_modal_disagreement,cross_modal_disagreement-s211,211,58.900000,0.965091,41.832368,0.279585,12.244305,2.137063,68.770834,true,true,true
cross_modal_disagreement,cross_modal_disagreement,cross_modal_disagreement-s211,211,59.000000,0.909944,54.513297,0.247590,12.301624,2.161269,77.953757,true,true,true
cross_modal_disagreement,cross_modal_disagreement,cross_modal_disagreement-s211,211,59.100000,0.955780,45.670143,0.296046,12.224342,2.156494,75.345919,true,true,true
cross_modal_disagreement,cross_modal_disagreement,cross_modal_disagreement-s211,211,59.200000,0.919475,36.256318,0.250368,12.291173,2.179702,96.185898,true,true,true
cross_modal_disagreement,cross_modal_disagreement,cross_modal_disagreement-s211,211,59.300000,0.948755,48.586915,0.268653,12.252525,2.186024,69.163671,true,true,true
cross_modal_disagreement,cross_modal_disagreement,cross_modal_disagreement-s211,211,59.400000,0.941368,46.233464,0.261733,12.234956,2.183259,87.101740,true,true,true
cross_modal_disagreement,cross_modal_disagreement,cross_modal_disagreement-s211,211,59.500000,0.933907,47.290483,0.279702,12.238755,2.167801,86.151301,true,true,true
cross_modal_disagreement,cross_modal_disagreement,cross_modal_disagreement-s211,211,59.600000,0.923750,47.385438,0.273404,12.213134,2.173460,63.321186,true,true,true
cross_modal_disagreement,cross_modal_disagreement,cross_modal_disagreement-s211,211,59.700000,0.958809,54.254081,0.251682,12.224757,2.179211,100.221434,true,true,true
cross_modal_disagreement,cross_modal_disagreement,cross_modal_disagreement-s211,211,59.800000,0.918673,45.010310,0.280352,12.341389,2.198597,76.519618,true,true,true
cross_modal_disagreement,cross_modal_disagreement,cross_modal_disagreement-s211,211,59.900000,0.971000,70.074665,0.268948,12.228444,2.144412,76.285001,true,true,true
