scenario_id,fault,run_id,seed,timestamp_s,localization_confidence,lidar_age_ms,cross_modal_consistency,obstacle_distance_m,speed_mps,comm_age_ms,fallback_available,fault_active,scenario_oracle_positive
cross_modal_disagreement,cross_modal_disagreement,cross_modal_disagreement-s503,503,0.000000,0.945344,53.752942,0.925525,12.032264,2.103839,76.318037,true,false,false
cross_modal_disagreement,cross_modal_disagreement,cross_modal_disagreement-s503,503,0.100000,0.944413,37.451940,0.924687,12.010667,2.052699,67.461926,true,false,false
cross_modal_disagreement,cross_modal_disagreement,cross_modal_disagreement-s503,503,0.200000,0.923021,53.431334,0.947064,11.912260,2.090263,67.420298,true,false,false
cross_modal_disagreement,cross_modal_disagreement,cross_modal_disagreement-s503,503,0.300000,0.940287,38.563838,0.886319,12.038816,2.076346,87.545971,true,false,false
cross_modal_disagreement,cross_modal_disagreement,cross_modal_disagreement-s503,503,0.400000,0.934147,34.049590,0.942247,12.091072,2.119027,75.100976,true,false,false
cross_modal_disagreement,cross_modal_disagreement,cross_modal_disagreement-s503,503,0.500000,0.942661,56.439114,0.885583,12.079291,2.117377,79.006826,true,false,false
cross_modal_disagreement,cross_modal_disagreement,cross_modal_disagreement-s503,503,0.600000,0.951220,39.427952,0.905079,12.056783,2.063783,71.382083,true,false,false
cross_modal_disagreement,cross_modal_disagreement,cross_modal_disagreement-s503,503,0.700000,0.939164,39.971137,0.930270,12.089303,2.078729,83.134128,true,false,false
cross_modal_disagreement,cross_modal_disagreement,cross_modal_disagreement-s503,503,0.800000,0.954659,40.462682,0.924895,11.990937,2.106803,74.964231,true,false,false
cross_modal_disagreement,cross_modal_disagreement,cross_modal_disagreement-s503,503,0.900000,0.952340,44.455791,0.937610,12.039048,2.096899,71.015867,true,false,false
cross_modal_disagreement,cross_modal_disagreement,cross_modal_disagreement-s503,503,1.000000,0.944271,59.781746,0.937290,12.122538,2.133393,85.433586,true,false,false
cross_modal_disagreement,cross_modal_disagreement,cross_modal_disagreement-s503,503,1.100000,0.921377,31.109039,0.910450,12.059105,2.116135,102.135516,true,false,false
cross_modal_disagreement,cross_modal_disagreement,cross_modal_disagreement-s503,503,1.200000,0.936530,37.166045,0.932423,12.089861,2.155346,74.404909,true,false,false
cross_modal_disagreement,cross_modal_disagreement,cross_modal_disagreement-s503,503,1.300000,0.936843,47.186102,0.891778,12.061257,2.130132,82.900099,true,false,false
cross_modal_disagreement,cross_modal_disagreement,cross_modal_disagreement-s503,503,1.400000,0.919711,45.924405,0.916849,12.150191,2.155593,91.747623,true,false,false
cross_modal_disagreement,cross_modal_disagreement,cross_modal_disagreement-s503,503,1.500000,0.933961,41.749620,0.937241,12.098227,2.172616,69.708516,true,false,false
cross_modal_disagreement,cross_modal_disagreement,cross_modal_disagreement-s503,503,1.600000,0.951580,58.579099,0.946261,12.189096,2.128700,74.978975,true,false,false
cross_modal_disagreement,cross_modal_disagreement,cross_modal_disagreement-s503,503,1.700000,0.936701,54.228700,0.909065,12.161425,2.161010,83.536224,true,false,false
cross_modal_disagreement,cross_modal_disagreement,cross_modal_disagreement-s503,503,1.800000,0.947559,41.334245,0.913893,12.174337,2.150014,77.641921,true,false,false
cross_modal_disagreement,cross_modal_disagreement,cross_modal_disagreement-s503,503,1.900000,0.940960,48.492143,0.916329,12.141118,2.200587,91.322127,true,false,false
cross_modal_disagreement,cross_modal_disagreement,cross_modal_disagreement-s503,503,2.000000,0.948172,53.231752,0.922543,12.264084,2.137976,69.077907,true,false,false
cross_modal_disagreement,cross_modal_disagreement,cross_modal_disagreement-s503,503,2.100000,0.946497,48.794620,0.909153,12.148087,2.135820,65.031099,true,false,false
cross_modal_disagreement,cross_modal_disagreement,cross_modal_disagreement-s503,503,2.200000,0.927082,49.879211,0.910538,12.214434,2.166346,87.171535,true,false,false
cross_modal_disagreement,cross_modal_disagreement,cross_modal_disagreement-s503,503,2.300000,0.943272,44.036095,0.928317,12.244591,2.152382,72.898975,true,false,false
cross_modal_disagreement,cross_modal_disagreement,cross_modal_disagreement-s503,503,2.400000,0.936510,39.731258,0.922970,12.194797,2.171653,103.269172,true,false,false
cross_modal_disagreement,cross_modal_disagreement,cross_modal_disagreement-s503,503,2.500000,0.925142,36.361937,0.898065,12.302373,2.116389,94.038027,true,false,false
cross_modal_disagreement,cross_modal_disagreement,cross_modal_disagreement-s503,503,2.600000,0.954484,50.031197,0.905418,12.246771,2.168301,75.336890,true,false,false
cross_modal_disagreement,cross_modal_disagreement,cross_modal_disagreement-s503,503,2.700000,0.927130,41.358827,0.919181,12.136823,2.155224,86.518642,true,false,false
cross_modal_disagreement,cross_modal_disagreement,cross_modal_disagreement-s503,503,2.800000,0.939657,58.224600,0.912140,12.251860,2.176460,82.355774,true,false,false
cross_modal_disagreement,cross_modal_disagreement,cross_modal_disagreement-s503,503,2.900000,0.937286,38.761011,0.899374,12.235254,2.247102,83.502506,true,false,false
cross_modal_disagreement,cross_modal_disagreement,cross_modal_disagreement-s503,503,3.000000,0.947529,48.444842,0.918911,12.285858,2.175079,72.804743,true,false,false
cross_modal_disagreement,cross_modal_disagreement,cross_modal_disagreement-s503,503,3.100000,0.931371,53.912685,0.950299,12.245005,2.161488,110.739196,true,false,false
cross_modal_disagreement,cross_modal_disagreement,cross_modal_disagreement-s503,503,3.200000,0.964630,44.108939,0.908045,12.248462,2.179084,81.313541,true,false,false
cross_modal_disagreement,cross_modal_disagreement,cross_modal_disagreement-s503,503,3.300000,0.955183,40.384465,0.917322,12.228612,2.207243,106.392788,true,false,false
cross_modal_disagreement,cross_modal_disagreement,cross_modal_disagreement-s503,503,3.400000,0.939999,36.935833,0.936920,12.248809,2.159270,64.139419,true,false,false
cross_modal_disagreement,cross_modal_disagreement,cross_modal_disagreement-s503,503,3.500000,0.939058,39.501502,0.888218,12.205229,2.160404,84.948777,true,false,false
cross_modal_disagreement,cross_modal_disagreement,cross_modal_disagreement-s503,503,3.600000,0.957894,43.622445,0.907551,12.274128,2.169661,74.292159,true,false,false
cross_modal_disagreement,cross_modal_disagreement,cross_modal_disagreement-s503,503,3.700000,0.933896,47.313031,0.921342,12.253706,2.150156,88.188595,true,false,false
cross_modal_disagreement,cross_modal_disagreement,cross_modal_disagreement-s503,503,3.800000,0.946416,36.494986,0.912078,12.272675,2.159046,59.202953,true,false,false
cross_modal_disagreement,cross_modal_disagreement,cross_modal_disagreement-s503,503,3.900000,0.939676,47.536854,0.908028,12.282711,2.265852,88.097667,true,false,false
cross_modal_disagreement,cross_modal_disagreement,cross_modal_disagreement-s503,503,4.000000,0.949473,43.576153,0.943563,12.284562,2.241696,88.383595,true,false,false
cross_modal_disagreement,cross_modal_disagreement,cross_modal_disagreement-s503,503,4.100000,0.935596,32.340504,0.935207,12.299963,2.193474,90.994997,true,false,false
cross_modal_disagreement,cross_modal_disagreement,cross_modal_disagreement-s503,503,4.200000,0.936636,44.056453,0.917989,12.324010,2.209063,65.069581,true,false,false
cross_modal_disagreement,cross_modal_disagreement,cross_modal_disagreement-s503,503,4.300000,0.944533,57.927384,0.919864,12.334302,2.188740,105.554474,true,false,false
cross_modal_disagreement,cross_modal_disagreement,cross_modal_disagreement-s503,503,4.400000,0.937580,31.718096,0.918718,12.333615,2.134690,70.167646,true,false,false
cross_modal_disagreement,cross_modal_disagreement,cross_modal_disagreement-s503,503,4.500000,0.926891,44.620654,0.913441,12.396786,2.173769,83.965151,true,false,false
cross_modal_disagreement,cross_modal_disagreement,cross_modal_disagreement-s503,503,4.600000,0.936392,43.428690,0.944879,12.266551,2.187765,84.717361,true,false,false
cross_modal_disagreement,cross_modal_disagreement,cross_modal_disagreement-s503,503,4.700000,0.942162,60.060198,0.897377,12.310560,2.194579,80.660875,true,false,false
cross_modal_disagreement,cross_modal_disagreement,cross_modal_disagreement-s503,503,4.800000,0.934256,64.977812,0.912929,12.396757,2.145115,69.073699,true,false,false
cross_modal_disagreement,cross_modal_disagreement,cross_modal_disagreement-s503,503,4.900000,0.943108,39.637362,0.908370,12.358025,2.206797,99.396053,true,false,false
cross_modal_disagreement,cross_modal_disagreement,cross_modal_disagreement-s503,503,5.000000,0.950548,59.087391,0.875077,12.356937,2.173503,80.678016,true,false,false
cross_modal_disagreement,cross_modal_disagreement,cross_modal_disagreement-s503,503,5.100000,0.923277,45.341050,0.928131,12.332190,2.186641,51.622688,true,false,false
cross_modal_disagreement,cross_modal_disagreement,cross_modal_disagreement-s503,503,5.200000,0.917761,44.073572,0.870728,12.289730,2.191903,49.447324,true,false,false
cross_modal_disagreement,cross_modal_disagreement,cross_modal_disagreement-s503,503,5.300000,0.934580,46.727262,0.887075,12.383033,2.159531,67.710148,true,false,false
cross_modal_disagreement,cross_modal_disagreement,cross_modal_disagreement-s503,503,5.400000,0.929526,51.262096,0.916811,12.373815,2.204619,79.832304,true,false,false
cross_modal_disagreement,cross_modal_disagreement,cross_modal_disagreement-s503,503,5.500000,0.929826,49.505910,0.923369,12.338609,2.208671,53.830453,true,false,false
cross_modal_disagreement,cross_modal_disagreement,cross_modal_disagreement-s503,503,5.600000,0.943302,41.816569,0.902958,12.297910,2.191829,90.253543,true,false,false
cross_modal_disagreement,cross_modal_disagreement,cross_modal_disagreement-s503,503,5.700000,0.952538,35.007179,0.942304,12.343560,2.164639,79.312351,true,false,false
cross_modal_disagreement,cross_modal_disagreement,cross_modal_disagreement-s503,503,5.800000,0.939571,44.290881,0.894065,12.341211,2.153719,79.955145,true,false,false
cross_modal_disagreement,cross_modal_disagreement,cross_modal_disagreement-s503,503,5.900000,0.928392,49.489483,0.924010,12.347778,2.122600,68.002766,true,false,false
cross_modal_disagreement,cross_modal_disagreement,cross_modal_disagreement-s503,503,6.000000,0.931668,41.511669,0.905679,12.366048,2.178709,99.693453,true,false,false
cross_modal_disagreement,cross_modal_disagreement,cross_modal_disagreement-s503,503,6.100000,0.940307,64.405352,0.905697,12.359273,2.183840,87.006107,true,false,false
cross_modal_disagreement,cross_modal_disagreement,cross_modal_disagreement-s503,503,6.200000,0.919998,44.649940,0.909083,12.334806,2.184710,68.875624,true,false,false
cross_modal_disagreement,cross_modal_disagreement,cross_modal_disagreement-s503,503,6.300000,0.919161,58.482578,0.912365,12.299500,2.166797,73.589741,true,false,false
cross_modal_disagreement,cross_modal_disagreement,cross_modal_disagreement-s503,503,6.400000,0.956727,45.100171,0.907523,12.319400,2.159977,85.320930,true,false,false
cross_modal_disagreement,cross_modal_disagreement,cross_modal_disagreement-s503,503,6.500000,0.947413,47.091660,0.921678,12.408859,2.136452,75.856236,true,false,false
cross_modal_disagreement,cross_modal_disagreement,cross_modal_disagreement-s503,503,6.600000,0.936430,43.398973,0.934939,12.355757,2.137348,75.969966,true,false,false
cross_modal_disagreement,cross_modal_disagreement,cross_modal_disagreement-s503,503,6.700000,0.952532,44.827696,0.913926,12.344260,2.138418,87.410791,true,false,false
cross_modal_disagreement,cross_modal_disagreement,cross_modal_disagreement-s503,503,6.800000,0.915871,46.817452,0.911616,12.279954,2.150988,84.846652,true,false,false
cross_modal_disagreement,cross_modal_disagreement,cross_modal_disagreement-s503,503,6.900000,0.952602,55.973984,0.900888,12.358484,2.166927,79.361895,true,false,false
cross_modal_disagreement,cross_modal_disagreement,cross_modal_disagreement-s503,503,7.000000,0.939767,58.192431,0.907943,12.341144,2.196074,85.978926,true,false,false
cross_modal_disagreement,cross_modal_disagreement,cross_modal_disagreement-s503,503,7.100000,0.919336,45.816189,0.931156,12.432775,2.168980,81.295635,true,false,false
cross_modal_disagreement,cross_modal_disagreement,cross_modal_disagreement-s503,503,7.200000,0.937063,49.989601,0.955343,12.296238,2.162169,59.250742,true,false,false
cross_modal_disagreement,cross_modal_disagreement,cross_modal_disagreement-s503,503,7.300000,0.957797,46.650028,0.885596,12.314523,2.138684,56.261240,true,false,false
cross_modal_disagreement,cross_modal_disagreement,cross_modal_disagreement-s503,503,7.400000,0.942773,47.150139,0.945917,12.341275,2.177250,80.647478,true,false,false
cross_modal_disagreement,cross_modal_disagreement,cross_modal_disagreement-s503,503,7.500000,0.924984,56.352097,0.944006,12.363708,2.144707,109.943982,true,false,false
cross_modal_disagreement,cross_modal_disagreement,cross_modal_disagreement-s503,503,7.600000,0.929527,38.676635,0.939692,12.261602,2.161333,66.555857,true,false,false
cross_modal_disagreement,cross_modal_disagreement,cross_modal_disagreement-s503,503,7.700000,0.944827,42.170875,0.915637,12.291272,2.146555,83.366294,true,false,false
cross_modal_disagreement,cross_modal_disagreement,cross_modal_disagreement-s503,503,7.800000,0.912217,46.269213,0.928674,12.344499,2.170884,109.958966,true,false,false
cross_modal_disagreement,cross_modal_disagreement,cross_modal_disagreement-s503,503,7.900000,0.946378,45.499818,0.922663,12.322043,2.149585,86.105845,true,false,false
cross_modal_disagreement,cross_modal_disagreement,cross_modal_disagreement-s503,503,8.000000,0.922962,50.329963,0.887896,12.313801,2.129778,90.733213,true,false,false
cross_modal_disagreement,cross_modal_disagreement,cross_modal_disagreement-s503,503,8.100000,0.929906,59.082972,0.887741,12.273694,2.124528,89.069672,true,false,false
cross_modal_disagreement,cross_modal_disagreement,cross_modal_disagreement-s503,503,8.200000,0.944035,45.503428,0.935937,12.369139,2.108731,85.109589,true,false,false
cross_modal_disagreement,cross_modal_disagreement,cross_modal_disagreement-s503,503,8.300000,0.937894,48.318969,0.906774,12.339984,2.098844,66.874123,true,false,false
cross_modal_disagreement,cross_modal_disagreement,cross_modal_disagreement-s503,503,8.400000,0.945654,44.092771,0.899041,12.321443,2.164665,93.019639,true,false,false
cross_modal_disagreement,cross_modal_disagreement,cross_modal_disagreement-s503,503,8.500000,0.946748,32.405339,0.911575,12.345792,2.103280,77.309042,true,false,false
cross_modal_disagreement,cross_modal_disagreement,cross_modal_disagreement-s503,503,8.600000,0.940285,49.397081,0.914880,12.264779,2.113810,74.782796,true,false,false
cross_modal_disagreement,cross_modal_disagreement,cross_modal_disagreement-s503,503,8.700000,0.947296,51.124874,0.948811,12.299270,2.099293,90.896337,true,false,false
cross_modal_disagreement,cross_modal_disagreement,cross_modal_disagreement-s503,503,8.800000,0.932662,48.198519,0.874621,12.233144,2.091477,65.579648,true,false,false
cross_modal_disagreement,cross_modal_disagreement,cross_modal_disagreement-s503,503,8.900000,0.935909,45.028346,0.891228,12.220125,2.109004,86.681878,true,false,false
cross_modal_disagreement,cross_modal_disagreement,cross_modal_disagreement-s503,503,9.000000,0.956601,52.914547,0.912323,12.281919,2.142826,82.321826,true,false,false
cross_modal_disagreement,cross_modal_disagreement,cross_modal_disagreement-s503,503,9.100000,0.949002,46.588906,0.934144,12.291240,2.150406,71.385307,true,false,false
cross_modal_disagreement,cross_modal_disagreement,cross_modal_disagreement-s503,503,9.200000,0.912379,36.193530,0.901634,12.265149,2.107504,89.313979,true,false,false
cross_modal_disagreement,cross_modal_disagreement,cross_modal_disagreement-s503,503,9.300000,0.943290,42.394548,0.920357,12.225016,2.114871,89.911704,true,false,false
cross_modal_disagreement,cross_modal_disagreement,cross_modal_disagreement-s503,503,9.400000,0.933098,40.411340,0.914393,12.233446,2.117308,68.394379,true,false,false
cross_modal_disagreement,cross_modal_disagreement,cross_modal_disagreement-s503,503,9.500000,0.943116,46.621830,0.936880,12.270498,2.103161,73.884756,true,false,false
cross_modal_disagreement,cross_modal_disagreement,cross_modal_disagreement-s503,503,9.600000,0.957949,49.923729,0.925710,12.241407,2.079607,68.466393,true,false,false
cross_modal_disagreement,cross_modal_disagreement,cross_modal_disagreement-s503,503,9.700000,0.956871,45.000103,0.884382,12.154335,2.065681,53.505619,true,false,false
cross_modal_disagreement,cross_modal_disagreement,cross_modal_disagreement-s503,503,9.800000,0.949357,36.496640,0.902824,12.208995,2.106889,88.790178,true,false,false
cross_modal_disagreement,cross_modal_disagreement,cross_modal_disagreement-s503,503,9.900000,0.932619,49.872113,0.881747,12.232803,2.077908,78.850318,true,false,false
cross_modal_disagreement,cross_modal_disagreement,cross_modal_disagreement-s503,503,10.000000,0.930681,46.273397,0.910595,12.183402,2.091731,61.471020,true,false,false
cross_modal_disagreement,cross_modal_disagreement,cross_modal_disagreement-s503,503,10.100000,0.951878,47.643076,0.914392,12.227206,2.078366,101.918696,true,false,false
cross_modal_disagreement,cross_modal_disagreement,cross_modal_disagreement-s503,503,10.200000,0.952746,35.669430,0.911676,12.162559,2.094259,83.373201,true,false,false
cross_modal_disagreement,cross_modal_disagreement,cross_modal_disagreement-s503,503,10.300000,0.932942,50.204040,0.910419,12.183003,2.082355,95.491375,true,false,false
cross_modal_disagreement,cross_modal_disagreement,cross_modal_disagreement-s503,503,10.400000,0.942171,36.855834,0.916810,12.209597,2.130934,97.015795,true,false,false
cross_modal_disagreement,cross_modal_disagreement,cross_modal_disagreement-s503,503,10.500000,0.929226,39.309204,0.922667,12.151271,2.098593,70.961972,true,false,false
cross_modal_disagreement,cross_modal_disagreement,cross_modal_disagreement-s503,503,10.600000,0.942144,42.529957,0.899361,12.143796,2.105145,40.156654,true,false,false
cross_modal_disagreement,cross_modal_disagreement,cross_modal_disagreement-s503,503,10.700000,0.972039,40.803887,0.932486,12.055426,2.058533,76.905261,true,false,false
cross_modal_disagreement,cross_modal_disagreement,cross_modal_disagreement-s503,503,10.800000,0.941927,35.016715,0.922377,12.118493,2.035229,91.880096,true,false,false
cross_modal_disagreement,cross_modal_disagreement,cross_modal_disagreement-s503,503,10.900000,0.962233,40.712716,0.935382,12.073657,2.091206,46.063781,true,false,false
cross_modal_disagreement,cross_modal_disagreement,cross_modal_disagreement-s503,503,11.000000,0.932473,54.669373,0.894442,12.159092,2.026299,67.673142,true,false,false
cross_modal_disagreement,cross_modal_disagreement,cross_modal_disagreement-s503,503,11.100000,0.931473,41.713279,0.908745,12.033927,2.080996,83.760268,true,false,false
cross_modal_disagreement,cross_modal_disagreement,cross_modal_disagreement-s503,503,11.200000,0.953727,49.109225,0.926582,12.089243,2.061122,81.807411,true,false,false
cross_modal_disagreement,cross_modal_disagreement,cross_modal_disagreement-s503,503,11.300000,0.967962,60.096615,0.931323,12.119795,2.067883,69.838023,true,false,false
cross_modal_disagreement,cross_modal_disagreement,cross_modal_disagreement-s503,503,11.400000,0.952210,53.895199,0.929372,12.083114,2.043676,47.371180,true,false,false
cross_modal_disagreement,cross_modal_disagreement,cross_modal_disagreement-s503,503,11.500000,0.925369,51.307126,0.884048,12.097587,2.082907,74.375561,true,false,false
cross_modal_disagreement,cross_modal_disagreement,cross_modal_disagreement-s503,503,11.600000,0.943939,32.085737,0.930652,12.062811,2.038681,79.785878,true,false,false
cross_modal_disagreement,cross_modal_disagreement,cross_modal_disagreement-s503,503,11.700000,0.922291,51.726924,0.937303,12.087100,2.005125,68.619303,true,false,false
cross_modal_disagreement,cross_modal_disagreement,cross_modal_disagreement-s503,503,11.800000,0.923114,46.105270,0.909213,12.060871,2.026850,94.359826,true,false,false
cross_modal_disagreement,cross_modal_disagreement,cross_modal_disagreement-s503,503,11.900000,0.933726,42.108098,0.919507,12.004624,2.035854,103.437812,true,false,false
cross_modal_disagreement,cross_modal_disagreement,cross_modal_disagreement-s503,503,12.000000,0.942463,34.765782,0.885842,12.030384,2.085079,90.677272,true,false,false
cross_modal_disagreement,cross_modal_disagreement,cross_modal_disagreement-s503,503,12.100000,0.934228,42.756891,0.926319,12.022903,2.091063,78.598798,true,false,false
cross_modal_disagreement,cross_modal_disagreement,cross_modal_disagreement-s503,503,12.200000,0.940259,43.055116,0.918126,12.050296,2.042150,100.335426,true,false,false
cross_modal_disagreement,cross_modal_disagreement,cross_modal_disagreement-s503,503,12.300000,0.938870,56.447221,0.930470,12.034210,2.030766,74.734510,true,false,false
cross_modal_disagreement,cross_modal_disagreement,cross_modal_disagreement-s503,503,12.400000,0.944430,52.357570,0.928096,12.046862,2.025984,71.200206,true,false,false
cross_modal_disagreement,cross_modal_disagreement,cross_modal_disagreement-s503,503,12.500000,0.933346,39.681350,0.927752,12.006692,2.023526,71.540633,true,false,false
cross_modal_disagreement,cross_modal_disagreement,cross_modal_disagreement-s503,503,12.600000,0.927751,40.968701,0.885971,11.973190,2.046946,74.576326,true,false,false
cross_modal_disagreement,cross_modal_disagreement,cross_modal_disagreement-s503,503,12.700000,0.952513,54.754367,0.921644,12.002347,2.002012,109.492566,true,false,false
cross_modal_disagreement,cross_modal_disagreement,cross_modal_disagreement-s503,503,12.800000,0.935250,50.823687,0.910626,11.935433,2.018916,94.600561,true,false,false
cross_modal_disagreement,cross_modal_disagreement,cross_modal_disagreement-s503,503,12.900000,0.941250,45.094855,0.952400,11.979610,2.037479,94.631049,true,false,false
cross_modal_disagreement,cross_modal_disagreement,cross_modal_disagreement-s503,503,13.000000,0.955810,41.535351,0.906997,11.956228,2.037740,77.372449,true,false,false
cross_modal_disagreement,cross_modal_disagreement,cross_modal_disagreement-s503,503,13.100000,0.923715,50.959073,0.937105,11.919017,2.010528,80.890151,true,false,false
cross_modal_disagreement,cross_modal_disagreement,cross_modal_disagreement-s503,503,13.200000,0.938234,43.931865,0.911070,11.903778,2.016983,70.995373,true,false,false
cross_modal_disagreement,cross_modal_disagreement,cross_modal_disagreement-s503,503,13.300000,0.968184,53.466300,0.878773,11.869641,2.001382,84.193092,true,false,false
cross_modal_disagreement,cross_modal_disagreement,cross_modal_disagreement-s503,503,13.400000,0.947932,38.924080,0.907369,11.979237,2.011210,103.906276,true,false,false
cross_modal_disagreement,cross_modal_disagreement,cross_modal_disagreement-s503,503,13.500000,0.939160,41.041344,0.908439,11.898455,2.016901,102.038439,true,false,false
cross_modal_disagreement,cross_modal_disagreement,cross_modal_disagreement-s503,503,13.600000,0.937446,39.305792,0.899723,11.904537,2.004110,77.886238,true,false,false
cross_modal_disagreement,cross_modal_disagreement,cross_modal_disagreement-s503,503,13.700000,0.915895,41.541123,0.898363,11.898761,2.037975,86.597763,true,false,false
cross_modal_disagreement,cross_modal_disagreement,cross_modal_disagreement-s503,503,13.800000,0.935244,45.180289,0.937706,11.907637,2.024957,89.844437,true,false,false
cross_modal_disagreement,cross_modal_disagreement,cross_modal_disagreement-s503,503,13.900000,0.940504,38.183864,0.932118,11.828648,2.034584,87.079708,true,false,false
cross_modal_disagreement,cross_modal_disagreement,cross_modal_disagreement-s503,503,14.000000,0.946568,41.634153,0.918442,11.931933,2.002107,81.471565,true,false,false
cross_modal_disagreement,cross_modal_disagreement,cross_modal_disagreement-s503,503,14.100000,0.926801,51.938835,0.911536,11.879442,2.021161,69.273942,true,false,false
cross_modal_disagreement,cross_modal_disagreement,cross_modal_disagreement-s503,503,14.200000,0.934222,47.694279,0.900548,11.906558,2.003140,90.385809,true,false,false
cross_modal_disagreement,cross_modal_disagreement,cross_modal_disagreement-s503,503,14.300000,0.940668,45.358419,0.940163,11.753567,2.049924,65.564037,true,false,false
cross_modal_disagreement,cross_modal_disagreement,cross_modal_disagreement-s503,503,14.400000,0.945538,40.399536,0.919339,11.865190,2.025118,64.729880,true,false,false
cross_modal_disagreement,cross_modal_disagreement,cross_modal_disagreement-s503,503,14.500000,0.944572,64.013321,0.933332,11.784449,2.018437,57.580571,true,false,false
cross_modal_disagreement,cross_modal_disagreement,cross_modal_disagreement-s503,503,14.600000,0.961429,62.227989,0.918445,11.822432,2.012795,73.941148,true,false,false
cross_modal_disagreement,cross_modal_disagreement,cross_modal_disagreement-s503,503,14.700000,0.932198,46.132723,0.915443,11.791749,2.023718,77.075807,true,false,false
cross_modal_disagreement,cross_modal_disagreement,cross_modal_disagreement-s503,503,14.800000,0.973568,40.386019,0.901744,11.816870,2.014690,65.848001,true,false,false
cross_modal_disagreement,cross_modal_disagreement,cross_modal_disagreement-s503,503,14.900000,0.923017,42.854482,0.927840,11.824832,2.015607,67.774625,true,false,false
cross_modal_disagreement,cross_modal_disagreement,cross_modal_disagreement-s503,503,15.000000,0.924713,51.168347,0.942041,11.741390,1.981711,88.462558,true,false,false
cross_modal_disagreement,cross_modal_disagreement,cross_modal_disagreement-s503,503,15.100000,0.954723,48.937865,0.941274,11.821840,2.023701,89.602422,true,false,false
cross_modal_disagreement,cross_modal_disagreement,cross_modal_disagreement-s503,503,15.200000,0.944075,56.816829,0.921374,11.801792,2.038314,64.765130,true,false,false
cross_modal_disagreement,cross_modal_disagreement,cross_modal_disagreement-s503,503,15.300000,0.941838,43.250967,0.909572,11.861773,2.039501,71.620901,true,false,false
cross_modal_disagreement,cross_modal_disagreement,cross_modal_disagreement-s503,503,15.400000,0.932405,42.055041,0.916776,11.754132,2.026217,87.041344,true,false,false
cross_modal_disagreement,cross_modal_disagreement,cross_modal_disagreement-s503,503,15.500000,0.932337,49.264584,0.922167,11.798672,2.027413,104.588128,true,false,false
cross_modal_disagreement,cross_modal_disagreement,cross_modal_disagreement-s503,503,15.600000,0.959481,44.596653,0.942766,11.715497,2.028673,74.739835,true,false,false
cross_modal_disagreement,cross_modal_disagreement,cross_modal_disagreement-s503,503,15.700000,0.943473,45.021579,0.943226,11.738554,2.054337,82.860627,true,false,false
cross_modal_disagreement,cross_modal_disagreement,cross_modal_disagreement-s503,503,15.800000,0.949401,38.836966,0.906083,11.747302,2.015268,82.708496,true,false,false
cross_modal_disagreement,cross_modal_disagreement,cross_modal_disagreement-s503,503,15.900000,0.948905,44.521404,0.940493,11.638563,2.024282,53.232852,true,false,false
cross_modal_disagreement,cross_modal_disagreement,cross_modal_disagreement-s503,503,16.000000,0.913216,53.357371,0.920782,11.680626,2.044434,70.612256,true,false,false
cross_modal_disagreement,cross_modal_disagreement,cross_modal_disagreement-s503,503,16.100000,0.947912,50.659519,0.921200,11.686499,2.061484,89.888776,true,false,false
cross_modal_disagreement,cross_modal_disagreement,cross_modal_disagreement-s503,503,16.200000,0.948880,47.778266,0.921830,11.737041,2.046979,88.874170,true,false,false
cross_modal_disagreement,cross_modal_disagreement,cross_modal_disagreement-s503,503,16.300000,0.944968,41.804215,0.929556,11.716989,2.057707,67.184988,true,false,false
cross_modal_disagreement,cross_modal_disagreement,cross_modal_disagreement-s503,503,16.400000,0.942493,63.703140,0.931226,11.715307,2.037643,84.852119,true,false,false
cross_modal_disagreement,cross_modal_disagreement,cross_modal_disagreement-s503,503,16.500000,0.945918,42.194098,0.941876,11.627650,2.035922,76.184401,true,false,false
cross_modal_disagreement,cross_modal_disagreement,cross_modal_disagreement-s503,503,16.600000,0.934315,46.413465,0.881114,11.715343,2.005726,71.317213,true,false,false
cross_modal_disagreement,cross_modal_disagreement,cross_modal_disagreement-s503,503,16.700000,0.948807,34.711356,0.915019,11.731158,2.018185,61.888931,true,false,false
cross_modal_disagreement,cross_modal_disagreement,cross_modal_disagreement-s503,503,16.800000,0.938379,48.822401,0.932732,11.710420,2.068506,93.386189,true,false,false
cross_modal_disagreement,cross_modal_disagreement,cross_modal_disagreement-s503,503,16.900000,0.908919,45.847868,0.890016,11.668873,2.082153,87.005010,true,false,false
cross_modal_disagreement,cross_modal_disagreement,cross_modal_disagreement-s503,503,17.000000,0.927950,41.179106,0.905538,11.685699,2.044954,58.885736,true,false,false
cross_modal_disagreement,cross_modal_disagreement,cross_modal_disagreement-s503,503,17.100000,0.950086,66.284253,0.927438,11.703019,2.077641,89.343933,true,false,false
cross_modal_disagreement,cross_modal_disagreement,cross_modal_disagreement-s503,503,17.200000,0.936320,55.062559,0.911807,11.650935,2.039585,87.894945,true,false,false
cross_modal_disagreement,cross_modal_disagreement,cross_modal_disagreement-s503,503,17.300000,0.923417,40.130712,0.893292,11.691459,2.104988,68.003244,true,false,false
cross_modal_disagreement,cross_modal_disagreement,cross_modal_disagreement-s503,503,17.400000,0.941750,55.112764,0.907449,11.719199,2.072482,61.486679,true,false,false
cross_modal_disagreement,cross_modal_disagreement,cross_modal_disagreement-s503,503,17.500000,0.920100,50.291581,0.933228,11.698984,2.048308,94.749731,true,false,false
cross_modal_disagreement,cross_modal_disagreement,cross_modal_disagreement-s503,503,17.600000,0.952355,52.844245,0.919759,11.669442,2.050293,99.359561,true,false,false
cross_modal_disagreement,cross_modal_disagreement,cross_modal_disagreement-s503,503,17.700000,0.927420,38.265548,0.883770,11.717927,2.083672,72.013734,true,false,false
cross_modal_disagreement,cross_modal_disagreement,cross_modal_disagreement-s503,503,17.800000,0.944997,37.784874,0.886967,11.645508,2.076230,90.288570,true,false,false
cross_modal_disagreement,cross_modal_disagreement,cross_modal_disagreement-s503,503,17.900000,0.929362,54.931400,0.950166,11.619309,2.049295,72.384074,true,false,false
cross_modal_disagreement,cross_modal_disagreement,cross_modal_disagreement-s503,503,18.000000,0.952405,37.818557,0.937510,11.612931,2.098278,79.375780,true,false,false
cross_modal_disagreement,cross_modal_disagreement,cross_modal_disagreement-s503,503,18.100000,0.942827,55.430898,0.882190,11.657366,2.081873,76.444660,true,false,false
cross_modal_disagreement,cross_modal_disagreement,cross_modal_disagreement-s503,503,18.200000,0.925361,50.926771,0.924413,11.547572,2.093956,94.497079,true,false,false
cross_modal_disagreement,cross_modal_disagreement,cross_modal_disagreement-s503,503,18.300000,0.967728,60.565173,0.921396,11.630199,2.117160,61.842765,true,false,false
cross_modal_disagreement,cross_modal_disagreement,cross_modal_disagreement-s503,503,18.400000,0.938183,54.074349,0.937936,11.658149,2.075322,73.680816,true,false,false
cross_modal_disagreement,cross_modal_disagreement,cross_modal_disagreement-s503,503,18.500000,0.946595,43.757857,0.921097,11.664810,2.065977,67.285726,true,false,false
cross_modal_disagreement,cross_modal_disagreement,cross_modal_disagreement-s503,503,18.600000,0.932014,54.474268,0.951341,11.625253,2.126298,64.947609,true,false,false
cross_modal_disagreement,cross_modal_disagreement,cross_modal_disagreement-s503,503,18.700000,0.923054,46.367936,0.908638,11.721869,2.099479,84.171148,true,false,false
cross_modal_disagreement,cross_modal_disagreement,cross_modal_disagreement-s503,503,18.800000,0.948649,50.870189,0.948788,11.672257,2.096379,60.470124,true,false,false
cross_modal_disagreement,cross_modal_disagreement,cross_modal_disagreement-s503,503,18.900000,0.941276,41.743946,0.902169,11.660161,2.075770,66.227449,true,false,false
cross_modal_disagreement,cross_modal_disagreement,cross_modal_disagreement-s503,503,19.000000,0.926680,43.594909,0.895683,11.618191,2.101127,67.920879,true,false,false
cross_modal_disagreement,cross_modal_disagreement,cross_modal_disagreement-s503,503,19.100000,0.944268,38.991987,0.938749,11.575011,2.060590,110.110456,true,false,false
cross_modal_disagreement,cross_modal_disagreement,cross_modal_disagreement-s503,503,19.200000,0.952002,52.791954,0.924899,11.638585,2.167892,55.113727,true,false,false
cross_modal_disagreement,cross_modal_disagreement,cross_modal_disagreement-s503,503,19.300000,0.930388,44.083983,0.900670,11.625379,2.112104,70.814812,true,false,false
cross_modal_disagreement,cross_modal_disagreement,cross_modal_disagreement-s503,503,19.400000,0.946873,45.471702,0.919415,11.721017,2.097235,84.091739,true,false,false
cross_modal_disagreement,cross_modal_disagreement,cross_modal_disagreement-s503,503,19.500000,0.924128,53.518916,0.963309,11.647533,2.158971,47.539221,true,false,false
cross_modal_disagreement,cross_modal_disagreement,cross_modal_disagreement-s503,503,19.600000,0.920354,39.035935,0.904254,11.616823,2.122244,82.808772,true,false,false
cross_modal_disagreement,cross_modal_disagreement,cross_modal_disagreement-s503,503,19.700000,0.930230,49.509364,0.927282,11.640202,2.126158,61.516394,true,false,false
cross_modal_disagreement,cross_modal_disagreement,cross_modal_disagreement-s503,503,19.800000,0.932529,55.683356,0.915860,11.678307,2.114439,73.655835,true,false,false
cross_modal_disagreement,cross_modal_disagreement,cross_modal_disagreement-s503,503,19.900000,0.923419,41.303588,0.941906,11.680599,2.100632,53.080320,true,false,false
cross_modal_disagreement,cross_modal_disagreement,cross_modal_disagreement-s503,503,20.000000,0.932827,48.948188,0.938627,11.691150,2.099314,73.625143,true,true,false
cross_modal_disagreement,cross_modal_disagreement,cross_modal_disagreement-s503,503,20.100000,0.941518,52.999939,0.870228,11.637235,2.141858,67.068091,true,true,false
cross_modal_disagreement,cross_modal_disagreement,cross_modal_disagreement-s503,503,20.200000,0.918364,53.215769,0.777168,11.656443,2.171180,85.610030,true,true,false
cross_modal_disagreement,cross_modal_disagreement,cross_modal_disagreement-s503,503,20.300000,0.945167,46.572578,0.747173,11.704538,2.145006,59.396651,true,true,false
cross_modal_disagreement,cross_modal_disagreement,cross_modal_disagreement-s503,503,20.400000,0.923325,56.116106,0.687588,11.729955,2.156186,61.980753,true,true,false
cross_modal_disagreement,cross_modal_disagreement,cross_modal_disagreement-s503,503,20.500000,0.944057,45.490875,0.647987,11.710367,2.166076,69.041913,true,true,false
cross_modal_disagreement,cross_modal_disagreement,cross_modal_disagreement-s503,503,20.600000,0.943038,45.171085,0.618626,11.642919,2.174007,73.776278,true,true,false
cross_modal_disagreement,cross_modal_disagreement,cross_modal_disagreement-s503,503,20.700000,0.938295,51.653349,0.530882,11.686781,2.131336,81.114358,true,true,false
cross_modal_disagreement,cross_modal_disagreement,cross_modal_disagreement-s503,503,20.800000,0.921451,41.930371,0.475807,11.632604,2.154318,91.282200,true,true,false
cross_modal_disagreement,cross_modal_disagreement,cross_modal_disagreement-s503,503,20.900000,0.948157,45.566991,0.430866,11.711143,2.149560,112.602264,true,true,false
cross_modal_disagreement,cross_modal_disagreement,cross_modal_disagreement-s503,503,21.000000,0.932966,45.929939,0.365056,11.744703,2.161964,81.069593,true,true,false
cross_modal_disagreement,cross_modal_disagreement,cross_modal_disagreement-s503,503,21.100000,0.935983,55.556959,0.325333,11.704758,2.143239,67.956265,true,true,true
cross_modal_disagreement,cross_modal_disagreement,cross_modal_disagreement-s503,503,21.200000,0.929081,49.169895,0.271081,11.782883,2.165831,82.880740,true,true,true
cross_modal_disagreement,cross_modal_disagreement,cross_modal_disagreement-s503,503,21.300000,0.907183,46.999523,0.265109,11.753352,2.140930,99.372806,true,true,true
cross_modal_disagreement,cross_modal_disagreement,cross_modal_disagreement-s503,503,21.400000,0.935531,53.472735,0.274276,11.769204,2.173543,82.951023,true,true,true
cross_modal_disagreement,cross_modal_disagreement,cross_modal_disagreement-s503,503,21.500000,0.952292,37.094046,0.256979,11.718922,2.190397,100.558866,true,true,true
cross_modal_disagreement,cross_modal_disagreement,cross_modal_disagreement-s503,503,21.600000,0.943730,39.614525,0.281332,11.775600,2.117553,97.220214,true,true,true
cross_modal_disagreement,cross_modal_disagreement,cross_modal_disagreement-s503,503,21.700000,0.938281,54.776453,0.254204,11.645359,2.200148,76.344753,true,true,true
cross_modal_disagreement,cross_modal_disagreement,cross_modal_disagreement-s503,503,21.800000,0.931691,65.930173,0.274719,11.796346,2.133315,59.140829,true,true,true
cross_modal_disagreement,cross_modal_disagreement,cross_modal_disagreement-s503,503,21.900000,0.947716,50.108468,0.286516,11.764506,2.122954,88.481315,true,true,true
cross_modal_disagreement,cross_modal_disagreement,cross_modal_disagreement-s503,503,22.000000,0.959510,44.054336,0.282556,11.834308,2.185137,84.868157,true,true,true
cross_modal_disagreement,cross_modal_disagreement,cross_modal_disagreement-s503,503,22.100000,0.948134,38.887324,0.265051,11.768051,2.182431,32.408892,true,true,true
cross_modal_disagreement,cross_modal_disagreement,cross_modal_disagreement-s503,503,22.200000,0.937679,46.049981,0.267980,11.749327,2.124055,74.532081,true,true,true
cross_modal_disagreement,cross_modal_disagreement,cross_modal_disagreement-s503,503,22.300000,0.929712,40.484813,0.274549,11.830712,2.163879,61.111864,true,true,true
cross_modal_disagreement,cross_modal_disagreement,cross_modal_disagreement-s503,503,22.400000,0.955116,53.723661,0.291461,11.819439,2.165308,86.725739,true,true,true
cross_modal_disagreement,cross_modal_disagreement,cross_modal_disagreement-s503,503,22.500000,0.939345,53.332609,0.274453,11.703981,2.218044,84.721596,true,true,true
cross_modal_disagreement,cross_modal_disagreement,cross_modal_disagreement-s503,503,22.600000,0.934915,38.789017,0.285294,11.825869,2.175374,71.282573,true,true,true
cross_modal_disagreement,cross_modal_disagreement,cross_modal_disagreement-s503,503,22.700000,0.935897,54.710102,0.283912,11.856312,2.173969,97.642576,true,true,true
cross_modal_disagreement,cross_modal_disagreement,cross_modal_disagreement-s503,503,22.800000,0.956986,46.944098,0.261920,11.834692,2.165701,60.294226,true,true,true
cross_modal_disagreement,cross_modal_disagreement,cross_modal_disagreement-s503,503,22.900000,0.933471,44.443708,0.289300,11.712855,2.154835,74.723615,true,true,true
cross_modal_disagreement,cross_modal_disagreement,cross_modal_disagreement-s503,503,23.000000,0.943979,44.599906,0.248207,11.830400,2.166593,97.973975,true,true,true
cross_modal_disagreement,cross_modal_disagreement,cross_modal_disagreement-s503,503,23.100000,0.940112,50.844053,0.257071,11.839341,2.188768,85.176444,true,true,true
cross_modal_disagreement,cross_modal_disagreement,cross_modal_disagreement-s503,503,23.200000,0.961546,38.953491,0.279663,11.805411,2.196166,77.079625,true,true,true
cross_modal_disagreement,cross_modal_disagreement,cross_modal_disagreement-s503,503,23.300000,0.931152,47.299441,0.271790,11.861160,2.166485,85.869222,true,true,true
cross_modal_disagreement,cross_modal_disagreement,cross_modal_disagreement-s503,503,23.400000,0.956601,52.581894,0.255421,11.820001,2.170359,84.098088,true,true,true
cross_modal_disagreement,cross_modal_disagreement,cross_modal_disagreement-s503,503,23.500000,0.935208,56.336468,0.286795,11.911091,2.141369,67.487267,true,true,true
cross_modal_disagreement,cross_modal_disagreement,cross_modal_disagreement-s503,503,23.600000,0.938687,50.386400,0.257969,11.883415,2.187144,83.737846,true,true,true
cross_modal_disagreement,cross_modal_disagreement,cross_modal_disagreement-s503,503,23.700000,0.942694,44.678156,0.285321,11.847696,2.125682,90.157679,true,true,true
cross_modal_disagreement,cross_modal_disagreement,cross_modal_disagreement-s503,503,23.800000,0.929579,59.161005,0.263446,11.908768,2.179059,88.699630,true,true,true
cross_modal_disagreement,cross_modal_disagreement,cross_modal_disagreement-s503,503,23.900000,0.928720,53.100961,0.252058,11.911574,2.169314,89.540153,true,true,true
cross_modal_disagreement,cross_modal_disagreement,cross_modal_disagreement-s503,503,24.000000,0.930864,44.495342,0.265958,11.875401,2.226832,92.728097,true,true,true
cross_modal_disagreement,cross_modal_disagreement,cross_modal_disagreement-s503,503,24.100000,0.926866,36.757862,0.263521,11.970462,2.200671,67.609097,true,true,true
cross_modal_disagreement,cross_modal_disagreement,cross_modal_disagreement-s503,503,24.200000,0.930056,53.959980,0.275977,11.887382,2.192974,68.229479,true,true,true
cross_modal_disagreement,cross_modal_disagreement,cross_modal_disagreement-s503,503,24.300000,0.949028,51.580585,0.266503,11.967464,2.178697,90.290860,true,true,true
cross_modal_disagreement,cross_modal_disagreement,cross_modal_disagreement-s503,503,24.400000,0.930467,58.197170,0.267049,11.959939,2.185271,91.159636,true,true,true
cross_modal_disagreement,cross_modal_disagreement,cross_modal_disagreement-s503,503,24.500000,0.940055,54.548887,0.250699,11.941062,2.190602,70.805683,true,true,true
cross_modal_disagreement,cross_modal_disagreement,cross_modal_disagreement-s503,503,24.600000,0.944378,49.688450,0.262587,11.956325,2.168279,79.507016,true,true,true
cross_modal_disagreement,cross_modal_disagreement,cross_modal_disagreement-s503,503,24.700000,0.957733,57.451965,0.309743,11.954085,2.174097,73.575626,true,true,true
cross_modal_disagreement,cross_modal_disagreement,cross_modal_disagreement-s503,503,24.800000,0.935150,61.719692,0.282392,11.979817,2.199103,82.799636,true,true,true
cross_modal_disagreement,cross_modal_disagreement,cross_modal_disagreement-s503,503,24.900000,0.938264,46.127620,0.287368,11.985515,2.105603,74.077070,true,true,true
cross_modal_disagreement,cross_modal_disagreement,cross_modal_disagreement-s503,503,25.000000,0.924671,53.538430,0.277153,11.956384,2.190711,98.936304,true,true,true
cross_modal_disagreement,cross_modal_disagreement,cross_modal_disagreement-s503,503,25.100000,0.938667,46.410767,0.260081,11.997193,2.160467,56.067448,true,true,true
cross_modal_disagreement,cross_modal_disagreement,cross_modal_disagreement-s503,503,25.200000,0.929831,45.210782,0.303743,12.011127,2.124344,80.921140,true,true,true
cross_modal_disagreement,cross_modal_disagreement,cross_modal_disagreement-s503,503,25.300000,0.927598,45.519852,0.284944,11.960300,2.174102,76.998199,true,true,true
cross_modal_disagreement,cross_modal_disagreement,cross_modal_disagreement-s503,503,25.400000,0.950837,41.609264,0.290779,12.019261,2.182580,85.359367,true,true,true
cross_modal_disagreement,cross_modal_disagreement,cross_modal_disagreement-s503,503,25.500000,0.944366,37.625843,0.257706,12.027791,2.150559,90.855611,true,true,true
cross_modal_disagreement,cross_modal_disagreement,cross_modal_disagreement-s503,503,25.600000,0.952947,50.860592,0.260959,12.023459,2.148603,64.777949,true,true,true
cross_modal_disagreement,cross_modal_disagreement,cross_modal_disagreement-s503,503,25.700000,0.949515,45.213532,0.272565,12.043020,2.153344,94.334550,true,true,true
cross_modal_disagreement,cross_modal_disagreement,cross_modal_disagreement-s503,503,25.800000,0.933644,36.807765,0.304935,12.051904,2.216420,68.855772,true,true,true
cross_modal_disagreement,cross_modal_disagreement,cross_modal_disagreement-s503,503,25.900000,0.922612,45.793001,0.274544,12.048079,2.175869,79.677676,true,true,true
cross_modal_disagreement,cross_modal_disagreement,cross_modal_disagreement-s503,503,26.000000,0.921566,42.288388,0.288217,12.156906,2.163990,68.574222,true,true,true
cross_modal_disagreement,cross_modal_disagreement,cross_modal_disagreement-s503,503,26.100000,0.935802,44.236957,0.293402,12.064030,2.198533,67.606651,true,true,true
cross_modal_disagreement,cross_modal_disagreement,cross_modal_disagreement-s503,503,26.200000,0.944250,40.082662,0.248510,12.048499,2.154326,56.639321,true,true,true
cross_modal_disagreement,cross_modal_disagreement,cross_modal_disagreement-s503,503,26.300000,0.947307,58.481734,0.275077,12.106857,2.117975,69.902432,true,true,true
cross_modal_disagreement,cross_modal_disagreement,cross_modal_disagreement-s503,503,26.400000,0.954797,41.410907,0.280385,12.101209,2.132001,66.903589,true,true,true
cross_modal_disagreement,cross_modal_disagreement,cross_modal_disagreement-s503,503,26.500000,0.921582,55.980055,0.264550,12.154093,2.135962,73.999489,true,true,true
cross_modal_disagreement,cross_modal_disagreement,cross_modal_disagreement-s503,503,26.600000,0.931742,54.557079,0.254813,12.071116,2.107769,97.637835,true,true,true
cross_modal_disagreement,cross_modal_disagreement,cross_modal_disagreement-s503,503,26.700000,0.927506,45.613714,0.280961,12.073260,2.106922,79.094165,true,true,true
cross_modal_disagreement,cross_modal_disagreement,cross_modal_disagreement-s503,503,26.800000,0.949562,57.524099,0.274567,12.088464,2.095812,91.764893,true,true,true
cross_modal_disagreement,cross_modal_disagreement,cross_modal_disagreement-s503,503,26.900000,0.923082,56.745750,0.267897,12.120047,2.132348,84.226114,true,true,true
cross_modal_disagreement,cross_modal_disagreement,cross_modal_disagreement-s503,503,27.000000,0.940656,39.502373,0.268487,12.205645,2.168217,72.894150,true,true,true
cross_modal_disagreement,cross_modal_disagreement,cross_modal_disagreement-s503,503,27.100000,0.914837,44.088843,0.250291,12.158780,2.104220,100.925107,true,true,true
cross_modal_disagreement,cross_modal_disagreement,cross_modal_disagreement-s503,503,27.200000,0.944912,56.908537,0.288831,12.149262,2.113065,61.782935,true,true,true
cross_modal_disagreement,cross_modal_disagreement,cross_modal_disagreement-s503,503,27.300000,0.957085,36.033224,0.296388,12.205516,2.154444,65.801253,true,true,true
cross_modal_disagreement,cross_modal_disagreement,cross_modal_disagreement-s503,503,27.400000,0.952851,38.567322,0.244216,12.251559,2.150178,76.587019,true,true,true
cross_modal_disagreement,cross_modal_disagreement,cross_modal_disagreement-s503,503,27.500000,0.950238,44.888726,0.273537,12.197005,2.089283,88.545655,true,true,true
cross_modal_disagreement,cross_modal_disagreement,cross_modal_disagreement-s503,503,27.600000,0.941507,53.154565,0.267404,12.311974,2.085107,85.349673,true,true,true
cross_modal_disagreement,cross_modal_disagreement,cross_modal_disagreement-s503,503,27.700000,0.948627,42.599450,0.301468,12.277565,2.112196,85.627239,true,true,true
cross_modal_disagreement,cross_modal_disagreement,cross_modal_disagreement-s503,503,27.800000,0.940763,47.384225,0.267148,12.216654,2.177136,81.621818,true,true,true
cross_modal_disagreement,cross_modal_disagreement,cross_modal_disagreement-s503,503,27.900000,0.945537,49.535511,0.256078,12.233816,2.173548,77.815091,true,true,true
cross_modal_disagreement,cross_modal_disagreement,cross_modal_disagreement-s503,503,28.000000,0.938824,47.937925,0.265533,12.245715,2.110318,91.103552,true,true,true
cross_modal_disagreement,cross_modal_disagreement,cross_modal_disagreement-s503,503,28.100000,0.949148,45.914137,0.277238,12.230688,2.134056,84.936635,true,true,true
cross_modal_disagreement,cross_modal_disagreement,cross_modal_disagreement-s503,503,28.200000,0.945825,49.975687,0.260831,12.249266,2.141506,101.457175,true,true,true
cross_modal_disagreement,cross_modal_disagreement,cross_modal_disagreement-s503,503,28.300000,0.968877,54.609274,0.240487,12.309492,2.101351,61.267917,true,true,true
cross_modal_disagreement,cross_modal_disagreement,cross_modal_disagreement-s503,503,28.400000,0.927060,48.199277,0.284889,12.258855,2.101712,74.455969,true,true,true
cross_modal_disagreement,cross_modal_disagreement,cross_modal_disagreement-s503,503,28.500000,0.913657,38.900581,0.301908,12.225579,2.134587,80.657891,true,true,true
cross_modal_disagreement,cross_modal_disagreement,cross_modal_disagreement-s503,503,28.600000,0.915121,42.475162,0.259874,12.194044,2.083808,79.018195,true,true,true
cross_modal_disagreement,cross_modal_disagreement,cross_modal_disagreement-s503,503,28.700000,0.935006,47.551313,0.256110,12.311178,2.102110,86.973356,true,true,true
cross_modal_disagreement,cross_modal_disagreement,cross_modal_disagreement-s503,503,28.800000,0.944517,51.090785,0.274138,12.260341,2.139415,91.122373,true,true,true
cross_modal_disagreement,cross_modal_disagreement,cross_modal_disagreement-s503,503,28.900000,0.934149,45.904796,0.235191,12.383839,2.089442,67.269827,true,true,true
cross_modal_disagreement,cross_modal_disagreement,cross_modal_disagreement-s503,503,29.000000,0.932221,50.887817,0.273977,12.278482,2.060883,93.892359,true,true,true
cross_modal_disagreement,cross_modal_disagreement,cross_modal_disagreement-s503,503,29.100000,0.933045,49.395465,0.246849,12.265301,2.055377,74.310579,true,true,true
cross_modal_disagreement,cross_modal_disagreement,cross_modal_disagreement-s503,503,29.200000,0.945438,39.966029,0.247599,12.302111,2.063581,49.076709,true,true,true
cross_modal_disagreement,cross_modal_disagreement,cross_modal_disagreement-s503,503,29.300000,0.939716,39.277352,0.262722,12.343928,2.028287,91.814691,true,true,true
cross_modal_disagreement,cross_modal_disagreement,cross_modal_disagreement-s503,503,29.400000,0.942939,43.290706,0.248727,12.325007,2.049866,106.227629,true,true,true
cross_modal_disagreement,cross_modal_disagreement,cross_modal_disagreement-s503,503,29.500000,0.952043,47.704786,0.276800,12.413854,2.061522,79.245134,true,true,true
cross_modal_disagreement,cross_modal_disagreement,cross_modal_disagreement-s503,503,29.600000,0.922410,46.159719,0.283110,12.331719,2.038031,63.536594,true,true,true
cross_modal_disagreement,cross_modal_disagreement,cross_modal_disagreement-s503,503,29.700000,0.955310,58.684030,0.257871,12.302085,2.044652,85.719438,true,true,true
cross_modal_disagreement,cross_modal_disagreement,cross_modal_disagreement-s503,503,29.800000,0.943739,44.681118,0.263956,12.343369,2.088553,78.010647,true,true,true
cross_modal_disagreement,cross_modal_disagreement,cross_modal_disagreement-s503,503,29.900000,0.928367,37.390493,0.295068,12.364916,2.100841,89.408211,true,true,true
cross_modal_disagreement,cross_modal_disagreement,cross_modal_disagreement-s503,503,30.000000,0.938371,56.768944,0.276455,12.335204,2.045569,86.104231,true,true,true
cross_modal_disagreement,cross_modal_disagreement,cross_modal_disagreement-s503,503,30.100000,0.939933,52.058376,0.267486,12.299937,2.049202,77.515391,true,true,true
cross_modal_disagreement,cross_modal_disagreement,cross_modal_disagreement-s503,503,30.200000,0.952634,41.332100,0.272494,12.332131,2.055137,77.740083,true,true,true
cross_modal_disagreement,cross_modal_disagreement,cross_modal_disagreement-s503,503,30.300000,0.940069,58.061445,0.288642,12.419035,2.054968,62.571127,true,true,true
cross_modal_disagreement,cross_modal_disagreement,cross_modal_disagreement-s503,503,30.400000,0.948819,48.153891,0.247379,12.351314,2.037724,91.902307,true,true,true
cross_modal_disagreement,cross_modal_disagreement,cross_modal_disagreement-s503,503,30.500000,0.919070,32.415398,0.294000,12.387639,2.023715,74.071949,true,true,true
cross_modal_disagreement,cross_modal_disagreement,cross_modal_disagreement-s503,503,30.600000,0.937544,48.656962,0.273603,12.306325,2.039938,64.005520,true,true,true
cross_modal_disagreement,cross_modal_disagreement,cross_modal_disagreement-s503,503,30.700000,0.927060,55.089464,0.282728,12.339130,2.057418,76.509565,true,true,true
cross_modal_disagreement,cross_modal_disagreement,cross_modal_disagreement-s503,503,30.800000,0.925890,50.169441,0.246247,12.288143,2.053907,76.003359,true,true,true
cross_modal_disagreement,cross_modal_disagreement,cross_modal_disagreement-s503,503,30.900000,0.928825,47.442219,0.287963,12.342558,1.975958,97.365459,true,true,true
cross_modal_disagreement,cross_modal_disagreement,cross_modal_disagreement-s503,503,31.000000,0.924145,49.079776,0.251840,12.392796,2.049818,100.786476,true,true,true
cross_modal_disagreement,cross_modal_disagreement,cross_modal_disagreement-s503,503,31.100000,0.948375,54.614385,0.254026,12.306963,2.025599,82.963381,true,true,true
cross_modal_disagreement,cross_modal_disagreement,cross_modal_disagreement-s503,503,31.200000,0.955551,48.286935,0.284592,12.331503,2.032574,90.589111,true,true,true
cross_modal_disagreement,cross_modal_disagreement,cross_modal_disagreement-s503,503,31.300000,0.945389,47.644374,0.248917,12.327271,2.040495,71.045279,true,true,true
cross_modal_disagreement,cross_modal_disagreement,cross_modal_disagreement-s503,503,31.400000,0.935828,42.097843,0.286800,12.321762,2.006389,80.359199,true,true,true
cross_modal_disagreement,cross_modal_disagreement,cross_modal_disagreement-s503,503,31.500000,0.933579,35.346612,0.275470,12.324306,2.025728,66.577994,true,true,true
cross_modal_disagreement,cross_modal_disagreement,cross_modal_disagreement-s503,503,31.600000,0.913290,50.401824,0.280734,12.323720,2.081978,68.547474,true,true,true
cross_modal_disagreement,cross_modal_disagreement,cross_modal_disagreement-s503,503,31.700000,0.914893,53.549200,0.287722,12.309478,2.012384,102.490597,true,true,true
cross_modal_disagreement,cross_modal_disagreement,cross_modal_disagreement-s503,503,31.800000,0.964551,49.905086,0.291981,12.341718,2.051951,87.520182,true,true,true
cross_modal_disagreement,cross_modal_disagreement,cross_modal_disagreement-s503,503,31.900000,0.939726,35.412999,0.264869,12.391413,2.024646,84.539177,true,true,true
cross_modal_disagreement,cross_modal_disagreement,cross_modal_disagreement-s503,503,32.000000,0.931675,43.728738,0.263213,12.351392,2.008025,101.697578,true,true,true
cross_modal_disagreement,cross_modal_disagreement,cross_modal_disagreement-s503,503,32.100000,0.932385,53.016743,0.278087,12.372715,2.003510,76.522873,true,true,true
cross_modal_disagreement,cross_modal_disagreement,cross_modal_disagreement-s503,503,32.200000,0.934874,45.843714,0.267601,12.387066,2.004209,59.649814,true,true,true
cross_modal_disagreement,cross_modal_disagreement,cross_modal_disagreement-s503,503,32.300000,0.930389,32.912770,0.288632,12.379404,2.001969,80.796823,true,true,true
cross_modal_disagreement,cross_modal_disagreement,cross_modal_disagreement-s503,503,32.400000,0.927740,58.823566,0.258378,12.344671,2.056092,90.398342,true,true,true
cross_modal_disagreement,cross_modal_disagreement,cross_modal_disagreement-s503,503,32.500000,0.941507,49.603640,0.289642,12.351082,2.047563,60.510679,true,true,true
cross_modal_disagreement,cross_modal_disagreement,cross_modal_disagreement-s503,503,32.600000,0.941994,51.106477,0.298474,12.350072,2.015055,78.683144,true,true,true
cross_modal_disagreement,cross_modal_disagreement,cross_modal_disagreement-s503,503,32.700000,0.939045,44.045599,0.275069,12.389067,2.035718,81.559826,true,true,true
cross_modal_disagreement,cross_modal_disagreement,cross_modal_disagreement-s503,503,32.800000,0.947230,42.019528,0.261419,12.264941,2.012590,73.631566,true,true,true
cross_modal_disagreement,cross_modal_disagreement,cross_modal_disagreement-s503,503,32.900000,0.944509,57.030147,0.272011,12.385226,2.056584,82.566418,true,true,true
cross_modal_disagreement,cross_modal_disagreement,cross_modal_disagreement-s503,503,33.000000,0.968627,64.857817,0.292072,12.240323,2.021158,82.863307,true,true,true
cross_modal_disagreement,cross_modal_disagreement,cross_modal_disagreement-s503,503,33.100000,0.909437,41.846287,0.288002,12.278210,2.019882,54.768509,true,true,true
cross_modal_disagreement,cross_modal_disagreement,cross_modal_disagreement-s503,503,33.200000,0.954430,37.704110,0.250741,12.284160,1.986659,84.388282,true,true,true
cross_modal_disagreement,cross_modal_disagreement,cross_modal_disagreement-s503,503,33.300000,0.968910,40.254451,0.250235,12.323409,2.008383,69.546137,true,true,true
cross_modal_disagreement,cross_modal_disagreement,cross_modal_disagreement-s503,503,33.400000,0.941443,57.865774,0.259339,12.353613,2.038024,97.903191,true,true,true
cross_modal_disagreement,cross_modal_disagreement,cross_modal_disagreement-s503,503,33.500000,0.946806,53.302708,0.237380,12.286050,1.982370,70.704761,true,true,true
cross_modal_disagreement,cross_modal_disagreement,cross_modal_disagreement-s503,503,33.600000,0.931174,53.855736,0.271609,12.254500,2.001734,83.612129,true,true,true
cross_modal_disagreement,cross_modal_disagreement,cross_modal_disagreement-s503,503,33.700000,0.931504,48.858985,0.254785,12.277334,2.020399,82.355104,true,true,true
cross_modal_disagreement,cross_modal_disagreement,cross_modal_disagreement-s503,503,33.800000,0.938002,60.947355,0.293640,12.221497,2.054352,86.560396,true,true,true
cross_modal_disagreement,cross_modal_disagreement,cross_modal_disagreement-s503,503,33.900000,0.947459,45.852238,0.265989,12.272574,2.005284,79.723885,true,true,true
cross_modal_disagreement,cross_modal_disagreement,cross_modal_disagreement-s503,503,34.000000,0.971308,33.388949,0.272638,12.316253,1.985919,82.783805,true,true,true
cross_modal_disagreement,cross_modal_disagreement,cross_modal_disagreement-s503,503,34.100000,0.930400,42.995813,0.269804,12.207189,2.017507,75.850900,true,true,true
cross_modal_disagreement,cross_modal_disagreement,cross_modal_disagreement-s503,503,34.200000,0.931447,39.328587,0.272123,12.246973,2.040670,80.970206,true,true,true
cross_modal_disagreement,cross_modal_disagreement,cross_modal_disagreement-s503,503,34.300000,0.937092,29.974528,0.264071,12.240144,2.032491,72.208631,true,true,true
cross_modal_disagreement,cross_modal_disagreement,cross_modal_disagreement-s503,503,34.400000,0.941014,55.493079,0.300420,12.305026,2.061568,95.456850,true,true,true
cross_modal_disagreement,cross_modal_disagreement,cross_modal_disagreement-s503,503,34.500000,0.930079,42.589907,0.273253,12.250096,2.076079,101.399321,true,true,true
cross_modal_disagreement,cross_modal_disagreement,cross_modal_disagreement-s503,503,34.600000,0.945902,41.108760,0.254983,12.299602,2.043403,84.309756,true,true,true
cross_modal_disagreement,cross_modal_disagreement,cross_modal_disagreement-s503,503,34.700000,0.933225,43.212067,0.256921,12.168174,2.043432,77.972709,true,true,true
cross_modal_disagreement,cross_modal_disagreement,cross_modal_disagreement-s503,503,34.800000,0.925011,43.556889,0.265177,12.272641,2.039734,87.343156,true,true,true
cross_modal_disagreement,cross_modal_disagreement,cross_modal_disagreement-s503,503,34.900000,0.932949,47.986156,0.243636,12.263825,2.047940,69.000639,true,true,true
cross_modal_disagreement,cross_modal_disagreement,cross_modal_disagreement-s503,503,35.000000,0.942604,42.634016,0.269100,12.274059,2.026495,67.088906,true,true,true
cross_modal_disagreement,cross_modal_disagreement,cross_modal_disagreement-s503,503,35.100000,0.932736,48.692277,0.263695,12.180827,2.057971,61.632103,true,true,true
cross_modal_disagreement,cross_modal_disagreement,cross_modal_disagreement-s503,503,35.200000,0.952559,57.377778,0.252363,12.164642,2.020472,104.060154,true,true,true
cross_modal_disagreement,cross_modal_disagreement,cross_modal_disagreement-s503,503,35.300000,0.961437,50.540316,0.253602,12.250225,2.019653,71.212063,true,true,true
cross_modal_disagreement,cross_modal_disagreement,cross_modal_disagreement-s503,503,35.400000,0.935383,51.756892,0.261373,12.198571,2.004356,71.231251,true,true,true
cross_modal_disagreement,cross_modal_disagreement,cross_modal_disagreement-s503,503,35.500000,0.946938,44.100146,0.267376,12.112314,2.048145,98.114699,true,true,true
cross_modal_disagreement,cross_modal_disagreement,cross_modal_disagreement-s503,503,35.600000,0.951153,41.986711,0.278004,12.221009,2.085690,66.924470,true,true,true
cross_modal_disagreement,cross_modal_disagreement,cross_modal_disagreement-s503,503,35.700000,0.953908,48.009766,0.241614,12.203760,2.059293,76.162830,true,true,true
cross_modal_disagreement,cross_modal_disagreement,cross_modal_disagreement-s503,503,35.800000,0.957680,61.421527,0.288196,12.058244,2.048982,126.188247,true,true,true
cross_modal_disagreement,cross_modal_disagreement,cross_modal_disagreement-s503,503,35.900000,0.946751,36.666265,0.266977,12.128262,2.038456,84.924302,true,true,true
cross_modal_disagreement,cross_modal_disagreement,cross_modal_disagreement-s503,503,36.000000,0.954617,41.867413,0.259019,12.206865,2.075999,65.301964,true,true,true
cross_modal_disagreement,cross_modal_disagreement,cross_modal_disagreement-s503,503,36.100000,0.959248,44.352927,0.256131,12.120508,2.079648,74.667742,true,true,true
cross_modal_disagreement,cross_modal_disagreement,cross_modal_disagreement-s503,503,36.200000,0.955555,63.302881,0.292917,12.097590,2.047433,92.277406,true,true,true
cross_modal_disagreement,cross_modal_disagreement,cross_modal_disagreement-s503,503,36.300000,0.930006,33.769241,0.237718,12.106718,2.062045,76.107765,true,true,true
cross_modal_disagreement,cross_modal_disagreement,cross_modal_disagreement-s503,503,36.400000,0.934982,51.082203,0.312076,12.135499,2.044889,78.012976,true,true,true
cross_modal_disagreement,cross_modal_disagreement,cross_modal_disagreement-s503,503,36.500000,0.945858,50.354854,0.295187,12.048672,2.083641,64.426468,true,true,true
cross_modal_disagreement,cross_modal_disagreement,cross_modal_disagreement-s503,503,36.600000,0.940952,62.719409,0.274079,12.146163,2.065215,74.106040,true,true,true
cross_modal_disagreement,cross_modal_disagreement,cross_modal_disagreement-s503,503,36.700000,0.926449,45.087738,0.272085,12.153867,2.109925,71.854520,true,true,true
cross_modal_disagreement,cross_modal_disagreement,cross_modal_disagreement-s503,503,36.800000,0.949685,50.072348,0.262498,12.032509,2.068823,69.141576,true,true,true
cross_modal_disagreement,cross_modal_disagreement,cross_modal_disagreement-s503,503,36.900000,0.945315,46.069109,0.229824,12.118424,2.086127,71.867736,true,true,true
cross_modal_disagreement,cross_modal_disagreement,cross_modal_disagreement-s503,503,37.000000,0.950490,42.051574,0.291029,12.046512,2.098634,90.506261,true,true,true
cross_modal_disagreement,cross_modal_disagreement,cross_modal_disagreement-s503,503,37.100000,0.933793,39.743731,0.266503,12.061242,2.117017,89.876540,true,true,true
cross_modal_disagreement,cross_modal_disagreement,cross_modal_disagreement-s503,503,37.200000,0.969787,44.016989,0.275957,12.014510,2.123199,81.415882,true,true,true
cross_modal_disagreement,cross_modal_disagreement,cross_modal_disagreement-s503,503,37.300000,0.946395,46.299503,0.271908,11.981526,2.087421,98.530907,true,true,true
cross_modal_disagreement,cross_modal_disagreement,cross_modal_disagreement-s503,503,37.400000,0.944139,48.245955,0.284961,12.053232,2.100767,84.048044,true,true,true
cross_modal_disagreement,cross_modal_disagreement,cross_modal_disagreement-s503,503,37.500000,0.936607,49.578834,0.261771,11.924365,2.108575,76.131361,true,true,true
cross_modal_disagreement,cross_modal_disagreement,cross_modal_disagreement-s503,503,37.600000,0.946252,46.230526,0.273038,11.896254,2.076464,66.569028,true,true,true
cross_modal_disagreement,cross_modal_disagreement,cross_modal_disagreement-s503,503,37.700000,0.945085,54.639817,0.295985,12.014718,2.111317,87.676887,true,true,true
cross_modal_disagreement,cross_modal_disagreement,cross_modal_disagreement-s503,503,37.800000,0.925375,38.667238,0.270859,11.984563,2.070142,95.266927,true,true,true
cross_modal_disagreement,cross_modal_disagreement,cross_modal_disagreement-s503,503,37.900000,0.923650,47.731964,0.278224,11.983721,2.102473,86.267014,true,true,true
cross_modal_disagreement,cross_modal_disagreement,cross_modal_disagreement-s503,503,38.000000,0.930779,57.216227,0.272493,11.987707,2.143683,67.297131,true,true,true
cross_modal_disagreement,cross_modal_disagreement,cross_modal_disagreement-s503,503,38.100000,0.930556,57.685134,0.263533,11.958734,2.101466,46.363348,true,true,true
cross_modal_disagreement,cross_modal_disagreement,cross_modal_disagreement-s503,503,38.200000,0.938251,37.024303,0.283449,12.050553,2.102956,45.918580,true,true,true
cross_modal_disagreement,cross_modal_disagreement,cross_modal_disagreement-s503,503,38.300000,0.934793,38.315457,0.300051,11.938757,2.099385,65.584128,true,true,true
cross_modal_disagreement,cross_modal_disagreement,cross_modal_disagreement-s503,503,38.400000,0.931201,51.272027,0.273517,12.000441,2.117241,84.121909,true,true,true
cross_modal_disagreement,cross_modal_disagreement,cross_modal_disagreement-s503,503,38.500000,0.959974,52.619130,0.271678,11.939830,2.104863,94.235440,true,true,true
cross_modal_disagreement,cross_modal_disagreement,cross_modal_disagreement-s503,503,38.600000,0.955390,53.448786,0.266386,11.944265,2.094821,79.612549,true,true,true
cross_modal_disagreement,cross_modal_disagreement,cross_modal_disagreement-s503,503,38.700000,0.925249,47.545406,0.239165,11.926254,2.090063,62.091561,true,true,true
cross_modal_disagreement,cross_modal_disagreement,cross_modal_disagreement-s503,503,38.800000,0.936275,38.188310,0.272595,11.889575,2.138553,104.934042,true,true,true
cross_modal_disagreement,cross_modal_disagreement,cross_modal_disagreement-s503,503,38.900000,0.946036,50.674982,0.268355,11.946233,2.164742,78.682868,true,true,true
cross_modal_disagreement,cross_modal_disagreement,cross_modal_disagreement-s503,503,39.000000,0.940723,56.977342,0.255143,11.840211,2.146866,66.109057,true,true,true
cross_modal_disagreement,cross_modal_disagreement,cross_modal_disagreement-s503,503,39.100000,0.943748,33.378266,0.283708,11.853955,2.132133,103.515956,true,true,true
cross_modal_disagreement,cross_modal_disagreement,cross_modal_disagreement-s503,503,39.200000,0.957828,42.759238,0.239607,11.852458,2.135277,93.838084,true,true,true
cross_modal_disagreement,cross_modal_disagreement,cross_modal_disagreement-s503,503,39.300000,0.925942,55.094885,0.267247,11.851547,2.160610,77.241532,true,true,true
cross_modal_disagreement,cross_modal_disagreement,cross_modal_disagreement-s503,503,39.400000,0.939237,44.875351,0.242027,11.829740,2.183667,63.358761,true,true,true
cross_modal_disagreement,cross_modal_disagreement,cross_modal_disagreement-s503,503,39.500000,0.927873,50.679945,0.246906,11.871257,2.138275,99.403596,true,true,true
cross_modal_disagreement,cross_modal_disagreement,cross_modal_disagreement-s503,503,39.600000,0.926528,36.346344,0.270937,11.842031,2.138392,67.351749,true,true,true
cross_modal_disagreement,cross_modal_disagreement,cross_modal_disagreement-s503,503,39.700000,0.917124,40.389991,0.273617,11.837691,2.135576,93.165468,true,true,true
cross_modal_disagreement,cross_modal_disagreement,cross_modal_disagreement-s503,503,39.800000,0.931600,47.403071,0.279423,11.791787,2.134728,31.542522,true,true,true
cross_modal_disagreement,cross_modal_disagreement,cross_modal_disagreement-s503,503,39.900000,0.939603,56.708755,0.253854,11.789571,2.151197,66.795433,true,true,true
cross_modal_disagreement,cross_modal_disagreement,cross_modal_disagreement-s503,503,40.000000,0.930443,49.515955,0.282732,11.769384,2.169710,59.436117,true,true,true
cross_modal_disagreement,cross_modal_disagreement,cross_modal_disagreement-s503,503,40.100000,0.926959,39.804153,0.276814,11.865484,2.176132,46.008077,true,true,true
cross_modal_disagreement,cross_modal_disagreement,cross_modal_disagreement-s503,503,40.200000,0.958722,57.281430,0.262568,11.798801,2.167144,63.215704,true,true,true
cross_modal_disagreement,cross_modal_disagreement,cross_modal_disagreement-s503,503,40.300000,0.940436,55.990917,0.247456,11.772511,2.106129,75.554956,true,true,true
cross_modal_disagreement,cross_modal_disagreement,cross_modal_disagreement-s503,503,40.400000,0.934568,43.819300,0.279649,11.826492,2.172808,73.921871,true,true,true
cross_modal_disagreement,cross_modal_disagreement,cross_modal_disagreement-s503,503,40.500000,0.929438,63.982675,0.283937,11.723264,2.138916,71.707193,true,true,true
cross_modal_disagreement,cross_modal_disagreement,cross_modal_disagreement-s503,503,40.600000,0.932520,44.293525,0.256377,11.796503,2.214208,80.031556,true,true,true
cross_modal_disagreement,cross_modal_disagreement,cross_modal_disagreement-s503,503,40.700000,0.956330,58.686927,0.268914,11.824015,2.173209,89.086877,true,true,true
cross_modal_disagreement,cross_modal_disagreement,cross_modal_disagreement-s503,503,40.800000,0.940462,55.225506,0.257275,11.767180,2.156357,58.132454,true,true,true
cross_modal_disagreement,cross_modal_disagreement,cross_modal_disagreement-s503,503,40.900000,0.962551,46.981322,0.262318,11.790153,2.207341,75.657916,true,true,true
cross_modal_disagreement,cross_modal_disagreement,cross_modal_disagreement-s503,503,41.000000,0.927325,43.400556,0.283971,11.782327,2.148562,82.025971,true,true,true
cross_modal_disagreement,cross_modal_disagreement,cross_modal_disagreement-s503,503,41.100000,0.938207,46.249872,0.258892,11.750268,2.198302,88.209679,true,true,true
cross_modal_disagreement,cross_modal_disagreement,cross_modal_disagreement-s503,503,41.200000,0.927193,52.654039,0.243425,11.716777,2.148311,75.368140,true,true,true
cross_modal_disagreement,cross_modal_disagreement,cross_modal_disagreement-s503,503,41.300000,0.946887,59.919449,0.289612,11.764859,2.169966,66.915908,true,true,true
cross_modal_disagreement,cross_modal_disagreement,cross_modal_disagreement-s503,503,41.400000,0.931686,35.060286,0.291402,11.685847,2.185269,59.200120,true,true,true
cross_modal_disagreement,cross_modal_disagreement,cross_modal_disagreement-s503,503,41.500000,0.955381,45.408470,0.260355,11.738324,2.168725,71.309415,true,true,true
cross_modal_disagreement,cross_modal_disagreement,cross_modal_disagreement-s503,503,41.600000,0.942766,49.896354,0.263973,11.726650,2.230146,75.886586,true,true,true
cross_modal_disagreement,cross_modal_disagreement,cross_modal_disagreement-s503,503,41.700000,0.931508,50.243503,0.279947,11.748496,2.161196,85.452160,true,true,true
cross_modal_disagreement,cross_modal_disagreement,cross_modal_disagreement-s503,503,41.800000,0.945552,36.710084,0.239927,11.683102,2.182713,81.749778,true,true,true
cross_modal_disagreement,cross_modal_disagreement,cross_modal_disagreement-s503,503,41.900000,0.925685,30.793238,0.292896,11.746519,2.189063,87.723628,true,true,true
cross_modal_disagreement,cross_modal_disagreement,cross_modal_disagreement-s503,503,42.000000,0.947896,40.282656,0.279260,11.688408,2.182164,66.206262,true,true,true
cross_modal_disagreement,cross_modal_disagreement,cross_modal_disagreement-s503,503,42.100000,0.917810,43.168490,0.264449,11.735266,2.179989,71.905516,true,true,true
cross_modal_disagreement,cross_modal_disagreement,cross_modal_disagreement-s503,503,42.200000,0.942202,51.554693,0.269834,11.677650,2.198343,63.386010,true,true,true
cross_modal_disagreement,cross_modal_disagreement,cross_modal_disagreement-s503,503,42.300000,0.931192,46.639333,0.259896,11.707209,2.212073,103.079869,true,true,true
cross_modal_disagreement,cross_modal_disagreement,cross_modal_disagreement-s503,503,42.400000,0.938221,55.879797,0.264085,11.706399,2.162571,88.056767,true,true,true
cross_modal_disagreement,cross_modal_disagreement,cross_modal_disagreement-s503,503,42.500000,0.924386,52.807858,0.282087,11.669441,2.166271,55.793082,true,true,true
cross_modal_disagreement,cross_modal_disagreement,cross_modal_disagreement-s503,503,42.600000,0.946735,49.213312,0.284186,11.710623,2.197905,87.726953,true,true,true
cross_modal_disagreement,cross_modal_disagreement,cross_modal_disagreement-s503,503,42.700000,0.930277,54.559070,0.287269,11.548519,2.197990,62.219390,true,true,true
cross_modal_disagreement,cross_modal_disagreement,cross_modal_disagreement-s503,503,42.800000,0.929083,47.771345,0.284033,11.672035,2.175354,67.699430,true,true,true
cross_modal_disagreement,cross_modal_disagreement,cross_modal_disagreement-s503,503,42.900000,0.923365,47.054402,0.249703,11.598113,2.199795,60.941024,true,true,true
cross_modal_disagreement,cross_modal_disagreement,cross_modal_disagreement-s503,503,43.000000,0.943922,59.921666,0.239041,11.621541,2.221346,96.461894,true,true,true
cross_modal_disagreement,cross_modal_disagreement,cross_modal_disagreement-s503,503,43.100000,0.958254,46.954231,0.273163,11.630291,2.145413,75.073770,true,true,true
cross_modal_disagreement,cross_modal_disagreement,cross_modal_disagreement-s503,503,43.200000,0.965007,57.010578,0.273367,11.650622,2.141795,70.632443,true,true,true
cross_modal_disagreement,cross_modal_disagreement,cross_modal_disagreement-s503,503,43.300000,0.939400,47.785525,0.245190,11.626274,2.167840,58.679894,true,true,true
cross_modal_disagreement,cross_modal_disagreement,cross_modal_disagreement-s503,503,43.400000,0.932474,33.932898,0.265083,11.644949,2.183519,90.619356,true,true,true
cross_modal_disagreement,cross_modal_disagreement,cross_modal_disagreement-s503,503,43.500000,0.941375,45.570134,0.286905,11.687887,2.182527,48.721308,true,true,true
cross_modal_disagreement,cross_modal_disagreement,cross_modal_disagreement-s503,503,43.600000,0.959511,54.834440,0.247219,11.649095,2.182456,57.408814,true,true,true
cross_modal_disagreement,cross_modal_disagreement,cross_modal_disagreement-s503,503,43.700000,0.924528,46.846111,0.248050,11.615512,2.149988,81.532449,true,true,true
cross_modal_disagreement,cross_modal_disagreement,cross_modal_disagreement-s503,503,43.800000,0.939902,67.800719,0.259743,11.646790,2.181923,80.252608,true,true,true
cross_modal_disagreement,cross_modal_disagreement,cross_modal_disagreement-s503,503,43.900000,0.941966,40.778555,0.249874,11.632922,2.155499,91.868637,true,true,true
cross_modal_disagreement,cross_modal_disagreement,cross_modal_disagreement-s503,503,44.000000,0.948427,53.957007,0.291538,11.571374,2.179093,78.358473,true,true,true
cross_modal_disagreement,cross_modal_disagreement,cross_modal_disagreement-s503,503,44.100000,0.947510,64.998719,0.286264,11.585133,2.181471,68.518451,true,true,true
cross_modal_disagreement,cross_modal_disagreement,cross_modal_disagreement-s503,503,44.200000,0.931764,47.869543,0.280411,11.667288,2.192938,79.962000,true,true,true
cross_modal_disagreement,cross_modal_disagreement,cross_modal_disagreement-s503,503,44.300000,0.949112,50.628687,0.289026,11.632354,2.165563,86.760193,true,true,true
cross_modal_disagreement,cross_modal_disagreement,cross_modal_disagreement-s503,503,44.400000,0.919628,58.039224,0.259873,11.644424,2.129275,118.407377,true,true,true
cross_modal_disagreement,cross_modal_disagreement,cross_modal_disagreement-s503,503,44.500000,0.940385,47.117556,0.246950,11.618788,2.194523,50.754966,true,true,true
cross_modal_disagreement,cross_modal_disagreement,cross_modal_disagreement-s503,503,44.600000,0.940424,42.274635,0.260934,11.608802,2.138801,69.098265,true,true,true
cross_modal_disagreement,cross_modal_disagreement,cross_modal_disagreement-s503,503,44.700000,0.950560,42.151803,0.280881,11.674105,2.170926,69.014611,true,true,true
cross_modal_disagreement,cross_modal_disagreement,cross_modal_disagreement-s503,503,44.800000,0.932084,54.039952,0.253996,11.694712,2.169340,93.216652,true,true,true
cross_modal_disagreement,cross_modal_disagreement,cross_modal_disagreement-s503,503,44.900000,0.940759,56.533141,0.285321,11.612563,2.154117,75.324768,true,true,true
cross_modal_disagreement,cross_modal_disagreement,cross_modal_disagreement-s503,503,45.000000,0.940641,47.425756,0.253487,11.642953,2.219510,63.640524,true,true,true
cross_modal_disagreement,cross_modal_disagreement,cross_modal_disagreement-s503,503,45.100000,0.938300,51.684521,0.283602,11.672606,2.200060,76.885855,true,true,true
cross_modal_disagreement,cross_modal_disagreement,cross_modal_disagreement-s503,503,45.200000,0.933171,52.305483,0.276669,11.632500,2.186410,80.398877,true,true,true
cross_modal_disagreement,cross_modal_disagreement,cross_modal_disagreement-s503,503,45.300000,0.945611,46.848350,0.259195,11.637742,2.158501,83.693377,true,true,true
cross_modal_disagreement,cross_modal_disagreement,cross_modal_disagreement-s503,503,45.400000,0.948223,48.192514,0.277916,11.659070,2.181304,75.699891,true,true,true
cross_modal_disagreement,cross_modal_disagreement,cross_modal_disagreement-s503,503,45.500000,0.941708,51.449204,0.293760,11.747756,2.190673,70.801084,true,true,true
cross_modal_disagreement,cross_modal_disagreement,cross_modal_disagreement-s503,503,45.600000,0.936684,51.943547,0.284929,11.647697,2.121082,78.378792,true,true,true
cross_modal_disagreement,cross_modal_disagreement,cross_modal_disagreement-s503,503,45.700000,0.950385,53.236366,0.265354,11.656057,2.120247,112.716283,true,true,true
cross_modal_disagreement,cross_modal_disagreement,cross_modal_disagreement-s503,503,45.800000,0.947707,43.474405,0.290632,11.679632,2.124122,73.411553,true,true,true
cross_modal_disagreement,cross_modal_disagreement,cross_modal_disagreement-s503,503,45.900000,0.919809,38.730197,0.241330,11.658796,2.134245,70.627949,true,true,true
cross_modal_disagreement,cross_modal_disagreement,cross_modal_disagreement-s503,503,46.000000,0.954950,48.721905,0.270984,11.727811,2.119158,79.919045,true,true,true
cross_modal_disagreement,cross_modal_disagreement,cross_modal_disagreement-s503,503,46.100000,0.935203,44.728389,0.307493,11.641231,2.125272,100.521253,true,true,true
cross_modal_disagreement,cross_modal_disagreement,cross_modal_disagreement-s503,503,46.200000,0.934396,46.918950,0.238639,11.709754,2.105574,72.250840,true,true,true
cross_modal_disagreement,cross_modal_disagreement,cross_modal_disagreement-s503,503,46.300000,0.959895,49.265353,0.287221,11.716959,2.133685,93.313134,true,true,true
cross_modal_disagreement,cross_modal_disagreement,cross_modal_disagreement-s503,503,46.400000,0.949253,50.559963,0.266157,11.727891,2.059142,81.194169,true,true,true
cross_modal_disagreement,cross_modal_disagreement,cross_modal_disagreement-s503,503,46.500000,0.940657,51.563378,0.295144,11.719758,2.171893,97.710999,true,true,true
cross_modal_disagreement,cross_modal_disagreement,cross_modal_disagreement-s503,503,46.600000,0.952967,50.235997,0.283551,11.717813,2.059965,76.042430,true,true,true
cross_modal_disagreement,cross_modal_disagreement,cross_modal_disagreement-s503,503,46.700000,0.933665,42.354077,0.262726,11.678408,2.128203,93.942776,true,true,true
cross_modal_disagreement,cross_modal_disagreement,cross_modal_disagreement-s503,503,46.800000,0.940743,58.658810,0.289085,11.685128,2.122977,81.140159,true,true,true
cross_modal_disagreement,cross_modal_disagreement,cross_modal_disagreement-s503,503,46.900000,0.943622,43.253440,0.251986,11.778933,2.134309,71.725775,true,true,true
cross_modal_disagreement,cross_modal_disagreement,cross_modal_disagreement-s503,503,47.000000,0.933973,45.549510,0.236247,11.837680,2.080122,82.505693,true,true,true
cross_modal_disagreement,cross_modal_disagreement,cross_modal_disagreement-s503,503,47.100000,0.945998,47.767453,0.273928,11.788801,2.113413,84.826138,true,true,true
cross_modal_disagreement,cross_modal_disagreement,cross_modal_disagreement-s503,503,47.200000,0.939603,48.193308,0.287581,11.759018,2.103844,49.525798,true,true,true
cross_modal_disagreement,cross_modal_disagreement,cross_modal_disagreement-s503,503,47.300000,0.957063,39.844109,0.262500,11.835379,2.101312,70.515722,true,true,true
cross_modal_disagreement,cross_modal_disagreement,cross_modal_disagreement-s503,503,47.400000,0.933278,40.644113,0.268392,11.757634,2.110723,79.145765,true,true,true
cross_modal_disagreement,cross_modal_disagreement,cross_modal_disagreement-s503,503,47.500000,0.932025,49.248881,0.244681,11.811729,2.080431,59.345634,true,true,true
cross_modal_disagreement,cross_modal_disagreement,cross_modal_disagreement-s503,503,47.600000,0.937527,48.079339,0.254996,11.817848,2.070436,96.432422,true,true,true
cross_modal_disagreement,cross_modal_disagreement,cross_modal_disagreement-s503,503,47.700000,0.933399,50.067803,0.260732,11.822212,2.060518,64.062230,true,true,true
cross_modal_disagreement,cross_modal_disagreement,cross_modal_disagreement-s503,503,47.800000,0.928762,32.489404,0.249312,11.815673,2.103093,76.489823,true,true,true
cross_modal_disagreement,cross_modal_disagreement,cross_modal_disagreement-s503,503,47.900000,0.931581,63.936122,0.286744,11.737786,2.093987,65.099525,true,true,true
cross_modal_disagreement,cross_modal_disagreement,cross_modal_disagreement-s503,503,48.000000,0.912610,56.789544,0.276615,11.861330,2.084388,93.657629,true,true,true
cross_modal_disagreement,cross_modal_disagreement,cross_modal_disagreement-s503,503,48.100000,0.935751,39.717936,0.251850,11.843336,2.074270,92.571514,true,true,true
cross_modal_disagreement,cross_modal_disagreement,cross_modal_disagreement-s503,503,48.200000,0.929013,50.852471,0.245306,11.842671,2.091480,85.061096,true,true,true
cross_modal_disagreement,cross_modal_disagreement,cross_modal_disagreement-s503,503,48.300000,0.935989,64.468219,0.273972,11.879307,2.088908,80.442070,true,true,true
cross_modal_disagreement,cross_modal_disagreement,cross_modal_disagreement-s503,503,48.400000,0.932663,42.591374,0.250118,11.865990,1.996410,64.997485,true,true,true
cross_modal_disagreement,cross_modal_disagreement,cross_modal_disagreement-s503,503,48.500000,0.925201,49.605257,0.253315,11.838882,2.052474,83.306403,true,true,true
cross_modal_disagreement,cross_modal_disagreement,cross_modal_disagreement-s503,503,48.600000,0.929412,56.393625,0.271790,11.810139,2.062704,62.150801,true,true,true
cross_modal_disagreement,cross_modal_disagreement,cross_modal_disagreement-s503,503,48.700000,0.961566,37.942725,0.279951,11.895278,2.070975,67.286790,true,true,true
cross_modal_disagreement,cross_modal_disagreement,cross_modal_disagreement-s503,503,48.800000,0.934971,53.630470,0.266880,11.950407,2.044713,75.109185,true,true,true
cross_modal_disagreement,cross_modal_disagreement,cross_modal_disagreement-s503,503,48.900000,0.958582,48.698496,0.287152,11.842055,2.085156,93.419272,true,true,true
cross_modal_disagreement,cross_modal_disagreement,cross_modal_disagreement-s503,503,49.000000,0.945319,45.932229,0.264473,11.903825,2.054917,54.796815,true,true,true
cross_modal_disagreement,cross_modal_disagreement,cross_modal_disagreement-s503,503,49.100000,0.916992,44.746287,0.272725,11.938234,2.017575,75.820551,true,true,true
cross_modal_disagreement,cross_modal_disagreement,cross_modal_disagreement-s503,503,49.200000,0.943624,45.438005,0.253450,11.909627,2.032478,83.947958,true,true,true
cross_modal_disagreement,cross_modal_disagreement,cross_modal_disagreement-s503,503,49.300000,0.944699,43.063294,0.283065,11.871137,2.045968,61.410609,true,true,true
cross_modal_disagreement,cross_modal_disagreement,cross_modal_disagreement-s503,503,49.400000,0.935216,45.834665,0.256834,11.913616,2.041575,75.286393,true,true,true
cross_modal_disagreement,cross_modal_disagreement,cross_modal_disagreement-s503,503,49.500000,0.952375,45.707226,0.255325,11.912696,1.995350,73.116056,true,true,true
cross_modal_disagreement,cross_modal_disagreement,cross_modal_disagreement-s503,503,49.600000,0.948987,39.206378,0.264458,11.937969,2.057829,66.804497,true,true,true
cross_modal_disagreement,cross_modal_disagreement,cross_modal_disagreement-s503,503,49.700000,0.943735,53.697622,0.273975,12.036169,2.040579,101.282988,true,true,true
cross_modal_disagreement,cross_modal_disagreement,cross_modal_disagreement-s503,503,49.800000,0.952416,53.822154,0.272278,12.041503,2.046543,92.814491,true,true,true
cross_modal_disagreement,cross_modal_disagreement,cross_modal_disagreement-s503,503,49.900000,0.933391,47.245778,0.292050,11.970074,2.086496,56.704512,true,true,true
cross_modal_disagreement,cross_modal_disagreement,cross_modal_disagreement-s503,503,50.000000,0.948066,42.097756,0.241375,11.984493,2.032419,87.169308,true,true,true
cross_modal_disagreement,cross_modal_disagreement,cross_modal_disagreement-s503,503,50.100000,0.952316,53.803159,0.272203,11.950711,2.035560,78.540960,true,true,true
cross_modal_disagreement,cross_modal_disagreement,cross_modal_disagreement-s503,503,50.200000,0.910087,48.054279,0.279908,11.977699,2.030323,106.736191,true,true,true
cross_modal_disagreement,cross_modal_disagreement,cross_modal_disagreement-s503,503,50.300000,0.944289,30.105206,0.264213,11.986568,1.987138,76.827074,true,true,true
cross_modal_disagreement,cross_modal_disagreement,cross_modal_disagreement-s503,503,50.400000,0.937841,43.989305,0.269134,12.024643,2.010365,82.474021,true,true,true
cross_modal_disagreement,cross_modal_disagreement,cross_modal_disagreement-s503,503,50.500000,0.925760,54.579823,0.263527,12.021296,2.018608,65.956029,true,true,true
cross_modal_disagreement,cross_modal_disagreement,cross_modal_disagreement-s503,503,50.600000,0.904789,49.753629,0.245618,12.006575,1.983301,47.357388,true,true,true
cross_modal_disagreement,cross_modal_disagreement,cross_modal_disagreement-s503,503,50.700000,0.934847,41.837051,0.270808,11.974982,2.051426,84.862733,true,true,true
cross_modal_disagreement,cross_modal_disagreement,cross_modal_disagreement-s503,503,50.800000,0.934198,51.637839,0.279357,11.976568,2.054495,69.606042,true,true,true
cross_modal_disagreement,cross_modal_disagreement,cross_modal_disagreement-s503,503,50.900000,0.964429,49.357548,0.271777,12.034139,1.987235,80.741303,true,true,true
cross_modal_disagreement,cross_modal_disagreement,cross_modal_disagreement-s503,503,51.000000,0.930416,41.683006,0.298649,12.009926,2.008528,96.266458,true,true,true
cross_modal_disagreement,cross_modal_disagreement,cross_modal_disagreement-s503,503,51.100000,0.951390,40.356573,0.284028,12.065047,1.990496,98.524606,true,true,true
cross_modal_disagreement,cross_modal_disagreement,cross_modal_disagreement-s503,503,51.200000,0.938631,51.611206,0.258944,12.082896,1.994583,103.853168,true,true,true
cross_modal_disagreement,cross_modal_disagreement,cross_modal_disagreement-s503,503,51.300000,0.942238,46.817603,0.263827,12.084570,2.005806,95.112587,true,true,true
cross_modal_disagreement,cross_modal_disagreement,cross_modal_disagreement-s503,503,51.400000,0.952188,45.892429,0.271233,12.053292,2.013917,80.494772,true,true,true
cross_modal_disagreement,cross_modal_disagreement,cross_modal_disagreement-s503,503,51.500000,0.954413,50.225824,0.265249,12.144090,2.039301,67.853061,true,true,true
cross_modal_disagreement,cross_modal_disagreement,cross_modal_disagreement-s503,503,51.600000,0.940682,44.189182,0.269829,12.080083,2.015646,73.906466,true,true,true
cross_modal_disagreement,cross_modal_disagreement,cross_modal_disagreement-s503,503,51.700000,0.930944,34.849078,0.276986,12.097212,2.032335,98.650468,true,true,true
cross_modal_disagreement,cross_modal_disagreement,cross_modal_disagreement-s503,503,51.800000,0.941593,52.258276,0.270873,12.106336,2.048107,72.225839,true,true,true
cross_modal_disagreement,cross_modal_disagreement,cross_modal_disagreement-s503,503,51.900000,0.936630,48.157574,0.285059,12.175284,2.015036,63.644213,true,true,true
cross_modal_disagreement,cross_modal_disagreement,cross_modal_disagreement-s503,503,52.000000,0.916716,37.395534,0.279143,12.163433,2.036395,92.750484,true,true,true
cross_modal_disagreement,cross_modal_disagreement,cross_modal_disagreement-s503,503,52.100000,0.951811,45.041770,0.280160,12.131062,2.004289,94.342055,true,true,true
cross_modal_disagreement,cross_modal_disagreement,cross_modal_disagreement-s503,503,52.200000,0.922825,49.267547,0.287942,12.200543,2.014254,66.363864,true,true,true
cross_modal_disagreement,cross_modal_disagreement,cross_modal_disagreement-s503,503,52.300000,0.929685,33.775222,0.266375,12.103023,2.006495,73.334963,true,true,true
cross_modal_disagreement,cross_modal_disagreement,cross_modal_disagreement-s503,503,52.400000,0.914591,47.456799,0.294258,12.238604,2.013002,77.741299,true,true,true
cross_modal_disagreement,cross_modal_disagreement,cross_modal_disagreement-s503,503,52.500000,0.936057,46.676003,0.267132,12.180754,2.017378,81.346292,true,true,true
cross_modal_disagreement,cross_modal_disagreement,cross_modal_disagreement-s503,503,52.600000,0.927611,51.490435,0.232257,12.189342,2.042370,95.008977,true,true,true
cross_modal_disagreement,cross_modal_disagreement,cross_modal_disagreement-s503,503,52.700000,0.952501,52.045346,0.298859,12.124391,2.025677,71.352907,true,true,true
cross_modal_disagreement,cross_modal_disagreement,cross_modal_disagreement-s503,503,52.800000,0.943116,50.827517,0.279132,12.176687,1.992314,75.079578,true,true,true
cross_modal_disagreement,cross_modal_disagreement,cross_modal_disagreement-s503,503,52.900000,0.898171,40.844519,0.277982,12.277018,2.006532,61.984523,true,true,true
cross_modal_disagreement,cross_modal_disagreement,cross_modal_disagreement-s503,503,53.000000,0.938829,50.124418,0.270023,12.234871,2.033112,76.241963,true,true,true
cross_modal_disagreement,cross_modal_disagreement,cross_modal_disagreement-s503,503,53.100000,0.940040,38.126980,0.288188,12.172985,2.028881,78.427574,true,true,true
cross_modal_disagreement,cross_modal_disagreement,cross_modal_disagreement-s503,503,53.200000,0.946532,62.349115,0.250887,12.274195,2.050844,90.224164,true,true,true
cross_modal_disagreement,cross_modal_disagreement,cross_modal_disagreement-s503,503,53.300000,0.952291,58.756301,0.260099,12.259819,1.996941,74.731644,true,true,true
cross_modal_disagreement,cross_modal_disagreement,cross_modal_disagreement-s503,503,53.400000,0.951173,58.133014,0.270604,12.282268,2.026968,69.381293,true,true,true
cross_modal_disagreement,cross_modal_disagreement,cross_modal_disagreement-s503,503,53.500000,0.956184,48.392012,0.274665,12.241227,2.049486,67.858965,true,true,true
cross_modal_disagreement,cross_modal_disagreement,cross_modal_disagreement-s503,503,53.600000,0.947732,47.978834,0.276343,12.226766,2.024037,42.185055,true,true,true
cross_modal_disagreement,cross_modal_disagreement,cross_modal_disagreement-s503,503,53.700000,0.946369,51.691700,0.239000,12.259438,2.046334,89.904090,true,true,true
cross_modal_disagreement,cross_modal_disagreement,cross_modal_disagreement-s503,503,53.800000,0.927965,48.491622,0.275740,12.238898,2.034270,78.400752,true,true,true
cross_modal_disagreement,cross_modal_disagreement,cross_modal_disagreement-s503,503,53.900000,0.942235,48.617545,0.261538,12.298739,2.056174,65.397435,true,true,true
cross_modal_disagreement,cross_modal_disagreement,cross_modal_disagreement-s503,503,54.000000,0.929617,47.725814,0.249075,12.304961,2.019452,64.385816,true,true,true
cross_modal_disagreement,cross_modal_disagreement,cross_modal_disagreement-s503,503,54.100000,0.928822,62.568998,0.262488,12.322473,2.027369,72.904331,true,true,true
cross_modal_disagreement,cross_modal_disagreement,cross_modal_disagreement-s503,503,54.200000,0.938493,51.214417,0.273875,12.293581,2.031445,77.913511,true,true,true
cross_modal_disagreement,cross_modal_disagreement,cross_modal_disagreement-s503,503,54.300000,0.942021,53.371647,0.272567,12.314031,2.025346,90.556445,true,true,true
cross_modal_disagreement,cross_modal_disagreement,cross_modal_disagreement-s503,503,54.400000,0.946038,38.618398,0.298084,12.292732,2.029944,75.930058,true,true,true
cross_modal_disagreement,cross_modal_disagreement,cross_modal_disagreement-s503,503,54.500000,0.930185,43.079537,0.233579,12.233123,2.048645,73.952135,true,true,true
cross_modal_disagreement,cross_modal_disagreement,cross_modal_disagreement-s503,503,54.600000,0.951549,69.314423,0.297372,12.360480,2.055322,65.495247,true,true,true
cross_modal_disagreement,cross_modal_disagreement,cross_modal_disagreement-s503,503,54.700000,0.967435,41.190068,0.268822,12.305606,2.059160,75.350569,true,true,true
cross_modal_disagreement,cross_modal_disagreement,cross_modal_disagreement-s503,503,54.800000,0.948597,43.516588,0.247881,12.294915,2.060411,81.478801,true,true,true
cross_modal_disagreement,cross_modal_disagreement,cross_modal_disagreement-s503,503,54.900000,0.948401,56.212629,0.274038,12.252759,2.035290,94.051991,true,true,true
cross_modal_disagreement,cross_modal_disagreement,cross_modal_disagreement-s503,503,55.000000,0.938037,48.059549,0.274995,12.313810,2.067323,65.354785,true,true,true
cross_modal_disagreement,cross_modal_disagreement,cross_modal_disagreement-s503,503,55.100000,0.939017,37.578144,0.294660,12.380011,2.081494,84.471667,true,true,true
cross_modal_disagreement,cross_modal_disagreement,cross_modal_disagreement-s503,503,55.200000,0.938383,47.762002,0.291708,12.385624,2.038100,62.550139,true,true,true
cross_modal_disagreement,cross_modal_disagreement,cross_modal_disagreement-s503,503,55.300000,0.945411,59.100648,0.259204,12.368665,2.072250,93.341604,true,true,true
cross_modal_disagreement,cross_modal_disagreement,cross_modal_disagreement-s503,503,55.400000,0.947678,50.253870,0.279179,12.361562,2.065754,83.109127,true,true,true
cross_modal_disagreement,cross_modal_disagreement,cross_modal_disagreement-s503,503,55.500000,0.948583,61.027550,0.264743,12.350149,2.049008,69.401245,true,true,true
cross_modal_disagreement,cross_modal_disagreement,cross_modal_disagreement-s503,503,55.600000,0.928757,47.204738,0.280083,12.307162,2.050595,78.441057,true,true,true
cross_modal_disagreement,cross_modal_disagreement,cross_modal_disagreement-s503,503,55.700000,0.938375,47.430866,0.282034,12.345871,2.117756,88.203482,true,true,true
cross_modal_disagreement,cross_modal_disagreement,cross_modal_disagreement-s503,503,55.800000,0.929505,67.207257,0.282804,12.327172,2.064782,88.281619,true,true,true
cross_modal_disagreement,cross_modal_disagreement,cross_modal_disagreement-s503,503,55.900000,0.935803,55.434118,0.281621,12.312177,2.085437,56.935079,true,true,true
cross_modal_disagreement,cross_modal_disagreement,cross_modal_disagreement-s503,503,56.000000,0.956626,52.400972,0.257989,12.347755,2.071146,63.263984,true,true,true
cross_modal_disagreement,cross_modal_disagreement,cross_modal_disagreement-s503,503,56.100000,0.955254,54.813788,0.284110,12.390797,2.125511,91.669910,true,true,true
cross_modal_disagreement,cross_modal_disagreement,cross_modal_disagreement-s503,503,56.200000,0.914273,47.010006,0.293694,12.356574,2.083034,44.521329,true,true,true
cross_modal_disagreement,cross_modal_disagreement,cross_modal_disagreement-s503,503,56.300000,0.953147,45.678680,0.309699,12.357905,2.103462,89.061462,true,true,true
cross_modal_disagreement,cross_modal_disagreement,cross_modal_disagreement-s503,503,56.400000,0.955406,43.318514,0.273464,12.232859,2.037599,61.713520,true,true,true
cross_modal_disagreement,cross_modal_disagreement,cross_modal_disagreement-s503,503,56.500000,0.940425,47.719798,0.261893,12.292475,2.090599,62.257838,true,true,true
cross_modal_disagreement,cross_modal_disagreement,cross_modal_disagreement-s503,503,56.600000,0.930148,67.378611,0.267034,12.312581,2.082005,61.012917,true,true,true
cross_modal_disagreement,cross_modal_disagreement,cross_modal_disagreement-s503,503,56.700000,0.941976,48.572647,0.267875,12.318169,2.059163,88.896809,true,true,true
cross_modal_disagreement,cross_modal_disagreement,cross_modal_disagreement-s503,503,56.800000,0.927700,56.492931,0.265772,12.413078,2.087333,94.765902,true,true,true
cross_modal_disagreement,cross_modal_disagreement,cross_modal_disagreement-s503,503,56.900000,0.957043,48.037875,0.273409,12.344441,2.091775,75.837043,true,true,true
cross_modal_disagreement,cross_modal_disagreement,cross_modal_disagreement-s503,503,57.000000,0.926555,45.200493,0.295479,12.380709,2.139825,58.946640,true,true,true
cross_modal_disagreement,cross_modal_disagreement,cross_modal_disagreement-s503,503,57.100000,0.941304,45.655570,0.281795,12.393946,2.135912,87.379947,true,true,true
cross_modal_disagreement,cross_modal_disagreement,cross_modal_disagreement-s503,503,57.200000,0.936376,49.279109,0.264604,12.397231,2.180582,80.574835,true,true,true
cross_modal_disagreement,cross_modal_disagreement,cross_modal_disagreement-s503,503,57.300000,0.940107,42.482628,0.283193,12.376035,2.156170,87.250122,true,true,true
cross_modal_disagreement,cross_modal_disagreement,cross_modal_disagreement-s503,503,57.400000,0.918543,44.644210,0.285748,12.325641,2.121640,70.508171,true,true,true
cross_modal_disagreement,cross_modal_disagreement,cross_modal_disagreement-s503,503,57.500000,0.942497,62.107038,0.278665,12.282878,2.089928,85.847009,true,true,true
cross_modal_disagreement,cross_modal_disagreement,cross_modal_disagreement-s503,503,57.600000,0.928820,51.071138,0.285087,12.311566,2.128269,73.792253,true,true,true
cross_modal_disagreement,cross_modal_disagreement,cross_modal_disagreement-s503,503,57.700000,0.931016,35.166905,0.256639,12.311522,2.172675,69.170040,true,true,true
cross_modal_disagreement,cross_modal_disagreement,cross_modal_disagreement-s503,503,57.800000,0.918733,52.818168,0.258303,12.397473,2.111437,77.139491,true,true,true
cross_modal_disagreement,cross_modal_disagreement,cross_modal_disagreement-s503,503,57.900000,0.936230,36.595078,0.251699,12.359550,2.150326,66.027313,true,true,true
cross_modal_disagreement,cross_modal_disagreement,cross_modal_disagreement-s503,503,58.000000,0.925579,41.657275,0.286407,12.348133,2.101244,86.737631,true,true,true
cross_modal_disagreement,cross_modal_disagreement,cross_modal_disagreement-s503,503,58.100000,0.949895,32.320486,0.270254,12.272356,2.150180,74.280658,true,true,true
cross_modal_disagreement,cross_modal_disagreement,cross_modal_disagreement-s503,503,58.200000,0.952063,54.153948,0.256763,12.330768,2.145828,87.471139,true,true,true
cross_modal_disagreement,cross_modal_disagreement,cross_modal_disagreement-s503,503,58.300000,0.954678,47.281886,0.241596,12.359697,2.126357,62.283997,true,true,true
cross_modal_disagreement,cross_modal_disagreement,cross_modal_disagreement-s503,503,58.400000,0.949270,41.116262,0.288634,12.289316,2.127045,89.653470,true,true,true
cross_modal_disagreement,cross_modal_disagreement,cross_modal_disagreement-s503,503,58.500000,0.955850,53.189897,0.285880,12.383292,2.124771,81.119607,true,true,true
cross_modal_disagreement,cross_modal_disagreement,cross_modal_disagreement-s503,503,58.600000,0.922602,41.817130,0.291711,12.259454,2.123633,87.831880,true,true,true
cross_modal_disagreement,cross_modal_disagreement,cross_modal_disagreement-s503,503,58.700000,0.929327,40.530168,0.277955,12.234004,2.129969,108.577650,true,true,true
cross_modal_disagreement,cross_modal_disagreement,cross_modal_disagreement-s503,503,58.800000,0.925114,51.338998,0.251595,12.305322,2.171956,52.373217,true,true,true
cross_modal_disagreement,cross_modal_disagreement,cross_modal_disagreement-s503,503,58.900000,0.943940,50.153232,0.248654,12.285524,2.113962,66.890790,true,true,true
cross_modal_disagreement,cross_modal_disagreement,cross_modal_disagreement-s503,503,59.000000,0.915064,50.204214,0.262160,12.278598,2.158189,78.894621,true,true,true
cross_modal_disagreement,cross_modal_disagreement,cross_modal_disagreement-s503,503,59.100000,0.943643,56.972136,0.237335,12.260851,2.163793,67.930379,true,true,true
cross_modal_disagreement,cross_modal_disagreement,cross_modal_disagreement-s503,503,59.200000,0.930435,52.172124,0.265829,12.310042,2.185214,77.565793,true,true,true
cross_modal_disagreement,cross_modal_disagreement,cross_modal_disagreement-s503,503,59.300000,0.947099,53.569970,0.262837,12.237561,2.166739,62.981416,true,true,true
cross_modal_disagreement,cross_modal_disagreement,cross_modal_disagreement-s503,503,59.400000,0.944486,44.105397,0.268973,12.211885,2.177087,82.089494,true,true,true
cross_modal_disagreement,cross_modal_disagreement,cross_modal_disagreement-s503,503,59.500000,0.949003,52.828802,0.282351,12.235927,2.164641,78.890088,true,true,true
cross_modal_disagreement,cross_modal_disagreement,cross_modal_disagreement-s503,503,59.600000,0.951115,42.427449,0.261002,12.228759,2.157244,95.731573,true,true,true
cross_modal_disagreement,cross_modal_disagreement,cross_modal_disagreement-s503,503,59.700000,0.916045,50.431571,0.238426,12.235141,2.146157,59.685966,true,true,true
cross_modal_disagreement,cross_modal_disagreement,cross_modal_disagreement-s503,503,59.800000,0.948960,43.329571,0.261093,12.215723,2.200961,102.261294,true,true,true
cross_modal_disagreement,cross_modal_disagreement,cross_modal_disagreement-s503,503,59.900000,0.933135,51.681704,0.265284,12.301486,2.197044,95.991811,true,true,true
