scenario_id,fault,run_id,seed,timestamp_s,localization_confidence,lidar_age_ms,cross_modal_consistency,obstacle_distance_m,speed_mps,comm_age_ms,fallback_available,fault_active,scenario_oracle_positive
cross_modal_disagreement,cross_modal_disagreement,cross_modal_disagreement-s101,101,0.000000,0.933106,45.751228,0.959892,11.980331,2.063887,82.235899,true,false,false
cross_modal_disagreement,cross_modal_disagreement,cross_modal_disagreement-s101,101,0.100000,0.941878,52.833443,0.913375,12.068382,2.118254,114.236635,true,false,false
cross_modal_disagreement,cross_modal_disagreement,cross_modal_disagreement-s101,101,0.200000,0.947109,49.962713,0.946169,12.053819,2.086452,89.763017,true,false,false
cross_modal_disagreement,cross_modal_disagreement,cross_modal_disagreement-s101,101,0.300000,0.932142,56.854929,0.909874,12.041748,2.088709,83.067340,true,false,false
cross_modal_disagreement,cross_modal_disagreement,cross_modal_disagreement-s101,101,0.400000,0.957146,56.359224,0.908691,11.981406,2.129156,68.556111,true,false,false
cross_modal_disagreement,cross_modal_disagreement,cross_modal_disagreement-s101,101,0.500000,0.930866,53.049267,0.897906,12.077204,2.141173,78.640302,true,false,false
cross_modal_disagreement,cross_modal_disagreement,cross_modal_disagreement-s101,101,0.600000,0.929218,46.590685,0.947845,12.060859,2.148068,79.070366,true,false,false
cross_modal_disagreement,cross_modal_disagreement,cross_modal_disagreement-s101,101,0.700000,0.941816,49.525230,0.922795,12.074318,2.140683,95.272046,true,false,false
cross_modal_disagreement,cross_modal_disagreement,cross_modal_disagreement-s101,101,0.800000,0.938450,41.416252,0.908236,12.032394,2.070012,78.278224,true,false,false
cross_modal_disagreement,cross_modal_disagreement,cross_modal_disagreement-s101,101,0.900000,0.930894,61.104113,0.910122,12.021527,2.134111,78.219197,true,false,false
cross_modal_disagreement,cross_modal_disagreement,cross_modal_disagreement-s101,101,1.000000,0.950832,49.287506,0.954670,12.059453,2.132820,72.019579,true,false,false
cross_modal_disagreement,cross_modal_disagreement,cross_modal_disagreement-s101,101,1.100000,0.934313,36.383275,0.931608,12.028989,2.138660,84.782638,true,false,false
cross_modal_disagreement,cross_modal_disagreement,cross_modal_disagreement-s101,101,1.200000,0.945191,36.946822,0.935275,12.076220,2.141685,73.094076,true,false,false
cross_modal_disagreement,cross_modal_disagreement,cross_modal_disagreement-s101,101,1.300000,0.964032,44.129215,0.916480,12.124511,2.097135,71.573444,true,false,false
cross_modal_disagreement,cross_modal_disagreement,cross_modal_disagreement-s101,101,1.400000,0.937565,49.945504,0.913984,12.193428,2.185540,95.762418,true,false,false
cross_modal_disagreement,cross_modal_disagreement,cross_modal_disagreement-s101,101,1.500000,0.939999,52.734263,0.958607,12.201184,2.156173,70.850220,true,false,false
cross_modal_disagreement,cross_modal_disagreement,cross_modal_disagreement-s101,101,1.600000,0.954408,53.760058,0.922138,12.132243,2.107631,57.524325,true,false,false
cross_modal_disagreement,cross_modal_disagreement,cross_modal_disagreement-s101,101,1.700000,0.924941,50.324952,0.924444,12.116483,2.137598,98.356724,true,false,false
cross_modal_disagreement,cross_modal_disagreement,cross_modal_disagreement-s101,101,1.800000,0.925939,45.201064,0.898604,12.233384,2.136225,98.498636,true,false,false
cross_modal_disagreement,cross_modal_disagreement,cross_modal_disagreement-s101,101,1.900000,0.949557,43.628337,0.931969,12.169518,2.160293,81.207313,true,false,false
cross_modal_disagreement,cross_modal_disagreement,cross_modal_disagreement-s101,101,2.000000,0.947990,52.401215,0.906586,12.199569,2.130364,59.884545,true,false,false
cross_modal_disagreement,cross_modal_disagreement,cross_modal_disagreement-s101,101,2.100000,0.935611,41.847674,0.908162,12.132276,2.173394,90.633512,true,false,false
cross_modal_disagreement,cross_modal_disagreement,cross_modal_disagreement-s101,101,2.200000,0.932500,57.553818,0.918724,12.153391,2.128264,84.113966,true,false,false
cross_modal_disagreement,cross_modal_disagreement,cross_modal_disagreement-s101,101,2.300000,0.938998,49.926261,0.973831,12.228890,2.153800,62.982746,true,false,false
cross_modal_disagreement,cross_modal_disagreement,cross_modal_disagreement-s101,101,2.400000,0.935250,43.201157,0.909115,12.102468,2.161454,62.504008,true,false,false
cross_modal_disagreement,cross_modal_disagreement,cross_modal_disagreement-s101,101,2.500000,0.966967,46.369320,0.937317,12.219531,2.140103,81.324018,true,false,false
cross_modal_disagreement,cross_modal_disagreement,cross_modal_disagreement-s101,101,2.600000,0.935031,45.397317,0.919362,12.132840,2.196511,86.108827,true,false,false
cross_modal_disagreement,cross_modal_disagreement,cross_modal_disagreement-s101,101,2.700000,0.938285,57.932310,0.902181,12.116442,2.169432,65.838227,true,false,false
cross_modal_disagreement,cross_modal_disagreement,cross_modal_disagreement-s101,101,2.800000,0.939154,44.086528,0.915763,12.184994,2.162531,88.287957,true,false,false
cross_modal_disagreement,cross_modal_disagreement,cross_modal_disagreement-s101,101,2.900000,0.944437,60.217331,0.930775,12.248613,2.171042,85.678167,true,false,false
cross_modal_disagreement,cross_modal_disagreement,cross_modal_disagreement-s101,101,3.000000,0.937999,38.759945,0.900283,12.164706,2.160733,79.230657,true,false,false
cross_modal_disagreement,cross_modal_disagreement,cross_modal_disagreement-s101,101,3.100000,0.945387,55.832877,0.911282,12.157443,2.150835,77.294077,true,false,false
cross_modal_disagreement,cross_modal_disagreement,cross_modal_disagreement-s101,101,3.200000,0.916583,39.006449,0.899265,12.331294,2.197029,67.565728,true,false,false
cross_modal_disagreement,cross_modal_disagreement,cross_modal_disagreement-s101,101,3.300000,0.933741,48.437594,0.923999,12.264490,2.141093,63.758223,true,false,false
cross_modal_disagreement,cross_modal_disagreement,cross_modal_disagreement-s101,101,3.400000,0.956286,47.604302,0.938266,12.261362,2.178306,81.658796,true,false,false
cross_modal_disagreement,cross_modal_disagreement,cross_modal_disagreement-s101,101,3.500000,0.936488,56.363765,0.935062,12.265732,2.177278,100.343128,true,false,false
cross_modal_disagreement,cross_modal_disagreement,cross_modal_disagreement-s101,101,3.600000,0.928276,53.772974,0.940473,12.337972,2.211232,66.604107,true,false,false
cross_modal_disagreement,cross_modal_disagreement,cross_modal_disagreement-s101,101,3.700000,0.949922,45.525584,0.935035,12.286419,2.198031,68.561246,true,false,false
cross_modal_disagreement,cross_modal_disagreement,cross_modal_disagreement-s101,101,3.800000,0.942107,51.814692,0.929931,12.321612,2.222662,64.929045,true,false,false
cross_modal_disagreement,cross_modal_disagreement,cross_modal_disagreement-s101,101,3.900000,0.940981,36.254475,0.931331,12.354312,2.182047,94.871946,true,false,false
cross_modal_disagreement,cross_modal_disagreement,cross_modal_disagreement-s101,101,4.000000,0.964780,51.086740,0.936682,12.333241,2.158928,60.863268,true,false,false
cross_modal_disagreement,cross_modal_disagreement,cross_modal_disagreement-s101,101,4.100000,0.935246,41.877697,0.931154,12.208004,2.126608,51.775913,true,false,false
cross_modal_disagreement,cross_modal_disagreement,cross_modal_disagreement-s101,101,4.200000,0.942381,46.084269,0.916273,12.288158,2.166092,66.554378,true,false,false
cross_modal_disagreement,cross_modal_disagreement,cross_modal_disagreement-s101,101,4.300000,0.942215,46.322908,0.925066,12.303922,2.180932,78.351530,true,false,false
cross_modal_disagreement,cross_modal_disagreement,cross_modal_disagreement-s101,101,4.400000,0.964751,62.523136,0.940480,12.235206,2.194419,97.672379,true,false,false
cross_modal_disagreement,cross_modal_disagreement,cross_modal_disagreement-s101,101,4.500000,0.945419,37.173557,0.914105,12.421352,2.174640,56.936925,true,false,false
cross_modal_disagreement,cross_modal_disagreement,cross_modal_disagreement-s101,101,4.600000,0.937399,54.879364,0.921072,12.271315,2.123957,80.382828,true,false,false
cross_modal_disagreement,cross_modal_disagreement,cross_modal_disagreement-s101,101,4.700000,0.919153,54.637990,0.941185,12.337183,2.179154,76.001283,true,false,false
cross_modal_disagreement,cross_modal_disagreement,cross_modal_disagreement-s101,101,4.800000,0.936741,42.577551,0.902289,12.286528,2.219228,103.394653,true,false,false
cross_modal_disagreement,cross_modal_disagreement,cross_modal_disagreement-s101,101,4.900000,0.940302,51.787535,0.913875,12.334406,2.213889,92.086522,true,false,false
cross_modal_disagreement,cross_modal_disagreement,cross_modal_disagreement-s101,101,5.000000,0.952255,53.026742,0.934886,12.303146,2.198185,53.765150,true,false,false
cross_modal_disagreement,cross_modal_disagreement,cross_modal_disagreement-s101,101,5.100000,0.942448,50.399800,0.927703,12.256395,2.203182,60.318223,true,false,false
cross_modal_disagreement,cross_modal_disagreement,cross_modal_disagreement-s101,101,5.200000,0.909855,46.905224,0.918057,12.269516,2.186057,75.528690,true,false,false
cross_modal_disagreement,cross_modal_disagreement,cross_modal_disagreement-s101,101,5.300000,0.939121,38.739983,0.933779,12.341929,2.171969,61.207987,true,false,false
cross_modal_disagreement,cross_modal_disagreement,cross_modal_disagreement-s101,101,5.400000,0.930873,45.798559,0.886236,12.307958,2.209353,75.766634,true,false,false
cross_modal_disagreement,cross_modal_disagreement,cross_modal_disagreement-s101,101,5.500000,0.939398,45.028570,0.934650,12.382849,2.183085,71.740519,true,false,false
cross_modal_disagreement,cross_modal_disagreement,cross_modal_disagreement-s101,101,5.600000,0.948486,54.587669,0.916644,12.365618,2.190809,90.356393,true,false,false
cross_modal_disagreement,cross_modal_disagreement,cross_modal_disagreement-s101,101,5.700000,0.941949,43.861979,0.922439,12.331492,2.175514,98.808337,true,false,false
cross_modal_disagreement,cross_modal_disagreement,cross_modal_disagreement-s101,101,5.800000,0.950570,48.274658,0.927358,12.371335,2.185954,72.613685,true,false,false
cross_modal_disagreement,cross_modal_disagreement,cross_modal_disagreement-s101,101,5.900000,0.935059,32.903324,0.920886,12.428055,2.155364,99.771327,true,false,false
cross_modal_disagreement,cross_modal_disagreement,cross_modal_disagreement-s101,101,6.000000,0.930262,44.835199,0.940958,12.308639,2.158999,94.573116,true,false,false
cross_modal_disagreement,cross_modal_disagreement,cross_modal_disagreement-s101,101,6.100000,0.937288,53.520695,0.965384,12.308485,2.202063,104.117371,true,false,false
cross_modal_disagreement,cross_modal_disagreement,cross_modal_disagreement-s101,101,6.200000,0.939596,46.981084,0.934975,12.376832,2.209009,59.498088,true,false,false
cross_modal_disagreement,cross_modal_disagreement,cross_modal_disagreement-s101,101,6.300000,0.939931,55.601771,0.931012,12.337584,2.189547,86.857107,true,false,false
cross_modal_disagreement,cross_modal_disagreement,cross_modal_disagreement-s101,101,6.400000,0.929719,35.113477,0.921968,12.345576,2.173588,84.549811,true,false,false
cross_modal_disagreement,cross_modal_disagreement,cross_modal_disagreement-s101,101,6.500000,0.929908,43.955605,0.941983,12.323583,2.137595,63.910948,true,false,false
cross_modal_disagreement,cross_modal_disagreement,cross_modal_disagreement-s101,101,6.600000,0.947124,62.265479,0.941522,12.291935,2.167797,69.563428,true,false,false
cross_modal_disagreement,cross_modal_disagreement,cross_modal_disagreement-s101,101,6.700000,0.950801,50.190792,0.917513,12.321900,2.196603,57.731649,true,false,false
cross_modal_disagreement,cross_modal_disagreement,cross_modal_disagreement-s101,101,6.800000,0.935461,40.393959,0.939190,12.406127,2.175064,92.491418,true,false,false
cross_modal_disagreement,cross_modal_disagreement,cross_modal_disagreement-s101,101,6.900000,0.940901,38.068544,0.923268,12.427741,2.148453,91.203508,true,false,false
cross_modal_disagreement,cross_modal_disagreement,cross_modal_disagreement-s101,101,7.000000,0.922721,52.103583,0.944910,12.358178,2.113071,79.943649,true,false,false
cross_modal_disagreement,cross_modal_disagreement,cross_modal_disagreement-s101,101,7.100000,0.929609,54.801709,0.926110,12.339925,2.163318,62.811887,true,false,false
cross_modal_disagreement,cross_modal_disagreement,cross_modal_disagreement-s101,101,7.200000,0.937037,53.335952,0.927014,12.416266,2.172816,112.254460,true,false,false
cross_modal_disagreement,cross_modal_disagreement,cross_modal_disagreement-s101,101,7.300000,0.930221,47.404597,0.924909,12.287114,2.162470,72.812987,true,false,false
cross_modal_disagreement,cross_modal_disagreement,cross_modal_disagreement-s101,101,7.400000,0.938983,46.445727,0.927553,12.374292,2.142111,88.524499,true,false,false
cross_modal_disagreement,cross_modal_disagreement,cross_modal_disagreement-s101,101,7.500000,0.921964,43.105018,0.901465,12.357954,2.151440,68.176056,true,false,false
cross_modal_disagreement,cross_modal_disagreement,cross_modal_disagreement-s101,101,7.600000,0.942625,47.979691,0.896841,12.385370,2.147792,90.493150,true,false,false
cross_modal_disagreement,cross_modal_disagreement,cross_modal_disagreement-s101,101,7.700000,0.955497,64.645358,0.925277,12.316705,2.129561,76.065473,true,false,false
cross_modal_disagreement,cross_modal_disagreement,cross_modal_disagreement-s101,101,7.800000,0.948427,48.560786,0.913536,12.278229,2.133577,95.933774,true,false,false
cross_modal_disagreement,cross_modal_disagreement,cross_modal_disagreement-s101,101,7.900000,0.949544,51.175310,0.947386,12.364930,2.109579,92.919813,true,false,false
cross_modal_disagreement,cross_modal_disagreement,cross_modal_disagreement-s101,101,8.000000,0.933635,54.230272,0.907586,12.304144,2.095449,70.957982,true,false,false
cross_modal_disagreement,cross_modal_disagreement,cross_modal_disagreement-s101,101,8.100000,0.947140,50.089453,0.940676,12.320424,2.157535,88.835849,true,false,false
cross_modal_disagreement,cross_modal_disagreement,cross_modal_disagreement-s101,101,8.200000,0.947774,55.250269,0.914028,12.375762,2.157063,45.511505,true,false,false
cross_modal_disagreement,cross_modal_disagreement,cross_modal_disagreement-s101,101,8.300000,0.915480,51.359761,0.930524,12.278822,2.191802,73.629875,true,false,false
cross_modal_disagreement,cross_modal_disagreement,cross_modal_disagreement-s101,101,8.400000,0.951011,57.760840,0.910450,12.250981,2.121898,67.032390,true,false,false
cross_modal_disagreement,cross_modal_disagreement,cross_modal_disagreement-s101,101,8.500000,0.949691,38.332680,0.939016,12.392592,2.123385,73.283411,true,false,false
cross_modal_disagreement,cross_modal_disagreement,cross_modal_disagreement-s101,101,8.600000,0.947158,48.859820,0.904889,12.238377,2.168780,65.847372,true,false,false
cross_modal_disagreement,cross_modal_disagreement,cross_modal_disagreement-s101,101,8.700000,0.942229,52.412993,0.935412,12.308256,2.097461,84.337517,true,false,false
cross_modal_disagreement,cross_modal_disagreement,cross_modal_disagreement-s101,101,8.800000,0.947132,39.298183,0.931893,12.207815,2.119409,61.264062,true,false,false
cross_modal_disagreement,cross_modal_disagreement,cross_modal_disagreement-s101,101,8.900000,0.927482,52.685305,0.894084,12.292539,2.136393,61.163262,true,false,false
cross_modal_disagreement,cross_modal_disagreement,cross_modal_disagreement-s101,101,9.000000,0.939576,57.020162,0.911133,12.277959,2.132862,87.435854,true,false,false
cross_modal_disagreement,cross_modal_disagreement,cross_modal_disagreement-s101,101,9.100000,0.957423,44.042079,0.957679,12.297414,2.103275,59.194476,true,false,false
cross_modal_disagreement,cross_modal_disagreement,cross_modal_disagreement-s101,101,9.200000,0.950334,48.239949,0.909637,12.300721,2.131260,91.754829,true,false,false
cross_modal_disagreement,cross_modal_disagreement,cross_modal_disagreement-s101,101,9.300000,0.926894,41.532054,0.897030,12.256897,2.138805,95.107081,true,false,false
cross_modal_disagreement,cross_modal_disagreement,cross_modal_disagreement-s101,101,9.400000,0.955844,37.931004,0.921459,12.219399,2.098457,82.357793,true,false,false
cross_modal_disagreement,cross_modal_disagreement,cross_modal_disagreement-s101,101,9.500000,0.945252,34.467830,0.942474,12.221762,2.112639,52.213086,true,false,false
cross_modal_disagreement,cross_modal_disagreement,cross_modal_disagreement-s101,101,9.600000,0.943278,49.811971,0.954110,12.162008,2.087998,58.975972,true,false,false
cross_modal_disagreement,cross_modal_disagreement,cross_modal_disagreement-s101,101,9.700000,0.921161,56.413302,0.918688,12.242918,2.095606,73.307579,true,false,false
cross_modal_disagreement,cross_modal_disagreement,cross_modal_disagreement-s101,101,9.800000,0.936315,38.085546,0.934839,12.250590,2.083688,103.153156,true,false,false
cross_modal_disagreement,cross_modal_disagreement,cross_modal_disagreement-s101,101,9.900000,0.941823,41.836049,0.929338,12.246595,2.055698,85.071566,true,false,false
cross_modal_disagreement,cross_modal_disagreement,cross_modal_disagreement-s101,101,10.000000,0.949996,46.017410,0.935096,12.254451,2.048090,88.393325,true,false,false
cross_modal_disagreement,cross_modal_disagreement,cross_modal_disagreement-s101,101,10.100000,0.932081,40.496698,0.924779,12.178213,2.085404,69.299491,true,false,false
cross_modal_disagreement,cross_modal_disagreement,cross_modal_disagreement-s101,101,10.200000,0.924841,49.144993,0.911550,12.189914,2.059938,80.881906,true,false,false
cross_modal_disagreement,cross_modal_disagreement,cross_modal_disagreement-s101,101,10.300000,0.937904,55.219859,0.909515,12.201914,2.054226,48.220570,true,false,false
cross_modal_disagreement,cross_modal_disagreement,cross_modal_disagreement-s101,101,10.400000,0.947166,46.582460,0.922095,12.221044,2.042620,65.952838,true,false,false
cross_modal_disagreement,cross_modal_disagreement,cross_modal_disagreement-s101,101,10.500000,0.928161,43.655563,0.965888,12.172022,2.078248,67.935899,true,false,false
cross_modal_disagreement,cross_modal_disagreement,cross_modal_disagreement-s101,101,10.600000,0.940352,46.114142,0.946488,12.145181,2.092866,71.351938,true,false,false
cross_modal_disagreement,cross_modal_disagreement,cross_modal_disagreement-s101,101,10.700000,0.937791,42.842595,0.930067,12.146106,2.087245,78.636366,true,false,false
cross_modal_disagreement,cross_modal_disagreement,cross_modal_disagreement-s101,101,10.800000,0.932379,40.532525,0.929606,12.092772,2.075970,45.159987,true,false,false
cross_modal_disagreement,cross_modal_disagreement,cross_modal_disagreement-s101,101,10.900000,0.945192,49.339389,0.917691,12.162431,2.024444,70.858823,true,false,false
cross_modal_disagreement,cross_modal_disagreement,cross_modal_disagreement-s101,101,11.000000,0.945855,55.452964,0.920067,12.140996,2.058063,88.946328,true,false,false
cross_modal_disagreement,cross_modal_disagreement,cross_modal_disagreement-s101,101,11.100000,0.927968,30.944549,0.939048,12.144559,2.023342,82.380937,true,false,false
cross_modal_disagreement,cross_modal_disagreement,cross_modal_disagreement-s101,101,11.200000,0.957885,62.068962,0.916238,12.169159,2.028438,87.808444,true,false,false
cross_modal_disagreement,cross_modal_disagreement,cross_modal_disagreement-s101,101,11.300000,0.952165,41.375909,0.895958,12.191970,2.081605,109.631562,true,false,false
cross_modal_disagreement,cross_modal_disagreement,cross_modal_disagreement-s101,101,11.400000,0.935848,43.349101,0.955947,12.093539,2.005638,76.638863,true,false,false
cross_modal_disagreement,cross_modal_disagreement,cross_modal_disagreement-s101,101,11.500000,0.947996,51.123806,0.877186,12.105075,1.995938,109.837859,true,false,false
cross_modal_disagreement,cross_modal_disagreement,cross_modal_disagreement-s101,101,11.600000,0.923259,42.641012,0.921896,12.062849,2.076212,68.831697,true,false,false
cross_modal_disagreement,cross_modal_disagreement,cross_modal_disagreement-s101,101,11.700000,0.944941,50.783367,0.927025,12.026272,2.089506,65.764538,true,false,false
cross_modal_disagreement,cross_modal_disagreement,cross_modal_disagreement-s101,101,11.800000,0.928088,45.785544,0.923749,11.956531,2.032531,93.886962,true,false,false
cross_modal_disagreement,cross_modal_disagreement,cross_modal_disagreement-s101,101,11.900000,0.942655,49.423796,0.936166,12.072569,2.004317,59.192464,true,false,false
cross_modal_disagreement,cross_modal_disagreement,cross_modal_disagreement-s101,101,12.000000,0.940018,29.959933,0.918862,12.127828,2.029031,90.252123,true,false,false
cross_modal_disagreement,cross_modal_disagreement,cross_modal_disagreement-s101,101,12.100000,0.901116,41.646087,0.913910,12.043794,2.016148,91.494823,true,false,false
cross_modal_disagreement,cross_modal_disagreement,cross_modal_disagreement-s101,101,12.200000,0.937175,44.309188,0.917659,12.055576,2.011195,76.869240,true,false,false
cross_modal_disagreement,cross_modal_disagreement,cross_modal_disagreement-s101,101,12.300000,0.934002,55.571842,0.920518,11.967956,2.031942,63.839973,true,false,false
cross_modal_disagreement,cross_modal_disagreement,cross_modal_disagreement-s101,101,12.400000,0.945348,46.438922,0.927291,12.022453,2.011052,79.512187,true,false,false
cross_modal_disagreement,cross_modal_disagreement,cross_modal_disagreement-s101,101,12.500000,0.940463,48.806778,0.921443,11.992352,1.987518,51.261016,true,false,false
cross_modal_disagreement,cross_modal_disagreement,cross_modal_disagreement-s101,101,12.600000,0.939785,57.333607,0.934412,11.968415,2.036090,76.194727,true,false,false
cross_modal_disagreement,cross_modal_disagreement,cross_modal_disagreement-s101,101,12.700000,0.921297,42.673648,0.886183,11.991279,2.076370,74.872949,true,false,false
cross_modal_disagreement,cross_modal_disagreement,cross_modal_disagreement-s101,101,12.800000,0.921768,49.438896,0.937358,11.939129,2.044082,80.734613,true,false,false
cross_modal_disagreement,cross_modal_disagreement,cross_modal_disagreement-s101,101,12.900000,0.935435,45.779962,0.946041,12.060762,1.951769,77.486730,true,false,false
cross_modal_disagreement,cross_modal_disagreement,cross_modal_disagreement-s101,101,13.000000,0.950969,37.572740,0.908495,11.976263,2.041850,82.018086,true,false,false
cross_modal_disagreement,cross_modal_disagreement,cross_modal_disagreement-s101,101,13.100000,0.923561,48.177711,0.931671,11.989214,1.989956,99.147408,true,false,false
cross_modal_disagreement,cross_modal_disagreement,cross_modal_disagreement-s101,101,13.200000,0.933146,60.734201,0.893976,11.870958,2.020210,88.962077,true,false,false
cross_modal_disagreement,cross_modal_disagreement,cross_modal_disagreement-s101,101,13.300000,0.930703,48.441135,0.884379,11.877017,2.007047,76.175019,true,false,false
cross_modal_disagreement,cross_modal_disagreement,cross_modal_disagreement-s101,101,13.400000,0.955988,51.222367,0.917660,11.929393,1.992204,96.461845,true,false,false
cross_modal_disagreement,cross_modal_disagreement,cross_modal_disagreement-s101,101,13.500000,0.932410,43.486669,0.969350,11.890921,2.039502,79.690085,true,false,false
cross_modal_disagreement,cross_modal_disagreement,cross_modal_disagreement-s101,101,13.600000,0.931575,43.930698,0.927600,11.980719,2.045171,68.678085,true,false,false
cross_modal_disagreement,cross_modal_disagreement,cross_modal_disagreement-s101,101,13.700000,0.955319,45.959691,0.905124,11.867173,2.036122,49.085883,true,false,false
cross_modal_disagreement,cross_modal_disagreement,cross_modal_disagreement-s101,101,13.800000,0.926325,47.940766,0.929326,11.819848,2.012442,71.068278,true,false,false
cross_modal_disagreement,cross_modal_disagreement,cross_modal_disagreement-s101,101,13.900000,0.947872,52.827095,0.936120,11.895933,2.011916,83.508396,true,false,false
cross_modal_disagreement,cross_modal_disagreement,cross_modal_disagreement-s101,101,14.000000,0.950581,55.837527,0.929812,11.859374,2.015647,63.753630,true,false,false
cross_modal_disagreement,cross_modal_disagreement,cross_modal_disagreement-s101,101,14.100000,0.967815,49.081382,0.935822,11.898479,2.040295,79.230901,true,false,false
cross_modal_disagreement,cross_modal_disagreement,cross_modal_disagreement-s101,101,14.200000,0.932910,53.443579,0.873341,11.847167,1.999249,68.018529,true,false,false
cross_modal_disagreement,cross_modal_disagreement,cross_modal_disagreement-s101,101,14.300000,0.946592,41.311298,0.913893,11.811688,2.019955,71.757301,true,false,false
cross_modal_disagreement,cross_modal_disagreement,cross_modal_disagreement-s101,101,14.400000,0.948638,57.582734,0.918986,11.807355,2.053578,82.931943,true,false,false
cross_modal_disagreement,cross_modal_disagreement,cross_modal_disagreement-s101,101,14.500000,0.949389,52.238973,0.931493,11.770164,2.025718,72.070646,true,false,false
cross_modal_disagreement,cross_modal_disagreement,cross_modal_disagreement-s101,101,14.600000,0.939666,46.282485,0.949513,11.822613,2.028069,50.600346,true,false,false
cross_modal_disagreement,cross_modal_disagreement,cross_modal_disagreement-s101,101,14.700000,0.948700,37.288166,0.925996,11.815854,2.055713,88.481164,true,false,false
cross_modal_disagreement,cross_modal_disagreement,cross_modal_disagreement-s101,101,14.800000,0.955945,56.525351,0.894042,11.848534,2.046847,88.904465,true,false,false
cross_modal_disagreement,cross_modal_disagreement,cross_modal_disagreement-s101,101,14.900000,0.936119,36.765446,0.925650,11.834125,2.048161,57.862249,true,false,false
cross_modal_disagreement,cross_modal_disagreement,cross_modal_disagreement-s101,101,15.000000,0.937668,47.922996,0.914072,11.734165,1.983081,47.814640,true,false,false
cross_modal_disagreement,cross_modal_disagreement,cross_modal_disagreement-s101,101,15.100000,0.925215,38.435311,0.920217,11.825826,2.117066,71.411446,true,false,false
cross_modal_disagreement,cross_modal_disagreement,cross_modal_disagreement-s101,101,15.200000,0.953089,54.114136,0.910312,11.735348,2.007147,86.444669,true,false,false
cross_modal_disagreement,cross_modal_disagreement,cross_modal_disagreement-s101,101,15.300000,0.945811,46.193113,0.945271,11.814360,2.050488,79.246734,true,false,false
cross_modal_disagreement,cross_modal_disagreement,cross_modal_disagreement-s101,101,15.400000,0.923175,44.143848,0.918880,11.829156,2.001347,56.410758,true,false,false
cross_modal_disagreement,cross_modal_disagreement,cross_modal_disagreement-s101,101,15.500000,0.912621,50.879881,0.881801,11.792711,1.995905,91.572929,true,false,false
cross_modal_disagreement,cross_modal_disagreement,cross_modal_disagreement-s101,101,15.600000,0.935638,57.504288,0.920009,11.745011,2.030910,72.218658,true,false,false
cross_modal_disagreement,cross_modal_disagreement,cross_modal_disagreement-s101,101,15.700000,0.941649,44.224959,0.921003,11.787723,2.027883,97.091153,true,false,false
cross_modal_disagreement,cross_modal_disagreement,cross_modal_disagreement-s101,101,15.800000,0.926992,58.569318,0.897243,11.794412,2.019565,93.750674,true,false,false
cross_modal_disagreement,cross_modal_disagreement,cross_modal_disagreement-s101,101,15.900000,0.930482,44.597142,0.925680,11.686227,1.998695,71.091508,true,false,false
cross_modal_disagreement,cross_modal_disagreement,cross_modal_disagreement-s101,101,16.000000,0.941415,54.104309,0.939619,11.691763,1.949263,88.764297,true,false,false
cross_modal_disagreement,cross_modal_disagreement,cross_modal_disagreement-s101,101,16.100000,0.957664,44.153954,0.933033,11.756814,2.011410,89.100348,true,false,false
cross_modal_disagreement,cross_modal_disagreement,cross_modal_disagreement-s101,101,16.200000,0.936108,55.481593,0.926590,11.711268,2.064405,86.981353,true,false,false
cross_modal_disagreement,cross_modal_disagreement,cross_modal_disagreement-s101,101,16.300000,0.951349,48.690282,0.920213,11.787397,2.052135,93.649367,true,false,false
cross_modal_disagreement,cross_modal_disagreement,cross_modal_disagreement-s101,101,16.400000,0.952243,40.311270,0.910939,11.729873,2.081984,69.988973,true,false,false
cross_modal_disagreement,cross_modal_disagreement,cross_modal_disagreement-s101,101,16.500000,0.936543,43.008863,0.922204,11.789661,2.066658,54.923847,true,false,false
cross_modal_disagreement,cross_modal_disagreement,cross_modal_disagreement-s101,101,16.600000,0.933641,58.463082,0.935139,11.625711,2.043361,72.987564,true,false,false
cross_modal_disagreement,cross_modal_disagreement,cross_modal_disagreement-s101,101,16.700000,0.949234,49.870704,0.924890,11.664746,2.074197,82.825031,true,false,false
cross_modal_disagreement,cross_modal_disagreement,cross_modal_disagreement-s101,101,16.800000,0.946497,54.152536,0.914305,11.649387,2.020585,73.602913,true,false,false
cross_modal_disagreement,cross_modal_disagreement,cross_modal_disagreement-s101,101,16.900000,0.966788,44.275792,0.910983,11.689389,2.046989,70.599654,true,false,false
cross_modal_disagreement,cross_modal_disagreement,cross_modal_disagreement-s101,101,17.000000,0.945327,48.186517,0.887036,11.715924,2.010252,78.299467,true,false,false
cross_modal_disagreement,cross_modal_disagreement,cross_modal_disagreement-s101,101,17.100000,0.921115,45.858680,0.891022,11.675096,2.043746,86.716613,true,false,false
cross_modal_disagreement,cross_modal_disagreement,cross_modal_disagreement-s101,101,17.200000,0.945985,36.212222,0.926953,11.621366,2.067002,60.364747,true,false,false
cross_modal_disagreement,cross_modal_disagreement,cross_modal_disagreement-s101,101,17.300000,0.930476,38.800945,0.915935,11.682442,2.095489,56.552053,true,false,false
cross_modal_disagreement,cross_modal_disagreement,cross_modal_disagreement-s101,101,17.400000,0.934274,54.648822,0.951954,11.733013,2.086406,84.921327,true,false,false
cross_modal_disagreement,cross_modal_disagreement,cross_modal_disagreement-s101,101,17.500000,0.963531,50.233043,0.909972,11.604808,2.031450,68.111181,true,false,false
cross_modal_disagreement,cross_modal_disagreement,cross_modal_disagreement-s101,101,17.600000,0.944282,46.315581,0.918886,11.686499,2.058083,78.945850,true,false,false
cross_modal_disagreement,cross_modal_disagreement,cross_modal_disagreement-s101,101,17.700000,0.929380,40.728491,0.913569,11.590702,2.076577,79.594293,true,false,false
cross_modal_disagreement,cross_modal_disagreement,cross_modal_disagreement-s101,101,17.800000,0.926324,50.879368,0.916104,11.626866,2.101041,71.313448,true,false,false
cross_modal_disagreement,cross_modal_disagreement,cross_modal_disagreement-s101,101,17.900000,0.922000,48.751221,0.944992,11.625026,2.087347,72.338366,true,false,false
cross_modal_disagreement,cross_modal_disagreement,cross_modal_disagreement-s101,101,18.000000,0.942036,48.962788,0.896545,11.619942,2.089163,95.906793,true,false,false
cross_modal_disagreement,cross_modal_disagreement,cross_modal_disagreement-s101,101,18.100000,0.944165,57.050645,0.956360,11.646572,2.078712,82.902054,true,false,false
cross_modal_disagreement,cross_modal_disagreement,cross_modal_disagreement-s101,101,18.200000,0.940602,56.653149,0.909523,11.691336,2.027966,74.995803,true,false,false
cross_modal_disagreement,cross_modal_disagreement,cross_modal_disagreement-s101,101,18.300000,0.932537,53.685323,0.910073,11.699039,2.101750,92.157420,true,false,false
cross_modal_disagreement,cross_modal_disagreement,cross_modal_disagreement-s101,101,18.400000,0.918572,46.703045,0.881385,11.624883,2.073389,91.631882,true,false,false
cross_modal_disagreement,cross_modal_disagreement,cross_modal_disagreement-s101,101,18.500000,0.939462,48.424323,0.915388,11.590160,2.098654,76.969956,true,false,false
cross_modal_disagreement,cross_modal_disagreement,cross_modal_disagreement-s101,101,18.600000,0.953044,38.683388,0.928039,11.637327,2.090209,100.761072,true,false,false
cross_modal_disagreement,cross_modal_disagreement,cross_modal_disagreement-s101,101,18.700000,0.937534,45.135607,0.965751,11.674556,2.091523,64.640417,true,false,false
cross_modal_disagreement,cross_modal_disagreement,cross_modal_disagreement-s101,101,18.800000,0.932916,48.796499,0.908749,11.748755,2.147783,96.114967,true,false,false
cross_modal_disagreement,cross_modal_disagreement,cross_modal_disagreement-s101,101,18.900000,0.941865,41.355075,0.921248,11.599769,2.080285,64.099885,true,false,false
cross_modal_disagreement,cross_modal_disagreement,cross_modal_disagreement-s101,101,19.000000,0.914457,56.245355,0.921700,11.609809,2.084330,75.345978,true,false,false
cross_modal_disagreement,cross_modal_disagreement,cross_modal_disagreement-s101,101,19.100000,0.946616,52.101343,0.927914,11.627898,2.105875,81.879968,true,false,false
cross_modal_disagreement,cross_modal_disagreement,cross_modal_disagreement-s101,101,19.200000,0.949267,47.320176,0.930551,11.710041,2.146988,91.915238,true,false,false
cross_modal_disagreement,cross_modal_disagreement,cross_modal_disagreement-s101,101,19.300000,0.939346,46.063357,0.923007,11.625150,2.146593,91.056536,true,false,false
cross_modal_disagreement,cross_modal_disagreement,cross_modal_disagreement-s101,101,19.400000,0.950335,45.229071,0.914753,11.699099,2.128975,41.352043,true,false,false
cross_modal_disagreement,cross_modal_disagreement,cross_modal_disagreement-s101,101,19.500000,0.934921,41.790541,0.884546,11.671007,2.114309,91.503064,true,false,false
cross_modal_disagreement,cross_modal_disagreement,cross_modal_disagreement-s101,101,19.600000,0.952820,66.651860,0.923204,11.627480,2.130124,44.569607,true,false,false
cross_modal_disagreement,cross_modal_disagreement,cross_modal_disagreement-s101,101,19.700000,0.936395,53.905421,0.913113,11.734517,2.075603,86.260636,true,false,false
cross_modal_disagreement,cross_modal_disagreement,cross_modal_disagreement-s101,101,19.800000,0.924529,55.352437,0.939890,11.646747,2.146417,104.272138,true,false,false
cross_modal_disagreement,cross_modal_disagreement,cross_modal_disagreement-s101,101,19.900000,0.951901,46.325660,0.962766,11.574397,2.178870,72.032207,true,false,false
cross_modal_disagreement,cross_modal_disagreement,cross_modal_disagreement-s101,101,20.000000,0.929770,49.743044,0.921392,11.694915,2.127613,86.193924,true,true,false
cross_modal_disagreement,cross_modal_disagreement,cross_modal_disagreement-s101,101,20.100000,0.940078,56.717261,0.883399,11.571801,2.171972,73.796508,true,true,false
cross_modal_disagreement,cross_modal_disagreement,cross_modal_disagreement-s101,101,20.200000,0.933933,39.207616,0.832990,11.658700,2.132658,86.629177,true,true,false
cross_modal_disagreement,cross_modal_disagreement,cross_modal_disagreement-s101,101,20.300000,0.945051,49.793704,0.785302,11.657172,2.165773,65.046415,true,true,false
cross_modal_disagreement,cross_modal_disagreement,cross_modal_disagreement-s101,101,20.400000,0.945067,53.929205,0.700590,11.728052,2.094879,65.675995,true,true,false
cross_modal_disagreement,cross_modal_disagreement,cross_modal_disagreement-s101,101,20.500000,0.939073,48.042904,0.626858,11.705109,2.133741,70.292614,true,true,false
cross_modal_disagreement,cross_modal_disagreement,cross_modal_disagreement-s101,101,20.600000,0.926258,40.017597,0.608739,11.646583,2.124769,73.492954,true,true,false
cross_modal_disagreement,cross_modal_disagreement,cross_modal_disagreement-s101,101,20.700000,0.947138,52.457387,0.551798,11.689883,2.170738,89.989226,true,true,false
cross_modal_disagreement,cross_modal_disagreement,cross_modal_disagreement-s101,101,20.800000,0.943357,45.145323,0.492914,11.688523,2.182085,70.928625,true,true,false
cross_modal_disagreement,cross_modal_disagreement,cross_modal_disagreement-s101,101,20.900000,0.945905,56.015246,0.413529,11.710499,2.112000,78.208223,true,true,false
cross_modal_disagreement,cross_modal_disagreement,cross_modal_disagreement-s101,101,21.000000,0.947846,49.732987,0.355469,11.708243,2.176393,77.554466,true,true,false
cross_modal_disagreement,cross_modal_disagreement,cross_modal_disagreement-s101,101,21.100000,0.948042,46.259806,0.340668,11.724711,2.180379,89.695170,true,true,true
cross_modal_disagreement,cross_modal_disagreement,cross_modal_disagreement-s101,101,21.200000,0.932590,49.459979,0.284644,11.761911,2.127006,112.551134,true,true,true
cross_modal_disagreement,cross_modal_disagreement,cross_modal_disagreement-s101,101,21.300000,0.937557,46.104849,0.265518,11.745980,2.197017,87.573227,true,true,true
cross_modal_disagreement,cross_modal_disagreement,cross_modal_disagreement-s101,101,21.400000,0.934222,57.246065,0.267654,11.741021,2.133358,78.832062,true,true,true
cross_modal_disagreement,cross_modal_disagreement,cross_modal_disagreement-s101,101,21.500000,0.953847,46.714068,0.276195,11.735156,2.129246,63.655841,true,true,true
cross_modal_disagreement,cross_modal_disagreement,cross_modal_disagreement-s101,101,21.600000,0.970933,44.175510,0.295455,11.682460,2.136063,85.159560,true,true,true
cross_modal_disagreement,cross_modal_disagreement,cross_modal_disagreement-s101,101,21.700000,0.961422,49.226783,0.257219,11.721756,2.156700,77.590038,true,true,true
cross_modal_disagreement,cross_modal_disagreement,cross_modal_disagreement-s101,101,21.800000,0.938912,39.186981,0.279760,11.776958,2.165755,77.186854,true,true,true
cross_modal_disagreement,cross_modal_disagreement,cross_modal_disagreement-s101,101,21.900000,0.948579,41.997737,0.282573,11.698054,2.188970,78.604016,true,true,true
cross_modal_disagreement,cross_modal_disagreement,cross_modal_disagreement-s101,101,22.000000,0.912528,51.239880,0.291311,11.761859,2.173178,94.861273,true,true,true
cross_modal_disagreement,cross_modal_disagreement,cross_modal_disagreement-s101,101,22.100000,0.937370,42.967570,0.268328,11.717642,2.214545,91.358940,true,true,true
cross_modal_disagreement,cross_modal_disagreement,cross_modal_disagreement-s101,101,22.200000,0.928540,39.503569,0.259355,11.733420,2.173896,91.380761,true,true,true
cross_modal_disagreement,cross_modal_disagreement,cross_modal_disagreement-s101,101,22.300000,0.940897,63.317834,0.305008,11.743620,2.195875,69.647585,true,true,true
cross_modal_disagreement,cross_modal_disagreement,cross_modal_disagreement-s101,101,22.400000,0.926650,36.502201,0.265723,11.846450,2.156639,82.008063,true,true,true
cross_modal_disagreement,cross_modal_disagreement,cross_modal_disagreement-s101,101,22.500000,0.935606,51.725311,0.290161,11.800906,2.149814,93.142709,true,true,true
cross_modal_disagreement,cross_modal_disagreement,cross_modal_disagreement-s101,101,22.600000,0.959553,54.229841,0.287442,11.824423,2.185840,79.186139,true,true,true
cross_modal_disagreement,cross_modal_disagreement,cross_modal_disagreement-s101,101,22.700000,0.923829,35.621445,0.278224,11.792106,2.202653,67.270729,true,true,true
cross_modal_disagreement,cross_modal_disagreement,cross_modal_disagreement-s101,101,22.800000,0.926319,47.044350,0.261936,11.740652,2.158664,88.497861,true,true,true
cross_modal_disagreement,cross_modal_disagreement,cross_modal_disagreement-s101,101,22.900000,0.937463,49.857782,0.285648,11.816406,2.163450,96.223932,true,true,true
cross_modal_disagreement,cross_modal_disagreement,cross_modal_disagreement-s101,101,23.000000,0.933870,41.349246,0.269141,11.887223,2.179682,85.229300,true,true,true
cross_modal_disagreement,cross_modal_disagreement,cross_modal_disagreement-s101,101,23.100000,0.931340,62.566975,0.288685,11.766273,2.194826,89.691016,true,true,true
cross_modal_disagreement,cross_modal_disagreement,cross_modal_disagreement-s101,101,23.200000,0.936525,52.040420,0.259581,11.744840,2.137350,71.084267,true,true,true
cross_modal_disagreement,cross_modal_disagreement,cross_modal_disagreement-s101,101,23.300000,0.947591,45.223866,0.254008,11.872657,2.180917,70.784058,true,true,true
cross_modal_disagreement,cross_modal_disagreement,cross_modal_disagreement-s101,101,23.400000,0.946977,53.164344,0.234522,11.843914,2.188800,78.121025,true,true,true
cross_modal_disagreement,cross_modal_disagreement,cross_modal_disagreement-s101,101,23.500000,0.929652,56.760450,0.251970,11.872542,2.190116,95.452373,true,true,true
cross_modal_disagreement,cross_modal_disagreement,cross_modal_disagreement-s101,101,23.600000,0.919051,35.748246,0.283660,11.850036,2.179655,78.136802,true,true,true
cross_modal_disagreement,cross_modal_disagreement,cross_modal_disagreement-s101,101,23.700000,0.932342,59.942030,0.249620,11.899161,2.194134,87.502374,true,true,true
cross_modal_disagreement,cross_modal_disagreement,cross_modal_disagreement-s101,101,23.800000,0.962225,42.504397,0.279681,11.917850,2.204185,99.032312,true,true,true
cross_modal_disagreement,cross_modal_disagreement,cross_modal_disagreement-s101,101,23.900000,0.929897,55.841371,0.253228,11.865654,2.156271,69.968931,true,true,true
cross_modal_disagreement,cross_modal_disagreement,cross_modal_disagreement-s101,101,24.000000,0.930846,54.283780,0.274698,11.876695,2.232755,96.598446,true,true,true
cross_modal_disagreement,cross_modal_disagreement,cross_modal_disagreement-s101,101,24.100000,0.946855,43.431622,0.243052,11.840129,2.163070,72.663390,true,true,true
cross_modal_disagreement,cross_modal_disagreement,cross_modal_disagreement-s101,101,24.200000,0.945554,48.335565,0.246784,11.865519,2.182918,64.514169,true,true,true
cross_modal_disagreement,cross_modal_disagreement,cross_modal_disagreement-s101,101,24.300000,0.958510,49.244557,0.257838,11.924070,2.167771,79.721945,true,true,true
cross_modal_disagreement,cross_modal_disagreement,cross_modal_disagreement-s101,101,24.400000,0.950215,55.321226,0.268085,11.922937,2.183966,104.961149,true,true,true
cross_modal_disagreement,cross_modal_disagreement,cross_modal_disagreement-s101,101,24.500000,0.937778,53.258349,0.266282,11.996114,2.194772,71.818649,true,true,true
cross_modal_disagreement,cross_modal_disagreement,cross_modal_disagreement-s101,101,24.600000,0.942638,54.641512,0.266354,11.934262,2.176496,80.658628,true,true,true
cross_modal_disagreement,cross_modal_disagreement,cross_modal_disagreement-s101,101,24.700000,0.943914,40.590243,0.262516,11.969654,2.197612,57.334150,true,true,true
cross_modal_disagreement,cross_modal_disagreement,cross_modal_disagreement-s101,101,24.800000,0.945289,46.121558,0.270496,11.944514,2.186120,88.249022,true,true,true
cross_modal_disagreement,cross_modal_disagreement,cross_modal_disagreement-s101,101,24.900000,0.963613,52.828160,0.264961,11.952484,2.167744,81.986307,true,true,true
cross_modal_disagreement,cross_modal_disagreement,cross_modal_disagreement-s101,101,25.000000,0.955718,43.176070,0.255443,11.952402,2.214269,86.534343,true,true,true
cross_modal_disagreement,cross_modal_disagreement,cross_modal_disagreement-s101,101,25.100000,0.950251,47.962862,0.295988,11.999844,2.191552,92.233868,true,true,true
cross_modal_disagreement,cross_modal_disagreement,cross_modal_disagreement-s101,101,25.200000,0.933731,42.963359,0.269052,11.938026,2.152166,99.734459,true,true,true
cross_modal_disagreement,cross_modal_disagreement,cross_modal_disagreement-s101,101,25.300000,0.918918,48.629611,0.286340,11.979799,2.181665,42.682894,true,true,true
cross_modal_disagreement,cross_modal_disagreement,cross_modal_disagreement-s101,101,25.400000,0.918693,39.720941,0.279915,12.046829,2.157831,97.638706,true,true,true
cross_modal_disagreement,cross_modal_disagreement,cross_modal_disagreement-s101,101,25.500000,0.922731,54.304442,0.280164,12.064837,2.164772,80.583016,true,true,true
cross_modal_disagreement,cross_modal_disagreement,cross_modal_disagreement-s101,101,25.600000,0.944995,51.569908,0.272378,12.036124,2.174390,52.235498,true,true,true
cross_modal_disagreement,cross_modal_disagreement,cross_modal_disagreement-s101,101,25.700000,0.933707,62.593805,0.294586,12.080310,2.106193,68.553205,true,true,true
cross_modal_disagreement,cross_modal_disagreement,cross_modal_disagreement-s101,101,25.800000,0.937717,48.523899,0.240487,12.051325,2.187992,62.530565,true,true,true
cross_modal_disagreement,cross_modal_disagreement,cross_modal_disagreement-s101,101,25.900000,0.936691,52.968214,0.273018,12.005643,2.136910,87.589284,true,true,true
cross_modal_disagreement,cross_modal_disagreement,cross_modal_disagreement-s101,101,26.000000,0.952836,46.104930,0.264714,12.053773,2.200637,60.606606,true,true,true
cross_modal_disagreement,cross_modal_disagreement,cross_modal_disagreement-s101,101,26.100000,0.917571,53.897295,0.255214,12.055368,2.191768,100.897383,true,true,true
cross_modal_disagreement,cross_modal_disagreement,cross_modal_disagreement-s101,101,26.200000,0.931833,44.374442,0.267280,12.070739,2.175201,95.543701,true,true,true
cross_modal_disagreement,cross_modal_disagreement,cross_modal_disagreement-s101,101,26.300000,0.960589,47.420620,0.278842,12.129157,2.147027,57.876930,true,true,true
cross_modal_disagreement,cross_modal_disagreement,cross_modal_disagreement-s101,101,26.400000,0.952934,50.062249,0.270539,12.076134,2.160699,73.282964,true,true,true
cross_modal_disagreement,cross_modal_disagreement,cross_modal_disagreement-s101,101,26.500000,0.950778,48.261672,0.278091,12.068924,2.119918,108.096617,true,true,true
cross_modal_disagreement,cross_modal_disagreement,cross_modal_disagreement-s101,101,26.600000,0.927940,39.954954,0.240030,12.172430,2.149545,64.454294,true,true,true
cross_modal_disagreement,cross_modal_disagreement,cross_modal_disagreement-s101,101,26.700000,0.932098,46.023266,0.253720,12.210255,2.149177,73.599192,true,true,true
cross_modal_disagreement,cross_modal_disagreement,cross_modal_disagreement-s101,101,26.800000,0.927976,44.702403,0.254830,12.164127,2.154712,81.543503,true,true,true
cross_modal_disagreement,cross_modal_disagreement,cross_modal_disagreement-s101,101,26.900000,0.941918,39.545263,0.259886,12.103972,2.145354,58.882756,true,true,true
cross_modal_disagreement,cross_modal_disagreement,cross_modal_disagreement-s101,101,27.000000,0.941500,54.306642,0.240498,12.127060,2.084854,72.202476,true,true,true
cross_modal_disagreement,cross_modal_disagreement,cross_modal_disagreement-s101,101,27.100000,0.927677,42.080149,0.251221,12.122566,2.132346,51.476269,true,true,true
cross_modal_disagreement,cross_modal_disagreement,cross_modal_disagreement-s101,101,27.200000,0.947362,41.943295,0.247541,12.187859,2.168946,89.957419,true,true,true
cross_modal_disagreement,cross_modal_disagreement,cross_modal_disagreement-s101,101,27.300000,0.942773,57.018514,0.293861,12.207801,2.103994,84.388164,true,true,true
cross_modal_disagreement,cross_modal_disagreement,cross_modal_disagreement-s101,101,27.400000,0.933757,50.063961,0.267474,12.112074,2.127784,99.646695,true,true,true
cross_modal_disagreement,cross_modal_disagreement,cross_modal_disagreement-s101,101,27.500000,0.928201,34.850076,0.267933,12.225485,2.126579,68.250602,true,true,true
cross_modal_disagreement,cross_modal_disagreement,cross_modal_disagreement-s101,101,27.600000,0.952321,31.397497,0.259365,12.227447,2.152791,74.292266,true,true,true
cross_modal_disagreement,cross_modal_disagreement,cross_modal_disagreement-s101,101,27.700000,0.930402,43.181939,0.258344,12.210896,2.102985,93.623190,true,true,true
cross_modal_disagreement,cross_modal_disagreement,cross_modal_disagreement-s101,101,27.800000,0.953233,45.245576,0.268326,12.176958,2.127321,76.545940,true,true,true
cross_modal_disagreement,cross_modal_disagreement,cross_modal_disagreement-s101,101,27.900000,0.968719,50.353829,0.259181,12.250237,2.064138,74.975800,true,true,true
cross_modal_disagreement,cross_modal_disagreement,cross_modal_disagreement-s101,101,28.000000,0.941064,58.709136,0.275773,12.218633,2.101320,79.599957,true,true,true
cross_modal_disagreement,cross_modal_disagreement,cross_modal_disagreement-s101,101,28.100000,0.939085,53.529270,0.254261,12.250595,2.130081,80.914400,true,true,true
cross_modal_disagreement,cross_modal_disagreement,cross_modal_disagreement-s101,101,28.200000,0.960941,50.579959,0.260098,12.254546,2.132980,79.516424,true,true,true
cross_modal_disagreement,cross_modal_disagreement,cross_modal_disagreement-s101,101,28.300000,0.933658,51.183214,0.260301,12.222598,2.083828,104.620738,true,true,true
cross_modal_disagreement,cross_modal_disagreement,cross_modal_disagreement-s101,101,28.400000,0.930234,47.987444,0.286865,12.194344,2.117113,100.557386,true,true,true
cross_modal_disagreement,cross_modal_disagreement,cross_modal_disagreement-s101,101,28.500000,0.948832,36.121120,0.255117,12.229884,2.048667,81.850424,true,true,true
cross_modal_disagreement,cross_modal_disagreement,cross_modal_disagreement-s101,101,28.600000,0.933548,45.880352,0.294835,12.260654,2.089380,71.039956,true,true,true
cross_modal_disagreement,cross_modal_disagreement,cross_modal_disagreement-s101,101,28.700000,0.952720,47.268240,0.264387,12.330335,2.107208,90.764962,true,true,true
cross_modal_disagreement,cross_modal_disagreement,cross_modal_disagreement-s101,101,28.800000,0.930743,33.820834,0.271038,12.310454,2.121575,60.948710,true,true,true
cross_modal_disagreement,cross_modal_disagreement,cross_modal_disagreement-s101,101,28.900000,0.952269,47.400806,0.266545,12.252813,2.137445,77.734785,true,true,true
cross_modal_disagreement,cross_modal_disagreement,cross_modal_disagreement-s101,101,29.000000,0.925431,42.999748,0.268094,12.246247,2.098166,67.176743,true,true,true
cross_modal_disagreement,cross_modal_disagreement,cross_modal_disagreement-s101,101,29.100000,0.941820,56.297349,0.265473,12.252956,2.058631,82.913820,true,true,true
cross_modal_disagreement,cross_modal_disagreement,cross_modal_disagreement-s101,101,29.200000,0.931349,52.581983,0.271189,12.265354,2.107523,89.503674,true,true,true
cross_modal_disagreement,cross_modal_disagreement,cross_modal_disagreement-s101,101,29.300000,0.945838,53.238065,0.283766,12.356866,2.106898,68.464732,true,true,true
cross_modal_disagreement,cross_modal_disagreement,cross_modal_disagreement-s101,101,29.400000,0.944048,36.739487,0.268160,12.270430,2.083100,70.675343,true,true,true
cross_modal_disagreement,cross_modal_disagreement,cross_modal_disagreement-s101,101,29.500000,0.935808,48.885672,0.297625,12.311265,2.063762,88.933945,true,true,true
cross_modal_disagreement,cross_modal_disagreement,cross_modal_disagreement-s101,101,29.600000,0.958015,50.701805,0.278449,12.383672,2.023161,70.379183,true,true,true
cross_modal_disagreement,cross_modal_disagreement,cross_modal_disagreement-s101,101,29.700000,0.954228,53.107048,0.299535,12.318245,2.010822,101.976578,true,true,true
cross_modal_disagreement,cross_modal_disagreement,cross_modal_disagreement-s101,101,29.800000,0.934304,44.780084,0.266472,12.293226,2.090313,76.807880,true,true,true
cross_modal_disagreement,cross_modal_disagreement,cross_modal_disagreement-s101,101,29.900000,0.950391,38.201887,0.283128,12.362634,2.055642,78.045304,true,true,true
cross_modal_disagreement,cross_modal_disagreement,cross_modal_disagreement-s101,101,30.000000,0.943671,43.881686,0.267445,12.333509,2.042454,59.090564,true,true,true
cross_modal_disagreement,cross_modal_disagreement,cross_modal_disagreement-s101,101,30.100000,0.933141,44.316065,0.242311,12.387287,2.043515,93.371608,true,true,true
cross_modal_disagreement,cross_modal_disagreement,cross_modal_disagreement-s101,101,30.200000,0.961719,49.462179,0.294984,12.345710,2.048680,45.133299,true,true,true
cross_modal_disagreement,cross_modal_disagreement,cross_modal_disagreement-s101,101,30.300000,0.955537,50.697893,0.262231,12.319013,2.079099,70.907717,true,true,true
cross_modal_disagreement,cross_modal_disagreement,cross_modal_disagreement-s101,101,30.400000,0.939598,48.447436,0.264688,12.308433,2.032117,100.704674,true,true,true
cross_modal_disagreement,cross_modal_disagreement,cross_modal_disagreement-s101,101,30.500000,0.943588,52.599164,0.270929,12.292844,2.066753,75.426973,true,true,true
cross_modal_disagreement,cross_modal_disagreement,cross_modal_disagreement-s101,101,30.600000,0.927335,57.799067,0.275006,12.305685,2.049112,74.667886,true,true,true
cross_modal_disagreement,cross_modal_disagreement,cross_modal_disagreement-s101,101,30.700000,0.957967,49.217028,0.272001,12.368457,2.054731,89.199414,true,true,true
cross_modal_disagreement,cross_modal_disagreement,cross_modal_disagreement-s101,101,30.800000,0.932023,46.889360,0.272515,12.369252,2.035008,75.955472,true,true,true
cross_modal_disagreement,cross_modal_disagreement,cross_modal_disagreement-s101,101,30.900000,0.958203,42.910942,0.277194,12.358140,2.052328,87.209061,true,true,true
cross_modal_disagreement,cross_modal_disagreement,cross_modal_disagreement-s101,101,31.000000,0.943663,47.614160,0.272346,12.412310,2.024086,85.029499,true,true,true
cross_modal_disagreement,cross_modal_disagreement,cross_modal_disagreement-s101,101,31.100000,0.951422,49.775395,0.269126,12.415382,2.015365,78.930960,true,true,true
cross_modal_disagreement,cross_modal_disagreement,cross_modal_disagreement-s101,101,31.200000,0.951159,33.641042,0.298510,12.367333,2.020710,83.195552,true,true,true
cross_modal_disagreement,cross_modal_disagreement,cross_modal_disagreement-s101,101,31.300000,0.955700,50.830117,0.288037,12.336653,2.064359,74.546833,true,true,true
cross_modal_disagreement,cross_modal_disagreement,cross_modal_disagreement-s101,101,31.400000,0.937250,45.491206,0.294480,12.358067,2.038064,75.477322,true,true,true
cross_modal_disagreement,cross_modal_disagreement,cross_modal_disagreement-s101,101,31.500000,0.931154,47.435103,0.274251,12.328801,2.044036,72.052719,true,true,true
cross_modal_disagreement,cross_modal_disagreement,cross_modal_disagreement-s101,101,31.600000,0.932752,43.439961,0.268645,12.385841,2.046941,67.065319,true,true,true
cross_modal_disagreement,cross_modal_disagreement,cross_modal_disagreement-s101,101,31.700000,0.931278,59.981257,0.263733,12.324773,2.001923,90.438481,true,true,true
cross_modal_disagreement,cross_modal_disagreement,cross_modal_disagreement-s101,101,31.800000,0.920133,43.885418,0.242854,12.318761,2.003051,96.885683,true,true,true
cross_modal_disagreement,cross_modal_disagreement,cross_modal_disagreement-s101,101,31.900000,0.945964,43.326961,0.259097,12.406363,1.982378,74.471238,true,true,true
cross_modal_disagreement,cross_modal_disagreement,cross_modal_disagreement-s101,101,32.000000,0.939213,50.946272,0.262763,12.333231,2.053785,83.202472,true,true,true
cross_modal_disagreement,cross_modal_disagreement,cross_modal_disagreement-s101,101,32.100000,0.955378,40.217166,0.260975,12.304773,2.014565,88.781304,true,true,true
cross_modal_disagreement,cross_modal_disagreement,cross_modal_disagreement-s101,101,32.200000,0.916827,53.239498,0.296615,12.354991,2.010890,72.029548,true,true,true
cross_modal_disagreement,cross_modal_disagreement,cross_modal_disagreement-s101,101,32.300000,0.931026,44.791693,0.257801,12.326475,2.017629,70.616219,true,true,true
cross_modal_disagreement,cross_modal_disagreement,cross_modal_disagreement-s101,101,32.400000,0.938767,52.552153,0.265904,12.410214,2.053460,79.600384,true,true,true
cross_modal_disagreement,cross_modal_disagreement,cross_modal_disagreement-s101,101,32.500000,0.952444,37.763762,0.298515,12.310769,2.019857,66.795574,true,true,true
cross_modal_disagreement,cross_modal_disagreement,cross_modal_disagreement-s101,101,32.600000,0.937493,38.498172,0.261526,12.338783,1.998595,78.664897,true,true,true
cross_modal_disagreement,cross_modal_disagreement,cross_modal_disagreement-s101,101,32.700000,0.960642,43.539725,0.295196,12.273477,2.049295,70.558553,true,true,true
cross_modal_disagreement,cross_modal_disagreement,cross_modal_disagreement-s101,101,32.800000,0.963322,62.854408,0.259234,12.398197,2.037828,73.639282,true,true,true
cross_modal_disagreement,cross_modal_disagreement,cross_modal_disagreement-s101,101,32.900000,0.927887,44.369925,0.250066,12.239405,2.037777,73.759846,true,true,true
cross_modal_disagreement,cross_modal_disagreement,cross_modal_disagreement-s101,101,33.000000,0.927152,41.592088,0.254674,12.365712,2.034570,70.409956,true,true,true
cross_modal_disagreement,cross_modal_disagreement,cross_modal_disagreement-s101,101,33.100000,0.933255,51.834198,0.298257,12.375580,1.999069,62.289699,true,true,true
cross_modal_disagreement,cross_modal_disagreement,cross_modal_disagreement-s101,101,33.200000,0.939163,55.151459,0.241225,12.297494,2.031936,55.510851,true,true,true
cross_modal_disagreement,cross_modal_disagreement,cross_modal_disagreement-s101,101,33.300000,0.926808,51.861402,0.257349,12.292313,2.041675,86.680263,true,true,true
cross_modal_disagreement,cross_modal_disagreement,cross_modal_disagreement-s101,101,33.400000,0.939200,45.456287,0.283218,12.307233,2.005099,99.149895,true,true,true
cross_modal_disagreement,cross_modal_disagreement,cross_modal_disagreement-s101,101,33.500000,0.930492,45.482791,0.280892,12.286318,2.009887,107.112056,true,true,true
cross_modal_disagreement,cross_modal_disagreement,cross_modal_disagreement-s101,101,33.600000,0.947690,41.764237,0.259885,12.397142,2.012723,85.270668,true,true,true
cross_modal_disagreement,cross_modal_disagreement,cross_modal_disagreement-s101,101,33.700000,0.940678,47.629097,0.284397,12.293259,2.009191,60.206763,true,true,true
cross_modal_disagreement,cross_modal_disagreement,cross_modal_disagreement-s101,101,33.800000,0.945281,46.723129,0.239974,12.278455,2.022028,65.222370,true,true,true
cross_modal_disagreement,cross_modal_disagreement,cross_modal_disagreement-s101,101,33.900000,0.939999,48.782888,0.246396,12.256563,2.029575,82.236552,true,true,true
cross_modal_disagreement,cross_modal_disagreement,cross_modal_disagreement-s101,101,34.000000,0.942792,50.428994,0.252448,12.257650,2.018861,101.051331,true,true,true
cross_modal_disagreement,cross_modal_disagreement,cross_modal_disagreement-s101,101,34.100000,0.942374,48.761596,0.250908,12.221463,1.985379,94.824933,true,true,true
cross_modal_disagreement,cross_modal_disagreement,cross_modal_disagreement-s101,101,34.200000,0.954894,48.684363,0.277971,12.257962,2.028357,89.371186,true,true,true
cross_modal_disagreement,cross_modal_disagreement,cross_modal_disagreement-s101,101,34.300000,0.958651,53.090580,0.259287,12.222352,2.052147,37.451350,true,true,true
cross_modal_disagreement,cross_modal_disagreement,cross_modal_disagreement-s101,101,34.400000,0.964367,46.398639,0.262495,12.209961,2.046018,68.287014,true,true,true
cross_modal_disagreement,cross_modal_disagreement,cross_modal_disagreement-s101,101,34.500000,0.964399,51.212131,0.269297,12.275135,2.045395,82.905059,true,true,true
cross_modal_disagreement,cross_modal_disagreement,cross_modal_disagreement-s101,101,34.600000,0.932186,37.951952,0.258395,12.191293,2.037908,74.064121,true,true,true
cross_modal_disagreement,cross_modal_disagreement,cross_modal_disagreement-s101,101,34.700000,0.932633,44.847813,0.252685,12.164601,1.988263,83.124637,true,true,true
cross_modal_disagreement,cross_modal_disagreement,cross_modal_disagreement-s101,101,34.800000,0.932349,49.668394,0.252702,12.265768,2.014267,64.370912,true,true,true
cross_modal_disagreement,cross_modal_disagreement,cross_modal_disagreement-s101,101,34.900000,0.931340,53.407142,0.277239,12.203244,2.011141,83.557292,true,true,true
cross_modal_disagreement,cross_modal_disagreement,cross_modal_disagreement-s101,101,35.000000,0.918804,45.768006,0.249216,12.181641,2.052602,65.387823,true,true,true
cross_modal_disagreement,cross_modal_disagreement,cross_modal_disagreement-s101,101,35.100000,0.955249,41.988633,0.279325,12.231901,2.057918,64.603141,true,true,true
cross_modal_disagreement,cross_modal_disagreement,cross_modal_disagreement-s101,101,35.200000,0.932924,56.947027,0.255492,12.264403,2.028369,51.812123,true,true,true
cross_modal_disagreement,cross_modal_disagreement,cross_modal_disagreement-s101,101,35.300000,0.938056,56.391068,0.286864,12.212093,2.011479,63.743455,true,true,true
cross_modal_disagreement,cross_modal_disagreement,cross_modal_disagreement-s101,101,35.400000,0.949405,41.142020,0.279926,12.252452,2.018879,57.634838,true,true,true
cross_modal_disagreement,cross_modal_disagreement,cross_modal_disagreement-s101,101,35.500000,0.945669,51.656670,0.289019,12.160525,2.075048,93.734904,true,true,true
cross_modal_disagreement,cross_modal_disagreement,cross_modal_disagreement-s101,101,35.600000,0.964824,51.968711,0.266875,12.134962,2.055698,82.278767,true,true,true
cross_modal_disagreement,cross_modal_disagreement,cross_modal_disagreement-s101,101,35.700000,0.938618,47.797051,0.241181,12.182100,2.049195,96.208349,true,true,true
cross_modal_disagreement,cross_modal_disagreement,cross_modal_disagreement-s101,101,35.800000,0.920551,49.319914,0.278235,12.169163,2.046607,71.086817,true,true,true
cross_modal_disagreement,cross_modal_disagreement,cross_modal_disagreement-s101,101,35.900000,0.957201,45.304473,0.285031,12.101430,2.053020,72.882105,true,true,true
cross_modal_disagreement,cross_modal_disagreement,cross_modal_disagreement-s101,101,36.000000,0.935547,45.412503,0.295516,12.233092,2.026596,75.033315,true,true,true
cross_modal_disagreement,cross_modal_disagreement,cross_modal_disagreement-s101,101,36.100000,0.940057,56.001835,0.272087,12.094141,2.086540,73.873058,true,true,true
cross_modal_disagreement,cross_modal_disagreement,cross_modal_disagreement-s101,101,36.200000,0.961950,45.743279,0.275525,12.153349,2.095081,78.774716,true,true,true
cross_modal_disagreement,cross_modal_disagreement,cross_modal_disagreement-s101,101,36.300000,0.940147,45.321246,0.265879,12.096461,2.051620,85.476322,true,true,true
cross_modal_disagreement,cross_modal_disagreement,cross_modal_disagreement-s101,101,36.400000,0.952857,47.551759,0.281179,12.028963,2.090420,96.858145,true,true,true
cross_modal_disagreement,cross_modal_disagreement,cross_modal_disagreement-s101,101,36.500000,0.955023,52.184076,0.250658,12.078674,2.077630,65.651685,true,true,true
cross_modal_disagreement,cross_modal_disagreement,cross_modal_disagreement-s101,101,36.600000,0.929694,59.067073,0.293263,12.053216,2.059761,65.157895,true,true,true
cross_modal_disagreement,cross_modal_disagreement,cross_modal_disagreement-s101,101,36.700000,0.931442,54.207823,0.266140,12.124225,2.078053,73.233671,true,true,true
cross_modal_disagreement,cross_modal_disagreement,cross_modal_disagreement-s101,101,36.800000,0.925790,47.257138,0.256310,12.059862,2.058702,103.507930,true,true,true
cross_modal_disagreement,cross_modal_disagreement,cross_modal_disagreement-s101,101,36.900000,0.963079,36.197582,0.277369,12.071301,2.097894,85.256800,true,true,true
cross_modal_disagreement,cross_modal_disagreement,cross_modal_disagreement-s101,101,37.000000,0.920358,44.919369,0.254636,12.120803,2.099583,88.673698,true,true,true
cross_modal_disagreement,cross_modal_disagreement,cross_modal_disagreement-s101,101,37.100000,0.954041,35.574863,0.258576,12.064460,2.092684,72.230071,true,true,true
cross_modal_disagreement,cross_modal_disagreement,cross_modal_disagreement-s101,101,37.200000,0.932717,51.426266,0.276318,12.039434,2.050138,83.325402,true,true,true
cross_modal_disagreement,cross_modal_disagreement,cross_modal_disagreement-s101,101,37.300000,0.944688,57.283478,0.281040,12.036733,2.074035,98.142265,true,true,true
cross_modal_disagreement,cross_modal_disagreement,cross_modal_disagreement-s101,101,37.400000,0.920072,46.642765,0.287959,12.050912,2.112897,109.610964,true,true,true
cross_modal_disagreement,cross_modal_disagreement,cross_modal_disagreement-s101,101,37.500000,0.943222,52.528095,0.279806,12.045635,2.070047,92.499123,true,true,true
cross_modal_disagreement,cross_modal_disagreement,cross_modal_disagreement-s101,101,37.600000,0.920295,47.100535,0.281548,12.028060,2.096772,59.203105,true,true,true
cross_modal_disagreement,cross_modal_disagreement,cross_modal_disagreement-s101,101,37.700000,0.948302,48.321962,0.246894,11.975259,2.086243,82.203705,true,true,true
cross_modal_disagreement,cross_modal_disagreement,cross_modal_disagreement-s101,101,37.800000,0.926633,47.643186,0.289096,11.995120,2.107412,49.670144,true,true,true
cross_modal_disagreement,cross_modal_disagreement,cross_modal_disagreement-s101,101,37.900000,0.959230,58.160708,0.286448,12.068234,2.098431,76.451291,true,true,true
cross_modal_disagreement,cross_modal_disagreement,cross_modal_disagreement-s101,101,38.000000,0.956840,42.228265,0.226252,11.966766,2.135839,83.660012,true,true,true
cross_modal_disagreement,cross_modal_disagreement,cross_modal_disagreement-s101,101,38.100000,0.943041,42.040376,0.259178,11.980858,2.125831,83.690576,true,true,true
cross_modal_disagreement,cross_modal_disagreement,cross_modal_disagreement-s101,101,38.200000,0.962752,46.688632,0.229589,11.991275,2.086491,71.343592,true,true,true
cross_modal_disagreement,cross_modal_disagreement,cross_modal_disagreement-s101,101,38.300000,0.938296,48.032710,0.235917,12.069804,2.137813,62.653687,true,true,true
cross_modal_disagreement,cross_modal_disagreement,cross_modal_disagreement-s101,101,38.400000,0.945073,36.623525,0.287437,11.913009,2.079759,71.483212,true,true,true
cross_modal_disagreement,cross_modal_disagreement,cross_modal_disagreement-s101,101,38.500000,0.949713,47.743159,0.241050,11.923270,2.096477,89.436025,true,true,true
cross_modal_disagreement,cross_modal_disagreement,cross_modal_disagreement-s101,101,38.600000,0.943602,50.030760,0.287484,11.963965,2.119815,47.312996,true,true,true
cross_modal_disagreement,cross_modal_disagreement,cross_modal_disagreement-s101,101,38.700000,0.959844,47.029118,0.255252,11.910992,2.117911,84.257894,true,true,true
cross_modal_disagreement,cross_modal_disagreement,cross_modal_disagreement-s101,101,38.800000,0.940983,48.109778,0.255030,11.824946,2.112937,88.227151,true,true,true
cross_modal_disagreement,cross_modal_disagreement,cross_modal_disagreement-s101,101,38.900000,0.937844,46.487248,0.248619,11.926040,2.098212,92.165491,true,true,true
cross_modal_disagreement,cross_modal_disagreement,cross_modal_disagreement-s101,101,39.000000,0.930640,42.401727,0.267570,11.880842,2.145198,70.499754,true,true,true
cross_modal_disagreement,cross_modal_disagreement,cross_modal_disagreement-s101,101,39.100000,0.928951,41.076396,0.290743,11.879073,2.140822,87.394737,true,true,true
cross_modal_disagreement,cross_modal_disagreement,cross_modal_disagreement-s101,101,39.200000,0.931623,54.223563,0.252113,11.906436,2.132152,72.484011,true,true,true
cross_modal_disagreement,cross_modal_disagreement,cross_modal_disagreement-s101,101,39.300000,0.954333,43.774908,0.269077,11.874417,2.144606,77.399653,true,true,true
cross_modal_disagreement,cross_modal_disagreement,cross_modal_disagreement-s101,101,39.400000,0.935741,42.561932,0.300978,11.897269,2.147198,83.901001,true,true,true
cross_modal_disagreement,cross_modal_disagreement,cross_modal_disagreement-s101,101,39.500000,0.953078,36.545114,0.275431,11.777641,2.163158,66.657879,true,true,true
cross_modal_disagreement,cross_modal_disagreement,cross_modal_disagreement-s101,101,39.600000,0.910382,62.625488,0.280368,11.838898,2.154026,63.870406,true,true,true
cross_modal_disagreement,cross_modal_disagreement,cross_modal_disagreement-s101,101,39.700000,0.953348,33.363723,0.250906,11.791959,2.160419,91.541249,true,true,true
cross_modal_disagreement,cross_modal_disagreement,cross_modal_disagreement-s101,101,39.800000,0.942420,50.962782,0.292098,11.838888,2.142977,72.491150,true,true,true
cross_modal_disagreement,cross_modal_disagreement,cross_modal_disagreement-s101,101,39.900000,0.942757,37.706295,0.275630,11.831559,2.117571,77.975613,true,true,true
cross_modal_disagreement,cross_modal_disagreement,cross_modal_disagreement-s101,101,40.000000,0.926063,47.311817,0.265213,11.780411,2.169602,85.671987,true,true,true
cross_modal_disagreement,cross_modal_disagreement,cross_modal_disagreement-s101,101,40.100000,0.961697,53.480607,0.269381,11.845409,2.108019,114.841248,true,true,true
cross_modal_disagreement,cross_modal_disagreement,cross_modal_disagreement-s101,101,40.200000,0.932135,49.916282,0.277107,11.783266,2.141635,66.259103,true,true,true
cross_modal_disagreement,cross_modal_disagreement,cross_modal_disagreement-s101,101,40.300000,0.911347,43.027168,0.267615,11.777412,2.138746,81.017492,true,true,true
cross_modal_disagreement,cross_modal_disagreement,cross_modal_disagreement-s101,101,40.400000,0.929915,47.636811,0.257063,11.757352,2.148902,71.419517,true,true,true
cross_modal_disagreement,cross_modal_disagreement,cross_modal_disagreement-s101,101,40.500000,0.934343,44.273687,0.239390,11.802973,2.173103,79.502673,true,true,true
cross_modal_disagreement,cross_modal_disagreement,cross_modal_disagreement-s101,101,40.600000,0.937444,41.890820,0.258458,11.749024,2.187490,74.143230,true,true,true
cross_modal_disagreement,cross_modal_disagreement,cross_modal_disagreement-s101,101,40.700000,0.906327,51.354765,0.279152,11.767186,2.191693,85.722846,true,true,true
cross_modal_disagreement,cross_modal_disagreement,cross_modal_disagreement-s101,101,40.800000,0.938800,59.586253,0.247670,11.747246,2.155999,57.326212,true,true,true
cross_modal_disagreement,cross_modal_disagreement,cross_modal_disagreement-s101,101,40.900000,0.956301,39.117835,0.263812,11.752647,2.168265,63.021895,true,true,true
cross_modal_disagreement,cross_modal_disagreement,cross_modal_disagreement-s101,101,41.000000,0.932524,44.565068,0.259839,11.722964,2.142828,76.485100,true,true,true
cross_modal_disagreement,cross_modal_disagreement,cross_modal_disagreement-s101,101,41.100000,0.943328,50.456413,0.283816,11.666332,2.169823,99.741444,true,true,true
cross_modal_disagreement,cross_modal_disagreement,cross_modal_disagreement-s101,101,41.200000,0.927658,39.859730,0.279321,11.783081,2.211345,91.817721,true,true,true
cross_modal_disagreement,cross_modal_disagreement,cross_modal_disagreement-s101,101,41.300000,0.950897,48.272760,0.277399,11.719913,2.161574,74.309040,true,true,true
cross_modal_disagreement,cross_modal_disagreement,cross_modal_disagreement-s101,101,41.400000,0.937882,48.028450,0.268804,11.723617,2.143775,90.521893,true,true,true
cross_modal_disagreement,cross_modal_disagreement,cross_modal_disagreement-s101,101,41.500000,0.933799,55.070480,0.252249,11.755473,2.128568,78.744590,true,true,true
cross_modal_disagreement,cross_modal_disagreement,cross_modal_disagreement-s101,101,41.600000,0.924203,52.188222,0.250236,11.774527,2.194765,57.753117,true,true,true
cross_modal_disagreement,cross_modal_disagreement,cross_modal_disagreement-s101,101,41.700000,0.948132,49.516152,0.264811,11.737505,2.203329,66.249405,true,true,true
cross_modal_disagreement,cross_modal_disagreement,cross_modal_disagreement-s101,101,41.800000,0.939061,30.870550,0.291302,11.658193,2.177250,46.867783,true,true,true
cross_modal_disagreement,cross_modal_disagreement,cross_modal_disagreement-s101,101,41.900000,0.942133,63.101486,0.277767,11.696456,2.217386,86.722052,true,true,true
cross_modal_disagreement,cross_modal_disagreement,cross_modal_disagreement-s101,101,42.000000,0.938636,44.071640,0.267823,11.718945,2.186283,83.901339,true,true,true
cross_modal_disagreement,cross_modal_disagreement,cross_modal_disagreement-s101,101,42.100000,0.938339,50.883603,0.277036,11.667070,2.170227,75.231041,true,true,true
cross_modal_disagreement,cross_modal_disagreement,cross_modal_disagreement-s101,101,42.200000,0.918436,51.892260,0.265214,11.611956,2.185377,102.422052,true,true,true
cross_modal_disagreement,cross_modal_disagreement,cross_modal_disagreement-s101,101,42.300000,0.954146,44.821354,0.266065,11.646226,2.209383,76.985249,true,true,true
cross_modal_disagreement,cross_modal_disagreement,cross_modal_disagreement-s101,101,42.400000,0.954220,52.628508,0.278375,11.755094,2.148851,58.568336,true,true,true
cross_modal_disagreement,cross_modal_disagreement,cross_modal_disagreement-s101,101,42.500000,0.942603,62.420172,0.239980,11.713786,2.178073,108.721670,true,true,true
cross_modal_disagreement,cross_modal_disagreement,cross_modal_disagreement-s101,101,42.600000,0.919840,52.075975,0.283022,11.613281,2.183852,90.122837,true,true,true
cross_modal_disagreement,cross_modal_disagreement,cross_modal_disagreement-s101,101,42.700000,0.937408,42.092875,0.284917,11.616359,2.205261,66.560927,true,true,true
cross_modal_disagreement,cross_modal_disagreement,cross_modal_disagreement-s101,101,42.800000,0.946621,56.198591,0.289829,11.672176,2.171133,63.471916,true,true,true
cross_modal_disagreement,cross_modal_disagreement,cross_modal_disagreement-s101,101,42.900000,0.956247,50.072865,0.289601,11.666310,2.154474,61.944579,true,true,true
cross_modal_disagreement,cross_modal_disagreement,cross_modal_disagreement-s101,101,43.000000,0.936646,42.025833,0.258159,11.595778,2.176465,69.976845,true,true,true
cross_modal_disagreement,cross_modal_disagreement,cross_modal_disagreement-s101,101,43.100000,0.945133,41.593984,0.302847,11.624780,2.187633,66.638496,true,true,true
cross_modal_disagreement,cross_modal_disagreement,cross_modal_disagreement-s101,101,43.200000,0.939967,52.200358,0.275879,11.625683,2.151198,81.431167,true,true,true
cross_modal_disagreement,cross_modal_disagreement,cross_modal_disagreement-s101,101,43.300000,0.942412,52.801401,0.281131,11.607104,2.178291,53.426760,true,true,true
cross_modal_disagreement,cross_modal_disagreement,cross_modal_disagreement-s101,101,43.400000,0.924034,42.635189,0.260962,11.652534,2.179419,80.590462,true,true,true
cross_modal_disagreement,cross_modal_disagreement,cross_modal_disagreement-s101,101,43.500000,0.933491,58.725078,0.250351,11.697840,2.130171,48.641076,true,true,true
cross_modal_disagreement,cross_modal_disagreement,cross_modal_disagreement-s101,101,43.600000,0.930543,59.852290,0.272182,11.608861,2.181440,86.611800,true,true,true
cross_modal_disagreement,cross_modal_disagreement,cross_modal_disagreement-s101,101,43.700000,0.942262,42.719865,0.284592,11.658478,2.130491,87.704182,true,true,true
cross_modal_disagreement,cross_modal_disagreement,cross_modal_disagreement-s101,101,43.800000,0.928717,34.041228,0.294764,11.650794,2.148471,69.416129,true,true,true
cross_modal_disagreement,cross_modal_disagreement,cross_modal_disagreement-s101,101,43.900000,0.920005,50.269500,0.273444,11.613792,2.180019,68.076636,true,true,true
cross_modal_disagreement,cross_modal_disagreement,cross_modal_disagreement-s101,101,44.000000,0.921697,51.494670,0.258051,11.659694,2.159253,79.486047,true,true,true
cross_modal_disagreement,cross_modal_disagreement,cross_modal_disagreement-s101,101,44.100000,0.925207,56.041104,0.257330,11.660327,2.186532,76.782766,true,true,true
cross_modal_disagreement,cross_modal_disagreement,cross_modal_disagreement-s101,101,44.200000,0.952409,53.650114,0.257997,11.650582,2.171984,65.446270,true,true,true
cross_modal_disagreement,cross_modal_disagreement,cross_modal_disagreement-s101,101,44.300000,0.935154,47.755770,0.263300,11.650381,2.159423,74.112008,true,true,true
cross_modal_disagreement,cross_modal_disagreement,cross_modal_disagreement-s101,101,44.400000,0.930858,58.540309,0.260696,11.693711,2.115075,67.545209,true,true,true
cross_modal_disagreement,cross_modal_disagreement,cross_modal_disagreement-s101,101,44.500000,0.951825,49.705711,0.269723,11.640965,2.203949,80.528199,true,true,true
cross_modal_disagreement,cross_modal_disagreement,cross_modal_disagreement-s101,101,44.600000,0.945262,38.790992,0.275323,11.643164,2.131352,63.551380,true,true,true
cross_modal_disagreement,cross_modal_disagreement,cross_modal_disagreement-s101,101,44.700000,0.946070,56.617351,0.282087,11.689813,2.151568,78.436142,true,true,true
cross_modal_disagreement,cross_modal_disagreement,cross_modal_disagreement-s101,101,44.800000,0.926479,55.179485,0.291609,11.681353,2.163698,60.126734,true,true,true
cross_modal_disagreement,cross_modal_disagreement,cross_modal_disagreement-s101,101,44.900000,0.919940,34.222839,0.256253,11.607722,2.137894,71.208133,true,true,true
cross_modal_disagreement,cross_modal_disagreement,cross_modal_disagreement-s101,101,45.000000,0.947774,48.798952,0.268707,11.672352,2.148330,66.159356,true,true,true
cross_modal_disagreement,cross_modal_disagreement,cross_modal_disagreement-s101,101,45.100000,0.939990,52.355089,0.268997,11.619270,2.158197,97.425748,true,true,true
cross_modal_disagreement,cross_modal_disagreement,cross_modal_disagreement-s101,101,45.200000,0.946405,44.916764,0.239161,11.675260,2.160093,92.405818,true,true,true
cross_modal_disagreement,cross_modal_disagreement,cross_modal_disagreement-s101,101,45.300000,0.928171,51.978139,0.265270,11.635040,2.122774,70.981858,true,true,true
cross_modal_disagreement,cross_modal_disagreement,cross_modal_disagreement-s101,101,45.400000,0.939778,49.811851,0.275980,11.604580,2.150983,102.491655,true,true,true
cross_modal_disagreement,cross_modal_disagreement,cross_modal_disagreement-s101,101,45.500000,0.951092,45.391718,0.276428,11.650584,2.122339,77.628006,true,true,true
cross_modal_disagreement,cross_modal_disagreement,cross_modal_disagreement-s101,101,45.600000,0.934847,57.248346,0.267226,11.664154,2.127303,77.327808,true,true,true
cross_modal_disagreement,cross_modal_disagreement,cross_modal_disagreement-s101,101,45.700000,0.961329,46.035248,0.265647,11.674361,2.152078,80.188687,true,true,true
cross_modal_disagreement,cross_modal_disagreement,cross_modal_disagreement-s101,101,45.800000,0.951684,58.124991,0.262753,11.602171,2.168982,70.671325,true,true,true
cross_modal_disagreement,cross_modal_disagreement,cross_modal_disagreement-s101,101,45.900000,0.941724,53.867801,0.247132,11.690160,2.081983,69.723765,true,true,true
cross_modal_disagreement,cross_modal_disagreement,cross_modal_disagreement-s101,101,46.000000,0.928376,55.147199,0.265071,11.659084,2.081088,56.458110,true,true,true
cross_modal_disagreement,cross_modal_disagreement,cross_modal_disagreement-s101,101,46.100000,0.955687,57.875835,0.263854,11.707352,2.107101,40.557870,true,true,true
cross_modal_disagreement,cross_modal_disagreement,cross_modal_disagreement-s101,101,46.200000,0.934768,43.811514,0.275701,11.662706,2.098691,64.464142,true,true,true
cross_modal_disagreement,cross_modal_disagreement,cross_modal_disagreement-s101,101,46.300000,0.950824,49.618363,0.258944,11.727472,2.092723,82.082270,true,true,true
cross_modal_disagreement,cross_modal_disagreement,cross_modal_disagreement-s101,101,46.400000,0.934135,49.434940,0.269169,11.754424,2.142398,85.789991,true,true,true
cross_modal_disagreement,cross_modal_disagreement,cross_modal_disagreement-s101,101,46.500000,0.948262,50.438639,0.278264,11.737980,2.090631,100.736267,true,true,true
cross_modal_disagreement,cross_modal_disagreement,cross_modal_disagreement-s101,101,46.600000,0.925599,37.990872,0.264720,11.806680,2.155999,87.925271,true,true,true
cross_modal_disagreement,cross_modal_disagreement,cross_modal_disagreement-s101,101,46.700000,0.922000,41.464364,0.262655,11.779391,2.102754,65.498450,true,true,true
cross_modal_disagreement,cross_modal_disagreement,cross_modal_disagreement-s101,101,46.800000,0.928340,41.659899,0.301344,11.725151,2.151308,81.796452,true,true,true
cross_modal_disagreement,cross_modal_disagreement,cross_modal_disagreement-s101,101,46.900000,0.921826,37.447712,0.255509,11.783616,2.061873,87.571602,true,true,true
cross_modal_disagreement,cross_modal_disagreement,cross_modal_disagreement-s101,101,47.000000,0.938471,54.619761,0.257273,11.809513,2.075152,72.352995,true,true,true
cross_modal_disagreement,cross_modal_disagreement,cross_modal_disagreement-s101,101,47.100000,0.961978,44.293421,0.268225,11.832033,2.109425,73.499692,true,true,true
cross_modal_disagreement,cross_modal_disagreement,cross_modal_disagreement-s101,101,47.200000,0.930540,63.363867,0.260465,11.695338,2.097043,80.921907,true,true,true
cross_modal_disagreement,cross_modal_disagreement,cross_modal_disagreement-s101,101,47.300000,0.922138,54.150474,0.266572,11.739627,2.101706,53.233897,true,true,true
cross_modal_disagreement,cross_modal_disagreement,cross_modal_disagreement-s101,101,47.400000,0.932767,65.100742,0.270901,11.753644,2.119018,67.880508,true,true,true
cross_modal_disagreement,cross_modal_disagreement,cross_modal_disagreement-s101,101,47.500000,0.920647,56.393379,0.253872,11.744662,2.105407,71.233041,true,true,true
cross_modal_disagreement,cross_modal_disagreement,cross_modal_disagreement-s101,101,47.600000,0.926183,43.819594,0.284936,11.810404,2.076450,62.183613,true,true,true
cross_modal_disagreement,cross_modal_disagreement,cross_modal_disagreement-s101,101,47.700000,0.938747,42.289663,0.264824,11.703296,2.062653,56.162236,true,true,true
cross_modal_disagreement,cross_modal_disagreement,cross_modal_disagreement-s101,101,47.800000,0.936598,55.910291,0.268550,11.801009,2.044099,64.325702,true,true,true
cross_modal_disagreement,cross_modal_disagreement,cross_modal_disagreement-s101,101,47.900000,0.936451,45.138187,0.268934,11.731888,2.027568,74.903835,true,true,true
cross_modal_disagreement,cross_modal_disagreement,cross_modal_disagreement-s101,101,48.000000,0.937763,62.144330,0.265412,11.795379,2.084801,83.432074,true,true,true
cross_modal_disagreement,cross_modal_disagreement,cross_modal_disagreement-s101,101,48.100000,0.930515,55.699110,0.271101,11.882171,2.060839,71.879227,true,true,true
cross_modal_disagreement,cross_modal_disagreement,cross_modal_disagreement-s101,101,48.200000,0.922839,56.232708,0.290603,11.781138,2.039615,65.027595,true,true,true
cross_modal_disagreement,cross_modal_disagreement,cross_modal_disagreement-s101,101,48.300000,0.941682,55.454353,0.247783,11.901769,2.055334,60.793349,true,true,true
cross_modal_disagreement,cross_modal_disagreement,cross_modal_disagreement-s101,101,48.400000,0.955597,55.882345,0.267269,11.827841,2.079043,73.832992,true,true,true
cross_modal_disagreement,cross_modal_disagreement,cross_modal_disagreement-s101,101,48.500000,0.952171,39.987817,0.259764,11.839691,2.044943,75.345714,true,true,true
cross_modal_disagreement,cross_modal_disagreement,cross_modal_disagreement-s101,101,48.600000,0.946537,48.930848,0.286989,11.810911,2.039620,78.565563,true,true,true
cross_modal_disagreement,cross_modal_disagreement,cross_modal_disagreement-s101,101,48.700000,0.929682,43.230529,0.261925,11.890098,2.045421,88.792425,true,true,true
cross_modal_disagreement,cross_modal_disagreement,cross_modal_disagreement-s101,101,48.800000,0.935718,57.190595,0.271665,11.914458,2.083088,104.747220,true,true,true
cross_modal_disagreement,cross_modal_disagreement,cross_modal_disagreement-s101,101,48.900000,0.952137,39.302976,0.290582,11.915010,2.047238,76.451575,true,true,true
cross_modal_disagreement,cross_modal_disagreement,cross_modal_disagreement-s101,101,49.000000,0.927342,44.153919,0.278121,11.884272,2.069961,72.424908,true,true,true
cross_modal_disagreement,cross_modal_disagreement,cross_modal_disagreement-s101,101,49.100000,0.940685,47.042239,0.257141,11.914339,2.049956,69.078049,true,true,true
cross_modal_disagreement,cross_modal_disagreement,cross_modal_disagreement-s101,101,49.200000,0.956204,58.836251,0.258254,11.921917,2.039220,85.758461,true,true,true
cross_modal_disagreement,cross_modal_disagreement,cross_modal_disagreement-s101,101,49.300000,0.923456,48.813921,0.267221,11.928130,2.037970,95.435241,true,true,true
cross_modal_disagreement,cross_modal_disagreement,cross_modal_disagreement-s101,101,49.400000,0.947786,49.582158,0.273013,12.014285,2.109744,90.972590,true,true,true
cross_modal_disagreement,cross_modal_disagreement,cross_modal_disagreement-s101,101,49.500000,0.933366,45.266130,0.264738,11.951065,2.052988,80.167642,true,true,true
cross_modal_disagreement,cross_modal_disagreement,cross_modal_disagreement-s101,101,49.600000,0.935374,48.438971,0.242907,11.951517,2.051376,73.490509,true,true,true
cross_modal_disagreement,cross_modal_disagreement,cross_modal_disagreement-s101,101,49.700000,0.941267,43.709052,0.255739,12.068711,1.993695,83.672946,true,true,true
cross_modal_disagreement,cross_modal_disagreement,cross_modal_disagreement-s101,101,49.800000,0.929523,42.405812,0.251609,12.029198,2.060110,87.951075,true,true,true
cross_modal_disagreement,cross_modal_disagreement,cross_modal_disagreement-s101,101,49.900000,0.923901,48.243978,0.277778,11.983706,2.007988,73.279965,true,true,true
cross_modal_disagreement,cross_modal_disagreement,cross_modal_disagreement-s101,101,50.000000,0.919969,43.059170,0.246627,11.965805,2.063722,55.452856,true,true,true
cross_modal_disagreement,cross_modal_disagreement,cross_modal_disagreement-s101,101,50.100000,0.942211,39.705791,0.283340,11.913333,2.022557,73.386794,true,true,true
cross_modal_disagreement,cross_modal_disagreement,cross_modal_disagreement-s101,101,50.200000,0.944029,59.501865,0.257966,12.006957,1.996195,63.138979,true,true,true
cross_modal_disagreement,cross_modal_disagreement,cross_modal_disagreement-s101,101,50.300000,0.934829,45.648765,0.260430,11.990680,2.000558,87.736310,true,true,true
cross_modal_disagreement,cross_modal_disagreement,cross_modal_disagreement-s101,101,50.400000,0.943579,44.053009,0.270569,12.025719,2.027971,34.052889,true,true,true
cross_modal_disagreement,cross_modal_disagreement,cross_modal_disagreement-s101,101,50.500000,0.933782,43.145358,0.257715,11.976400,2.059261,82.357608,true,true,true
cross_modal_disagreement,cross_modal_disagreement,cross_modal_disagreement-s101,101,50.600000,0.916407,48.641066,0.276345,12.063896,2.014924,73.656071,true,true,true
cross_modal_disagreement,cross_modal_disagreement,cross_modal_disagreement-s101,101,50.700000,0.953804,47.930933,0.260759,12.000126,2.039785,112.158946,true,true,true
cross_modal_disagreement,cross_modal_disagreement,cross_modal_disagreement-s101,101,50.800000,0.937620,48.406386,0.294939,12.059499,1.994036,92.987510,true,true,true
cross_modal_disagreement,cross_modal_disagreement,cross_modal_disagreement-s101,101,50.900000,0.941554,47.510935,0.260112,12.083902,2.005967,77.945736,true,true,true
cross_modal_disagreement,cross_modal_disagreement,cross_modal_disagreement-s101,101,51.000000,0.952076,54.031748,0.262780,12.082558,2.082694,86.207226,true,true,true
cross_modal_disagreement,cross_modal_disagreement,cross_modal_disagreement-s101,101,51.100000,0.955842,46.731265,0.265472,12.070506,2.034677,77.411122,true,true,true
cross_modal_disagreement,cross_modal_disagreement,cross_modal_disagreement-s101,101,51.200000,0.925959,47.856773,0.274753,12.065094,1.972632,68.787123,true,true,true
cross_modal_disagreement,cross_modal_disagreement,cross_modal_disagreement-s101,101,51.300000,0.915641,50.725147,0.283919,12.157454,2.017807,57.335722,true,true,true
cross_modal_disagreement,cross_modal_disagreement,cross_modal_disagreement-s101,101,51.400000,0.948344,45.671260,0.277611,12.132900,2.020682,78.555749,true,true,true
cross_modal_disagreement,cross_modal_disagreement,cross_modal_disagreement-s101,101,51.500000,0.945403,45.614228,0.284262,12.138752,2.031536,74.821263,true,true,true
cross_modal_disagreement,cross_modal_disagreement,cross_modal_disagreement-s101,101,51.600000,0.929182,34.464578,0.264822,12.165625,2.031204,77.133962,true,true,true
cross_modal_disagreement,cross_modal_disagreement,cross_modal_disagreement-s101,101,51.700000,0.960799,51.454765,0.273512,12.162357,2.029042,79.713302,true,true,true
cross_modal_disagreement,cross_modal_disagreement,cross_modal_disagreement-s101,101,51.800000,0.945795,50.260840,0.291394,12.150699,1.992194,60.685588,true,true,true
cross_modal_disagreement,cross_modal_disagreement,cross_modal_disagreement-s101,101,51.900000,0.945557,53.348740,0.271774,12.151496,2.015151,82.308089,true,true,true
cross_modal_disagreement,cross_modal_disagreement,cross_modal_disagreement-s101,101,52.000000,0.942384,41.820910,0.264951,12.134265,1.981918,92.597279,true,true,true
cross_modal_disagreement,cross_modal_disagreement,cross_modal_disagreement-s101,101,52.100000,0.934070,58.737446,0.244254,12.112882,2.036802,91.303148,true,true,true
cross_modal_disagreement,cross_modal_disagreement,cross_modal_disagreement-s101,101,52.200000,0.934328,46.204767,0.259587,12.159567,2.003734,113.910039,true,true,true
cross_modal_disagreement,cross_modal_disagreement,cross_modal_disagreement-s101,101,52.300000,0.939597,36.511484,0.273361,12.260359,2.051951,91.316387,true,true,true
cross_modal_disagreement,cross_modal_disagreement,cross_modal_disagreement-s101,101,52.400000,0.958139,63.121941,0.271725,12.132757,2.018284,88.428504,true,true,true
cross_modal_disagreement,cross_modal_disagreement,cross_modal_disagreement-s101,101,52.500000,0.926312,51.863672,0.254699,12.235678,2.009733,92.469974,true,true,true
cross_modal_disagreement,cross_modal_disagreement,cross_modal_disagreement-s101,101,52.600000,0.950002,38.427443,0.274888,12.170803,1.991267,92.671706,true,true,true
cross_modal_disagreement,cross_modal_disagreement,cross_modal_disagreement-s101,101,52.700000,0.957330,49.715305,0.284271,12.129335,2.014018,104.462144,true,true,true
cross_modal_disagreement,cross_modal_disagreement,cross_modal_disagreement-s101,101,52.800000,0.944411,54.960909,0.272382,12.250981,1.951837,57.652689,true,true,true
cross_modal_disagreement,cross_modal_disagreement,cross_modal_disagreement-s101,101,52.900000,0.944186,44.965477,0.237018,12.218099,2.064554,59.307347,true,true,true
cross_modal_disagreement,cross_modal_disagreement,cross_modal_disagreement-s101,101,53.000000,0.957447,42.018837,0.265685,12.228845,2.031996,81.344719,true,true,true
cross_modal_disagreement,cross_modal_disagreement,cross_modal_disagreement-s101,101,53.100000,0.932261,61.534956,0.229640,12.205757,2.043440,76.428282,true,true,true
cross_modal_disagreement,cross_modal_disagreement,cross_modal_disagreement-s101,101,53.200000,0.951267,39.728124,0.255355,12.236906,1.996053,90.867848,true,true,true
cross_modal_disagreement,cross_modal_disagreement,cross_modal_disagreement-s101,101,53.300000,0.935215,41.002372,0.269292,12.243844,1.986448,83.392723,true,true,true
cross_modal_disagreement,cross_modal_disagreement,cross_modal_disagreement-s101,101,53.400000,0.936018,49.889923,0.284910,12.200404,2.032450,101.580349,true,true,true
cross_modal_disagreement,cross_modal_disagreement,cross_modal_disagreement-s101,101,53.500000,0.930884,44.777334,0.258252,12.195019,2.013670,88.322849,true,true,true
cross_modal_disagreement,cross_modal_disagreement,cross_modal_disagreement-s101,101,53.600000,0.931375,49.453616,0.286090,12.286561,2.059898,61.081779,true,true,true
cross_modal_disagreement,cross_modal_disagreement,cross_modal_disagreement-s101,101,53.700000,0.948917,43.299165,0.288688,12.227439,2.028208,85.241065,true,true,true
cross_modal_disagreement,cross_modal_disagreement,cross_modal_disagreement-s101,101,53.800000,0.935640,51.241316,0.266285,12.258792,1.999053,68.108742,true,true,true
cross_modal_disagreement,cross_modal_disagreement,cross_modal_disagreement-s101,101,53.900000,0.938722,40.715672,0.253975,12.254953,2.074388,44.249796,true,true,true
cross_modal_disagreement,cross_modal_disagreement,cross_modal_disagreement-s101,101,54.000000,0.943159,53.945376,0.273469,12.329762,2.066112,86.235552,true,true,true
cross_modal_disagreement,cross_modal_disagreement,cross_modal_disagreement-s101,101,54.100000,0.936417,44.297850,0.280165,12.260118,2.033008,92.565709,true,true,true
cross_modal_disagreement,cross_modal_disagreement,cross_modal_disagreement-s101,101,54.200000,0.938241,44.847158,0.260744,12.281505,2.047704,74.471106,true,true,true
cross_modal_disagreement,cross_modal_disagreement,cross_modal_disagreement-s101,101,54.300000,0.942271,52.909325,0.273744,12.260592,2.040128,68.415783,true,true,true
cross_modal_disagreement,cross_modal_disagreement,cross_modal_disagreement-s101,101,54.400000,0.931740,49.148180,0.263669,12.305574,2.050937,80.595242,true,true,true
cross_modal_disagreement,cross_modal_disagreement,cross_modal_disagreement-s101,101,54.500000,0.944953,43.510012,0.257205,12.357596,2.076676,97.492349,true,true,true
cross_modal_disagreement,cross_modal_disagreement,cross_modal_disagreement-s101,101,54.600000,0.929637,45.531618,0.245561,12.326520,2.014617,86.364877,true,true,true
cross_modal_disagreement,cross_modal_disagreement,cross_modal_disagreement-s101,101,54.700000,0.929069,52.562149,0.292045,12.303579,2.046807,87.159200,true,true,true
cross_modal_disagreement,cross_modal_disagreement,cross_modal_disagreement-s101,101,54.800000,0.945348,34.644454,0.258672,12.380483,2.049867,87.059998,true,true,true
cross_modal_disagreement,cross_modal_disagreement,cross_modal_disagreement-s101,101,54.900000,0.955512,41.765581,0.252439,12.284258,2.042187,90.631546,true,true,true
cross_modal_disagreement,cross_modal_disagreement,cross_modal_disagreement-s101,101,55.000000,0.941504,41.453946,0.293588,12.290777,2.088131,64.913875,true,true,true
cross_modal_disagreement,cross_modal_disagreement,cross_modal_disagreement-s101,101,55.100000,0.937067,40.527021,0.269778,12.297652,2.067976,62.538897,true,true,true
cross_modal_disagreement,cross_modal_disagreement,cross_modal_disagreement-s101,101,55.200000,0.924048,54.093513,0.246949,12.235219,2.029647,74.063417,true,true,true
cross_modal_disagreement,cross_modal_disagreement,cross_modal_disagreement-s101,101,55.300000,0.950675,49.175875,0.262857,12.341970,2.060366,63.314987,true,true,true
cross_modal_disagreement,cross_modal_disagreement,cross_modal_disagreement-s101,101,55.400000,0.964025,48.102836,0.268294,12.387652,2.077437,44.176435,true,true,true
cross_modal_disagreement,cross_modal_disagreement,cross_modal_disagreement-s101,101,55.500000,0.944454,43.962755,0.262143,12.349692,2.068487,64.666233,true,true,true
cross_modal_disagreement,cross_modal_disagreement,cross_modal_disagreement-s101,101,55.600000,0.938866,33.203864,0.273979,12.354260,2.064187,75.623107,true,true,true
cross_modal_disagreement,cross_modal_disagreement,cross_modal_disagreement-s101,101,55.700000,0.928128,46.704827,0.245275,12.388395,2.084246,69.830656,true,true,true
cross_modal_disagreement,cross_modal_disagreement,cross_modal_disagreement-s101,101,55.800000,0.945390,44.594465,0.277154,12.322592,2.079288,65.425948,true,true,true
cross_modal_disagreement,cross_modal_disagreement,cross_modal_disagreement-s101,101,55.900000,0.935352,37.218161,0.268682,12.338898,2.059493,90.744975,true,true,true
cross_modal_disagreement,cross_modal_disagreement,cross_modal_disagreement-s101,101,56.000000,0.953845,45.761884,0.260458,12.300390,2.115053,97.753112,true,true,true
cross_modal_disagreement,cross_modal_disagreement,cross_modal_disagreement-s101,101,56.100000,0.946872,51.873215,0.244287,12.425790,2.063322,49.136403,true,true,true
cross_modal_disagreement,cross_modal_disagreement,cross_modal_disagreement-s101,101,56.200000,0.936267,48.242139,0.291218,12.377298,2.078467,61.385461,true,true,true
cross_modal_disagreement,cross_modal_disagreement,cross_modal_disagreement-s101,101,56.300000,0.932443,38.390347,0.248004,12.365021,2.110203,72.713702,true,true,true
cross_modal_disagreement,cross_modal_disagreement,cross_modal_disagreement-s101,101,56.400000,0.940103,38.336905,0.244461,12.307490,2.144418,92.624743,true,true,true
cross_modal_disagreement,cross_modal_disagreement,cross_modal_disagreement-s101,101,56.500000,0.957540,42.697857,0.273431,12.320457,2.110239,73.857753,true,true,true
cross_modal_disagreement,cross_modal_disagreement,cross_modal_disagreement-s101,101,56.600000,0.951586,49.232100,0.278848,12.311529,2.100136,79.512641,true,true,true
cross_modal_disagreement,cross_modal_disagreement,cross_modal_disagreement-s101,101,56.700000,0.931216,40.603285,0.260890,12.297108,2.104760,69.650203,true,true,true
cross_modal_disagreement,cross_modal_disagreement,cross_modal_disagreement-s101,101,56.800000,0.957381,28.813276,0.273761,12.368417,2.135586,83.206687,true,true,true
cross_modal_disagreement,cross_modal_disagreement,cross_modal_disagreement-s101,101,56.900000,0.949062,55.350422,0.260074,12.313596,2.080238,91.460543,true,true,true
cross_modal_disagreement,cross_modal_disagreement,cross_modal_disagreement-s101,101,57.000000,0.949136,34.666739,0.300527,12.378536,2.136280,65.567926,true,true,true
cross_modal_disagreement,cross_modal_disagreement,cross_modal_disagreement-s101,101,57.100000,0.954256,43.454757,0.268103,12.374708,2.083331,51.571088,true,true,true
cross_modal_disagreement,cross_modal_disagreement,cross_modal_disagreement-s101,101,57.200000,0.953092,59.131898,0.273920,12.237204,2.142313,75.744550,true,true,true
cross_modal_disagreement,cross_modal_disagreement,cross_modal_disagreement-s101,101,57.300000,0.924605,47.037123,0.266857,12.267875,2.130504,54.007956,true,true,true
cross_modal_disagreement,cross_modal_disagreement,cross_modal_disagreement-s101,101,57.400000,0.928296,49.092231,0.244285,12.280820,2.115740,67.310184,true,true,true
cross_modal_disagreement,cross_modal_disagreement,cross_modal_disagreement-s101,101,57.500000,0.943472,45.894930,0.270245,12.332625,2.138389,73.676381,true,true,true
cross_modal_disagreement,cross_modal_disagreement,cross_modal_disagreement-s101,101,57.600000,0.934084,47.824266,0.271387,12.354599,2.142825,63.856042,true,true,true
cross_modal_disagreement,cross_modal_disagreement,cross_modal_disagreement-s101,101,57.700000,0.937326,51.328139,0.294191,12.356191,2.125708,63.003172,true,true,true
cross_modal_disagreement,cross_modal_disagreement,cross_modal_disagreement-s101,101,57.800000,0.951120,49.570748,0.269543,12.299783,2.196667,56.610549,true,true,true
cross_modal_disagreement,cross_modal_disagreement,cross_modal_disagreement-s101,101,57.900000,0.929267,54.928438,0.272750,12.305627,2.151021,85.084295,true,true,true
cross_modal_disagreement,cross_modal_disagreement,cross_modal_disagreement-s101,101,58.000000,0.943022,41.532697,0.245405,12.402722,2.124303,72.039789,true,true,true
cross_modal_disagreement,cross_modal_disagreement,cross_modal_disagreement-s101,101,58.100000,0.938267,38.877181,0.269191,12.271296,2.120263,90.038599,true,true,true
cross_modal_disagreement,cross_modal_disagreement,cross_modal_disagreement-s101,101,58.200000,0.944086,41.392312,0.293587,12.326307,2.116431,87.158768,true,true,true
cross_modal_disagreement,cross_modal_disagreement,cross_modal_disagreement-s101,101,58.300000,0.938447,54.049028,0.285115,12.281829,2.127626,100.812472,true,true,true
cross_modal_disagreement,cross_modal_disagreement,cross_modal_disagreement-s101,101,58.400000,0.954574,48.538121,0.280783,12.263467,2.142752,85.862547,true,true,true
cross_modal_disagreement,cross_modal_disagreement,cross_modal_disagreement-s101,101,58.500000,0.947645,49.124601,0.259011,12.327019,2.124382,81.311790,true,true,true
cross_modal_disagreement,cross_modal_disagreement,cross_modal_disagreement-s101,101,58.600000,0.950052,52.746096,0.253572,12.341581,2.150415,84.994735,true,true,true
cross_modal_disagreement,cross_modal_disagreement,cross_modal_disagreement-s101,101,58.700000,0.942512,54.983942,0.266914,12.295098,2.124397,76.039072,true,true,true
cross_modal_disagreement,cross_modal_disagreement,cross_modal_disagreement-s101,101,58.800000,0.934037,60.997372,0.258286,12.330843,2.116776,59.589242,true,true,true
cross_modal_disagreement,cross_modal_disagreement,cross_modal_disagreement-s101,101,58.900000,0.952213,53.165692,0.270067,12.264555,2.142253,67.344916,true,true,true
cross_modal_disagreement,cross_modal_disagreement,cross_modal_disagreement-s101,101,59.000000,0.945786,40.660990,0.272200,12.364103,2.161075,69.637118,true,true,true
cross_modal_disagreement,cross_modal_disagreement,cross_modal_disagreement-s101,101,59.100000,0.964654,51.502588,0.274416,12.252425,2.205680,99.366386,true,true,true
cross_modal_disagreement,cross_modal_disagreement,cross_modal_disagreement-s101,101,59.200000,0.944928,48.324545,0.275931,12.236038,2.144145,75.242881,true,true,true
cross_modal_disagreement,cross_modal_disagreement,cross_modal_disagreement-s101,101,59.300000,0.943568,43.946227,0.268196,12.255727,2.147955,96.279494,true,true,true
cross_modal_disagreement,cross_modal_disagreement,cross_modal_disagreement-s101,101,59.400000,0.909767,59.978608,0.292471,12.245636,2.172764,98.003886,true,true,true
cross_modal_disagreement,cross_modal_disagreement,cross_modal_disagreement-s101,101,59.500000,0.927953,42.768283,0.262307,12.306380,2.204103,71.520425,true,true,true
cross_modal_disagreement,cross_modal_disagreement,cross_modal_disagreement-s101,101,59.600000,0.936519,63.515960,0.314956,12.323512,2.163580,63.858337,true,true,true
cross_modal_disagreement,cross_modal_disagreement,cross_modal_disagreement-s101,101,59.700000,0.929696,64.773979,0.277572,12.229600,2.182515,71.800138,true,true,true
cross_modal_disagreement,cross_modal_disagreement,cross_modal_disagreement-s101,101,59.800000,0.912338,51.691062,0.259093,12.258948,2.164081,69.844279,true,true,true
cross_modal_disagreement,cross_modal_disagreement,cross_modal_disagreement-s101,101,59.900000,0.942075,43.200275,0.260691,12.215806,2.194597,85.768706,true,true,true
