scenario_id,fault,run_id,seed,timestamp_s,localization_confidence,lidar_age_ms,cross_modal_consistency,obstacle_distance_m,speed_mps,comm_age_ms,fallback_available,fault_active,scenario_oracle_positive
cross_modal_disagreement,cross_modal_disagreement,cross_modal_disagreement-s1009,1009,0.000000,0.945891,55.326119,0.939338,12.022785,2.144730,64.156214,true,false,false
cross_modal_disagreement,cross_modal_disagreement,cross_modal_disagreement-s1009,1009,0.100000,0.917923,47.759681,0.924299,11.982681,2.117006,82.959966,true,false,false
cross_modal_disagreement,cross_modal_disagreement,cross_modal_disagreement-s1009,1009,0.200000,0.924469,42.738641,0.935852,12.073624,2.080125,71.285236,true,false,false
cross_modal_disagreement,cross_modal_disagreement,cross_modal_disagreement-s1009,1009,0.300000,0.933568,47.747207,0.880561,11.966192,2.132791,94.372803,true,false,false
cross_modal_disagreement,cross_modal_disagreement,cross_modal_disagreement-s1009,1009,0.400000,0.919959,51.228984,0.891436,12.065353,2.090414,81.399605,true,false,false
cross_modal_disagreement,cross_modal_disagreement,cross_modal_disagreement-s1009,1009,0.500000,0.938611,55.189338,0.932978,12.021432,2.094806,81.802286,true,false,false
cross_modal_disagreement,cross_modal_disagreement,cross_modal_disagreement-s1009,1009,0.600000,0.948326,60.544821,0.935547,12.088792,2.107784,66.743095,true,false,false
cross_modal_disagreement,cross_modal_disagreement,cross_modal_disagreement-s1009,1009,0.700000,0.943897,36.607919,0.919113,12.055535,2.120933,51.388208,true,false,false
cross_modal_disagreement,cross_modal_disagreement,cross_modal_disagreement-s1009,1009,0.800000,0.950049,43.542443,0.916588,12.094309,2.113232,50.989885,true,false,false
cross_modal_disagreement,cross_modal_disagreement,cross_modal_disagreement-s1009,1009,0.900000,0.951748,53.097564,0.913211,12.094347,2.150237,68.765016,true,false,false
cross_modal_disagreement,cross_modal_disagreement,cross_modal_disagreement-s1009,1009,1.000000,0.920614,54.180803,0.939214,12.034259,2.136491,72.922550,true,false,false
cross_modal_disagreement,cross_modal_disagreement,cross_modal_disagreement-s1009,1009,1.100000,0.937363,41.054170,0.908827,12.144040,2.145442,74.531928,true,false,false
cross_modal_disagreement,cross_modal_disagreement,cross_modal_disagreement-s1009,1009,1.200000,0.941457,54.091245,0.926248,12.098647,2.122500,77.017387,true,false,false
cross_modal_disagreement,cross_modal_disagreement,cross_modal_disagreement-s1009,1009,1.300000,0.943791,48.824854,0.937332,12.133061,2.071642,69.134333,true,false,false
cross_modal_disagreement,cross_modal_disagreement,cross_modal_disagreement-s1009,1009,1.400000,0.926834,50.799544,0.918425,12.130528,2.118560,97.151278,true,false,false
cross_modal_disagreement,cross_modal_disagreement,cross_modal_disagreement-s1009,1009,1.500000,0.942180,46.302665,0.943455,12.100972,2.147377,97.366677,true,false,false
cross_modal_disagreement,cross_modal_disagreement,cross_modal_disagreement-s1009,1009,1.600000,0.936720,47.877629,0.927774,12.105070,2.173127,58.913685,true,false,false
cross_modal_disagreement,cross_modal_disagreement,cross_modal_disagreement-s1009,1009,1.700000,0.936561,48.289602,0.920280,12.149597,2.142389,70.605013,true,false,false
cross_modal_disagreement,cross_modal_disagreement,cross_modal_disagreement-s1009,1009,1.800000,0.945047,32.138961,0.926545,12.142433,2.148533,87.994565,true,false,false
cross_modal_disagreement,cross_modal_disagreement,cross_modal_disagreement-s1009,1009,1.900000,0.938292,46.423855,0.934894,12.181130,2.155285,59.648665,true,false,false
cross_modal_disagreement,cross_modal_disagreement,cross_modal_disagreement-s1009,1009,2.000000,0.948393,53.850040,0.917205,12.165443,2.135245,87.726864,true,false,false
cross_modal_disagreement,cross_modal_disagreement,cross_modal_disagreement-s1009,1009,2.100000,0.925174,38.829488,0.930969,12.196892,2.134827,53.171437,true,false,false
cross_modal_disagreement,cross_modal_disagreement,cross_modal_disagreement-s1009,1009,2.200000,0.930208,47.614115,0.930885,12.188648,2.147810,94.106480,true,false,false
cross_modal_disagreement,cross_modal_disagreement,cross_modal_disagreement-s1009,1009,2.300000,0.952052,50.071988,0.914432,12.225681,2.145455,49.968438,true,false,false
cross_modal_disagreement,cross_modal_disagreement,cross_modal_disagreement-s1009,1009,2.400000,0.922706,45.981668,0.940433,12.201428,2.155918,82.131718,true,false,false
cross_modal_disagreement,cross_modal_disagreement,cross_modal_disagreement-s1009,1009,2.500000,0.950314,43.796710,0.915127,12.216407,2.159927,90.388489,true,false,false
cross_modal_disagreement,cross_modal_disagreement,cross_modal_disagreement-s1009,1009,2.600000,0.931973,40.001494,0.908208,12.194510,2.183286,56.199245,true,false,false
cross_modal_disagreement,cross_modal_disagreement,cross_modal_disagreement-s1009,1009,2.700000,0.938509,51.356824,0.917927,12.195887,2.164701,70.258912,true,false,false
cross_modal_disagreement,cross_modal_disagreement,cross_modal_disagreement-s1009,1009,2.800000,0.926937,45.681595,0.920555,12.221515,2.154360,69.462413,true,false,false
cross_modal_disagreement,cross_modal_disagreement,cross_modal_disagreement-s1009,1009,2.900000,0.942409,53.933987,0.910823,12.236958,2.182654,67.545180,true,false,false
cross_modal_disagreement,cross_modal_disagreement,cross_modal_disagreement-s1009,1009,3.000000,0.942849,54.678860,0.917688,12.226441,2.162568,89.369347,true,false,false
cross_modal_disagreement,cross_modal_disagreement,cross_modal_disagreement-s1009,1009,3.100000,0.954362,45.313201,0.881242,12.276978,2.187129,86.581159,true,false,false
cross_modal_disagreement,cross_modal_disagreement,cross_modal_disagreement-s1009,1009,3.200000,0.941323,39.196092,0.914657,12.147951,2.197467,99.451298,true,false,false
cross_modal_disagreement,cross_modal_disagreement,cross_modal_disagreement-s1009,1009,3.300000,0.936995,38.583518,0.948928,12.292415,2.181290,66.298652,true,false,false
cross_modal_disagreement,cross_modal_disagreement,cross_modal_disagreement-s1009,1009,3.400000,0.941138,40.215190,0.932683,12.217365,2.215121,102.347057,true,false,false
cross_modal_disagreement,cross_modal_disagreement,cross_modal_disagreement-s1009,1009,3.500000,0.921650,52.837330,0.891448,12.302413,2.147325,67.958694,true,false,false
cross_modal_disagreement,cross_modal_disagreement,cross_modal_disagreement-s1009,1009,3.600000,0.931361,37.718182,0.934689,12.263444,2.185556,85.405437,true,false,false
cross_modal_disagreement,cross_modal_disagreement,cross_modal_disagreement-s1009,1009,3.700000,0.940337,45.846266,0.880325,12.304276,2.168455,88.900051,true,false,false
cross_modal_disagreement,cross_modal_disagreement,cross_modal_disagreement-s1009,1009,3.800000,0.968205,57.048019,0.905999,12.323146,2.195487,78.718231,true,false,false
cross_modal_disagreement,cross_modal_disagreement,cross_modal_disagreement-s1009,1009,3.900000,0.951175,52.484655,0.914636,12.214580,2.161780,90.686027,true,false,false
cross_modal_disagreement,cross_modal_disagreement,cross_modal_disagreement-s1009,1009,4.000000,0.940273,49.763254,0.934045,12.246717,2.167999,83.214680,true,false,false
cross_modal_disagreement,cross_modal_disagreement,cross_modal_disagreement-s1009,1009,4.100000,0.930640,49.923321,0.930604,12.344253,2.150745,74.574952,true,false,false
cross_modal_disagreement,cross_modal_disagreement,cross_modal_disagreement-s1009,1009,4.200000,0.938065,59.895301,0.946871,12.281361,2.144217,89.898114,true,false,false
cross_modal_disagreement,cross_modal_disagreement,cross_modal_disagreement-s1009,1009,4.300000,0.924319,37.738258,0.905728,12.311026,2.162440,96.957219,true,false,false
cross_modal_disagreement,cross_modal_disagreement,cross_modal_disagreement-s1009,1009,4.400000,0.949131,50.593863,0.937921,12.289517,2.158733,70.035395,true,false,false
cross_modal_disagreement,cross_modal_disagreement,cross_modal_disagreement-s1009,1009,4.500000,0.938157,39.622916,0.930146,12.310258,2.135510,84.009703,true,false,false
cross_modal_disagreement,cross_modal_disagreement,cross_modal_disagreement-s1009,1009,4.600000,0.933910,54.201478,0.940672,12.300763,2.176695,81.299077,true,false,false
cross_modal_disagreement,cross_modal_disagreement,cross_modal_disagreement-s1009,1009,4.700000,0.942665,56.267703,0.931399,12.310845,2.157836,66.889357,true,false,false
cross_modal_disagreement,cross_modal_disagreement,cross_modal_disagreement-s1009,1009,4.800000,0.948455,46.460489,0.914879,12.315974,2.141516,93.619313,true,false,false
cross_modal_disagreement,cross_modal_disagreement,cross_modal_disagreement-s1009,1009,4.900000,0.928703,30.800775,0.923230,12.306694,2.174882,89.329499,true,false,false
cross_modal_disagreement,cross_modal_disagreement,cross_modal_disagreement-s1009,1009,5.000000,0.932649,54.506649,0.901875,12.346149,2.187352,63.460279,true,false,false
cross_modal_disagreement,cross_modal_disagreement,cross_modal_disagreement-s1009,1009,5.100000,0.943185,51.853698,0.922609,12.411361,2.200238,80.865096,true,false,false
cross_modal_disagreement,cross_modal_disagreement,cross_modal_disagreement-s1009,1009,5.200000,0.931270,55.709068,0.944450,12.321889,2.193062,102.869012,true,false,false
cross_modal_disagreement,cross_modal_disagreement,cross_modal_disagreement-s1009,1009,5.300000,0.945531,35.697590,0.924069,12.267735,2.195127,70.906240,true,false,false
cross_modal_disagreement,cross_modal_disagreement,cross_modal_disagreement-s1009,1009,5.400000,0.924662,42.485338,0.917116,12.345676,2.215884,83.405515,true,false,false
cross_modal_disagreement,cross_modal_disagreement,cross_modal_disagreement-s1009,1009,5.500000,0.953541,40.794262,0.915397,12.258076,2.189061,68.096710,true,false,false
cross_modal_disagreement,cross_modal_disagreement,cross_modal_disagreement-s1009,1009,5.600000,0.968254,45.845322,0.906524,12.321329,2.164472,65.499035,true,false,false
cross_modal_disagreement,cross_modal_disagreement,cross_modal_disagreement-s1009,1009,5.700000,0.956535,53.201717,0.925230,12.302600,2.192557,75.977688,true,false,false
cross_modal_disagreement,cross_modal_disagreement,cross_modal_disagreement-s1009,1009,5.800000,0.931811,52.711323,0.900778,12.341666,2.204385,97.237457,true,false,false
cross_modal_disagreement,cross_modal_disagreement,cross_modal_disagreement-s1009,1009,5.900000,0.944390,56.783897,0.903736,12.374228,2.170682,53.799247,true,false,false
cross_modal_disagreement,cross_modal_disagreement,cross_modal_disagreement-s1009,1009,6.000000,0.941088,25.943723,0.936341,12.403357,2.171279,62.659619,true,false,false
cross_modal_disagreement,cross_modal_disagreement,cross_modal_disagreement-s1009,1009,6.100000,0.936111,45.746715,0.926598,12.325833,2.172011,81.713764,true,false,false
cross_modal_disagreement,cross_modal_disagreement,cross_modal_disagreement-s1009,1009,6.200000,0.932423,43.800953,0.920321,12.363179,2.169703,87.741382,true,false,false
cross_modal_disagreement,cross_modal_disagreement,cross_modal_disagreement-s1009,1009,6.300000,0.947226,55.421688,0.912957,12.345560,2.218639,79.550495,true,false,false
cross_modal_disagreement,cross_modal_disagreement,cross_modal_disagreement-s1009,1009,6.400000,0.945948,49.364856,0.928680,12.316005,2.203881,104.147148,true,false,false
cross_modal_disagreement,cross_modal_disagreement,cross_modal_disagreement-s1009,1009,6.500000,0.948315,47.258475,0.910145,12.374387,2.162266,76.356557,true,false,false
cross_modal_disagreement,cross_modal_disagreement,cross_modal_disagreement-s1009,1009,6.600000,0.943848,44.895096,0.929034,12.323632,2.145247,81.634602,true,false,false
cross_modal_disagreement,cross_modal_disagreement,cross_modal_disagreement-s1009,1009,6.700000,0.944910,37.113993,0.914941,12.284324,2.165540,96.426071,true,false,false
cross_modal_disagreement,cross_modal_disagreement,cross_modal_disagreement-s1009,1009,6.800000,0.920664,44.061199,0.923109,12.288753,2.166004,87.549790,true,false,false
cross_modal_disagreement,cross_modal_disagreement,cross_modal_disagreement-s1009,1009,6.900000,0.946896,49.172750,0.939908,12.315492,2.180228,106.678082,true,false,false
cross_modal_disagreement,cross_modal_disagreement,cross_modal_disagreement-s1009,1009,7.000000,0.936800,42.307064,0.940559,12.352075,2.187283,100.048034,true,false,false
cross_modal_disagreement,cross_modal_disagreement,cross_modal_disagreement-s1009,1009,7.100000,0.931626,68.377679,0.908986,12.316116,2.137266,99.985453,true,false,false
cross_modal_disagreement,cross_modal_disagreement,cross_modal_disagreement-s1009,1009,7.200000,0.906040,46.845185,0.910813,12.363383,2.173922,94.891150,true,false,false
cross_modal_disagreement,cross_modal_disagreement,cross_modal_disagreement-s1009,1009,7.300000,0.929177,51.161911,0.922229,12.238221,2.180910,78.142106,true,false,false
cross_modal_disagreement,cross_modal_disagreement,cross_modal_disagreement-s1009,1009,7.400000,0.958807,48.120313,0.919008,12.403717,2.147834,41.861581,true,false,false
cross_modal_disagreement,cross_modal_disagreement,cross_modal_disagreement-s1009,1009,7.500000,0.929605,42.076579,0.909132,12.333234,2.129639,99.347518,true,false,false
cross_modal_disagreement,cross_modal_disagreement,cross_modal_disagreement-s1009,1009,7.600000,0.950383,48.485032,0.924615,12.366067,2.156183,59.855908,true,false,false
cross_modal_disagreement,cross_modal_disagreement,cross_modal_disagreement-s1009,1009,7.700000,0.943185,47.992818,0.892483,12.351367,2.152203,78.963901,true,false,false
cross_modal_disagreement,cross_modal_disagreement,cross_modal_disagreement-s1009,1009,7.800000,0.959963,44.598342,0.918720,12.285665,2.143739,83.333224,true,false,false
cross_modal_disagreement,cross_modal_disagreement,cross_modal_disagreement-s1009,1009,7.900000,0.934001,50.564403,0.906396,12.337978,2.140230,77.400304,true,false,false
cross_modal_disagreement,cross_modal_disagreement,cross_modal_disagreement-s1009,1009,8.000000,0.954281,42.488493,0.939213,12.393842,2.188169,85.093867,true,false,false
cross_modal_disagreement,cross_modal_disagreement,cross_modal_disagreement-s1009,1009,8.100000,0.937504,36.977282,0.902455,12.308590,2.102638,83.068481,true,false,false
cross_modal_disagreement,cross_modal_disagreement,cross_modal_disagreement-s1009,1009,8.200000,0.937682,57.741390,0.923325,12.257331,2.100360,59.271833,true,false,false
cross_modal_disagreement,cross_modal_disagreement,cross_modal_disagreement-s1009,1009,8.300000,0.925982,51.104337,0.924248,12.389649,2.131590,84.542578,true,false,false
cross_modal_disagreement,cross_modal_disagreement,cross_modal_disagreement-s1009,1009,8.400000,0.952853,37.844394,0.964249,12.286931,2.176224,86.677204,true,false,false
cross_modal_disagreement,cross_modal_disagreement,cross_modal_disagreement-s1009,1009,8.500000,0.913803,51.620746,0.944078,12.282441,2.140231,64.455807,true,false,false
cross_modal_disagreement,cross_modal_disagreement,cross_modal_disagreement-s1009,1009,8.600000,0.927226,40.517194,0.944083,12.365612,2.113013,86.135870,true,false,false
cross_modal_disagreement,cross_modal_disagreement,cross_modal_disagreement-s1009,1009,8.700000,0.930465,39.926471,0.929296,12.308760,2.145812,79.609903,true,false,false
cross_modal_disagreement,cross_modal_disagreement,cross_modal_disagreement-s1009,1009,8.800000,0.936268,39.549693,0.928012,12.314876,2.130637,82.092058,true,false,false
cross_modal_disagreement,cross_modal_disagreement,cross_modal_disagreement-s1009,1009,8.900000,0.928726,47.075613,0.915148,12.309173,2.128962,71.432486,true,false,false
cross_modal_disagreement,cross_modal_disagreement,cross_modal_disagreement-s1009,1009,9.000000,0.954416,58.453675,0.943717,12.285975,2.128553,86.588761,true,false,false
cross_modal_disagreement,cross_modal_disagreement,cross_modal_disagreement-s1009,1009,9.100000,0.943034,39.730772,0.908277,12.241577,2.133678,93.094796,true,false,false
cross_modal_disagreement,cross_modal_disagreement,cross_modal_disagreement-s1009,1009,9.200000,0.937581,57.334086,0.915729,12.247044,2.096950,60.103006,true,false,false
cross_modal_disagreement,cross_modal_disagreement,cross_modal_disagreement-s1009,1009,9.300000,0.937017,40.952921,0.955123,12.293775,2.086910,62.934375,true,false,false
cross_modal_disagreement,cross_modal_disagreement,cross_modal_disagreement-s1009,1009,9.400000,0.952675,51.991209,0.926617,12.253900,2.142635,91.710720,true,false,false
cross_modal_disagreement,cross_modal_disagreement,cross_modal_disagreement-s1009,1009,9.500000,0.958355,33.873768,0.906569,12.169320,2.070586,65.024944,true,false,false
cross_modal_disagreement,cross_modal_disagreement,cross_modal_disagreement-s1009,1009,9.600000,0.937974,47.193486,0.919971,12.196927,2.120207,75.812774,true,false,false
cross_modal_disagreement,cross_modal_disagreement,cross_modal_disagreement-s1009,1009,9.700000,0.947272,39.766884,0.927004,12.174577,2.079201,89.578483,true,false,false
cross_modal_disagreement,cross_modal_disagreement,cross_modal_disagreement-s1009,1009,9.800000,0.959378,39.701607,0.945073,12.173817,2.074769,73.000615,true,false,false
cross_modal_disagreement,cross_modal_disagreement,cross_modal_disagreement-s1009,1009,9.900000,0.953097,39.544031,0.904580,12.159365,2.120874,83.182038,true,false,false
cross_modal_disagreement,cross_modal_disagreement,cross_modal_disagreement-s1009,1009,10.000000,0.922772,67.147825,0.899625,12.224979,2.105772,79.228583,true,false,false
cross_modal_disagreement,cross_modal_disagreement,cross_modal_disagreement-s1009,1009,10.100000,0.956006,45.097480,0.909362,12.197931,2.062257,54.966036,true,false,false
cross_modal_disagreement,cross_modal_disagreement,cross_modal_disagreement-s1009,1009,10.200000,0.939439,55.699164,0.925790,12.191391,2.035459,77.583693,true,false,false
cross_modal_disagreement,cross_modal_disagreement,cross_modal_disagreement-s1009,1009,10.300000,0.929870,52.647935,0.934991,12.126739,2.052666,76.923080,true,false,false
cross_modal_disagreement,cross_modal_disagreement,cross_modal_disagreement-s1009,1009,10.400000,0.941297,54.802303,0.928281,12.141620,2.064461,60.487661,true,false,false
cross_modal_disagreement,cross_modal_disagreement,cross_modal_disagreement-s1009,1009,10.500000,0.952968,60.600413,0.917727,12.209460,2.092515,82.316897,true,false,false
cross_modal_disagreement,cross_modal_disagreement,cross_modal_disagreement-s1009,1009,10.600000,0.942213,58.892252,0.942883,12.230105,2.087531,68.846586,true,false,false
cross_modal_disagreement,cross_modal_disagreement,cross_modal_disagreement-s1009,1009,10.700000,0.929900,43.069150,0.909207,12.179332,2.034590,73.974253,true,false,false
cross_modal_disagreement,cross_modal_disagreement,cross_modal_disagreement-s1009,1009,10.800000,0.941916,59.513372,0.924886,12.198973,2.048036,87.344314,true,false,false
cross_modal_disagreement,cross_modal_disagreement,cross_modal_disagreement-s1009,1009,10.900000,0.919575,41.078646,0.927266,12.131483,2.036962,70.173999,true,false,false
cross_modal_disagreement,cross_modal_disagreement,cross_modal_disagreement-s1009,1009,11.000000,0.930348,49.965863,0.922160,12.151550,2.089752,67.807028,true,false,false
cross_modal_disagreement,cross_modal_disagreement,cross_modal_disagreement-s1009,1009,11.100000,0.952707,43.305460,0.925801,12.093871,1.995206,90.369946,true,false,false
cross_modal_disagreement,cross_modal_disagreement,cross_modal_disagreement-s1009,1009,11.200000,0.951700,48.247673,0.937634,12.157916,2.057710,77.648379,true,false,false
cross_modal_disagreement,cross_modal_disagreement,cross_modal_disagreement-s1009,1009,11.300000,0.943390,36.400608,0.939056,12.093476,2.018205,65.484709,true,false,false
cross_modal_disagreement,cross_modal_disagreement,cross_modal_disagreement-s1009,1009,11.400000,0.959454,56.600811,0.939341,12.073387,2.058031,77.376326,true,false,false
cross_modal_disagreement,cross_modal_disagreement,cross_modal_disagreement-s1009,1009,11.500000,0.944135,53.550652,0.909443,12.143123,2.033696,79.555849,true,false,false
cross_modal_disagreement,cross_modal_disagreement,cross_modal_disagreement-s1009,1009,11.600000,0.934173,51.742309,0.923383,12.091127,2.043785,58.588662,true,false,false
cross_modal_disagreement,cross_modal_disagreement,cross_modal_disagreement-s1009,1009,11.700000,0.937273,46.034805,0.893741,12.017433,2.085782,70.143257,true,false,false
cross_modal_disagreement,cross_modal_disagreement,cross_modal_disagreement-s1009,1009,11.800000,0.949198,54.776080,0.921714,12.007439,2.067329,97.678110,true,false,false
cross_modal_disagreement,cross_modal_disagreement,cross_modal_disagreement-s1009,1009,11.900000,0.955113,44.813620,0.895044,12.066590,2.036314,84.992085,true,false,false
cross_modal_disagreement,cross_modal_disagreement,cross_modal_disagreement-s1009,1009,12.000000,0.947653,52.337881,0.890097,12.050496,1.970473,67.039860,true,false,false
cross_modal_disagreement,cross_modal_disagreement,cross_modal_disagreement-s1009,1009,12.100000,0.945011,29.511218,0.899078,12.004052,2.052785,65.419416,true,false,false
cross_modal_disagreement,cross_modal_disagreement,cross_modal_disagreement-s1009,1009,12.200000,0.949313,47.155989,0.926346,12.026690,2.013392,82.416048,true,false,false
cross_modal_disagreement,cross_modal_disagreement,cross_modal_disagreement-s1009,1009,12.300000,0.952358,41.234564,0.935555,12.065475,2.043871,94.580486,true,false,false
cross_modal_disagreement,cross_modal_disagreement,cross_modal_disagreement-s1009,1009,12.400000,0.953229,41.172736,0.937145,11.971114,2.017613,75.992131,true,false,false
cross_modal_disagreement,cross_modal_disagreement,cross_modal_disagreement-s1009,1009,12.500000,0.943713,45.747302,0.889994,12.104478,2.023993,78.027863,true,false,false
cross_modal_disagreement,cross_modal_disagreement,cross_modal_disagreement-s1009,1009,12.600000,0.936520,39.706161,0.852490,12.056103,2.049422,87.961087,true,false,false
cross_modal_disagreement,cross_modal_disagreement,cross_modal_disagreement-s1009,1009,12.700000,0.943747,44.893853,0.898380,11.948001,1.999476,94.053638,true,false,false
cross_modal_disagreement,cross_modal_disagreement,cross_modal_disagreement-s1009,1009,12.800000,0.938238,38.304798,0.927078,12.043806,2.044611,80.603446,true,false,false
cross_modal_disagreement,cross_modal_disagreement,cross_modal_disagreement-s1009,1009,12.900000,0.946305,38.930362,0.933703,11.935389,2.033443,71.787988,true,false,false
cross_modal_disagreement,cross_modal_disagreement,cross_modal_disagreement-s1009,1009,13.000000,0.949097,40.424809,0.892934,11.985517,1.991576,60.892740,true,false,false
cross_modal_disagreement,cross_modal_disagreement,cross_modal_disagreement-s1009,1009,13.100000,0.936180,52.520331,0.942122,11.960387,2.005340,77.481562,true,false,false
cross_modal_disagreement,cross_modal_disagreement,cross_modal_disagreement-s1009,1009,13.200000,0.947713,59.780406,0.938962,11.885202,1.980333,66.915379,true,false,false
cross_modal_disagreement,cross_modal_disagreement,cross_modal_disagreement-s1009,1009,13.300000,0.920269,49.006078,0.902488,11.866107,2.010441,84.385146,true,false,false
cross_modal_disagreement,cross_modal_disagreement,cross_modal_disagreement-s1009,1009,13.400000,0.954092,48.193624,0.907684,11.950909,2.048541,71.591148,true,false,false
cross_modal_disagreement,cross_modal_disagreement,cross_modal_disagreement-s1009,1009,13.500000,0.951361,51.083797,0.926177,11.885343,2.002421,65.284113,true,false,false
cross_modal_disagreement,cross_modal_disagreement,cross_modal_disagreement-s1009,1009,13.600000,0.964774,49.299127,0.900976,11.931227,2.024106,72.924554,true,false,false
cross_modal_disagreement,cross_modal_disagreement,cross_modal_disagreement-s1009,1009,13.700000,0.923500,36.096579,0.925204,11.928860,2.031942,85.264725,true,false,false
cross_modal_disagreement,cross_modal_disagreement,cross_modal_disagreement-s1009,1009,13.800000,0.952951,37.698637,0.945950,11.895338,2.032351,93.694130,true,false,false
cross_modal_disagreement,cross_modal_disagreement,cross_modal_disagreement-s1009,1009,13.900000,0.930264,38.655473,0.921910,11.900856,2.004190,80.495979,true,false,false
cross_modal_disagreement,cross_modal_disagreement,cross_modal_disagreement-s1009,1009,14.000000,0.928983,44.952539,0.890530,11.908143,1.988166,55.151438,true,false,false
cross_modal_disagreement,cross_modal_disagreement,cross_modal_disagreement-s1009,1009,14.100000,0.947646,52.121079,0.900761,11.875423,1.946341,59.538820,true,false,false
cross_modal_disagreement,cross_modal_disagreement,cross_modal_disagreement-s1009,1009,14.200000,0.960665,50.268772,0.919675,11.841587,2.034903,89.764382,true,false,false
cross_modal_disagreement,cross_modal_disagreement,cross_modal_disagreement-s1009,1009,14.300000,0.955255,38.575416,0.910196,11.817990,2.033315,52.611032,true,false,false
cross_modal_disagreement,cross_modal_disagreement,cross_modal_disagreement-s1009,1009,14.400000,0.938002,40.461310,0.928919,11.801785,2.024781,93.490534,true,false,false
cross_modal_disagreement,cross_modal_disagreement,cross_modal_disagreement-s1009,1009,14.500000,0.939573,54.874131,0.901566,11.861989,2.035200,93.591401,true,false,false
cross_modal_disagreement,cross_modal_disagreement,cross_modal_disagreement-s1009,1009,14.600000,0.945600,49.543144,0.920044,11.849746,1.971152,71.709308,true,false,false
cross_modal_disagreement,cross_modal_disagreement,cross_modal_disagreement-s1009,1009,14.700000,0.938991,60.773229,0.929312,11.723922,2.037642,85.719564,true,false,false
cross_modal_disagreement,cross_modal_disagreement,cross_modal_disagreement-s1009,1009,14.800000,0.962705,41.283364,0.938365,11.717300,2.049832,86.970733,true,false,false
cross_modal_disagreement,cross_modal_disagreement,cross_modal_disagreement-s1009,1009,14.900000,0.930624,42.777162,0.909349,11.821114,2.039381,93.652120,true,false,false
cross_modal_disagreement,cross_modal_disagreement,cross_modal_disagreement-s1009,1009,15.000000,0.943940,52.225048,0.915351,11.771011,2.032242,79.938869,true,false,false
cross_modal_disagreement,cross_modal_disagreement,cross_modal_disagreement-s1009,1009,15.100000,0.943807,52.878899,0.933077,11.814640,2.062807,80.798299,true,false,false
cross_modal_disagreement,cross_modal_disagreement,cross_modal_disagreement-s1009,1009,15.200000,0.945541,41.392778,0.922699,11.804503,2.010699,73.078260,true,false,false
cross_modal_disagreement,cross_modal_disagreement,cross_modal_disagreement-s1009,1009,15.300000,0.943096,45.389440,0.939491,11.817537,2.049023,69.886255,true,false,false
cross_modal_disagreement,cross_modal_disagreement,cross_modal_disagreement-s1009,1009,15.400000,0.957030,38.385264,0.932753,11.777079,2.046964,78.498021,true,false,false
cross_modal_disagreement,cross_modal_disagreement,cross_modal_disagreement-s1009,1009,15.500000,0.925825,52.740525,0.950320,11.755427,2.005761,92.106668,true,false,false
cross_modal_disagreement,cross_modal_disagreement,cross_modal_disagreement-s1009,1009,15.600000,0.922476,42.595603,0.900522,11.780093,2.014970,84.133161,true,false,false
cross_modal_disagreement,cross_modal_disagreement,cross_modal_disagreement-s1009,1009,15.700000,0.930407,60.144265,0.931032,11.719069,2.066890,92.405242,true,false,false
cross_modal_disagreement,cross_modal_disagreement,cross_modal_disagreement-s1009,1009,15.800000,0.934001,57.162985,0.921758,11.770238,2.017675,73.113287,true,false,false
cross_modal_disagreement,cross_modal_disagreement,cross_modal_disagreement-s1009,1009,15.900000,0.939249,41.752005,0.936908,11.709733,2.018147,125.068691,true,false,false
cross_modal_disagreement,cross_modal_disagreement,cross_modal_disagreement-s1009,1009,16.000000,0.945976,48.506184,0.928654,11.731654,2.007311,83.619134,true,false,false
cross_modal_disagreement,cross_modal_disagreement,cross_modal_disagreement-s1009,1009,16.100000,0.944682,45.615892,0.934632,11.729207,1.988475,62.460011,true,false,false
cross_modal_disagreement,cross_modal_disagreement,cross_modal_disagreement-s1009,1009,16.200000,0.940033,53.866907,0.915682,11.795599,2.026453,73.523086,true,false,false
cross_modal_disagreement,cross_modal_disagreement,cross_modal_disagreement-s1009,1009,16.300000,0.943027,56.085432,0.909317,11.652485,2.020442,78.352042,true,false,false
cross_modal_disagreement,cross_modal_disagreement,cross_modal_disagreement-s1009,1009,16.400000,0.941720,43.863542,0.938833,11.683816,2.070591,83.380369,true,false,false
cross_modal_disagreement,cross_modal_disagreement,cross_modal_disagreement-s1009,1009,16.500000,0.932480,58.365998,0.917415,11.709344,2.066780,81.508771,true,false,false
cross_modal_disagreement,cross_modal_disagreement,cross_modal_disagreement-s1009,1009,16.600000,0.945915,56.102594,0.909433,11.712220,2.012974,74.610066,true,false,false
cross_modal_disagreement,cross_modal_disagreement,cross_modal_disagreement-s1009,1009,16.700000,0.951597,50.525670,0.933294,11.656309,2.033784,72.849632,true,false,false
cross_modal_disagreement,cross_modal_disagreement,cross_modal_disagreement-s1009,1009,16.800000,0.954911,52.066760,0.920196,11.670134,2.042298,113.394832,true,false,false
cross_modal_disagreement,cross_modal_disagreement,cross_modal_disagreement-s1009,1009,16.900000,0.943227,36.501899,0.906680,11.712020,2.052016,67.544260,true,false,false
cross_modal_disagreement,cross_modal_disagreement,cross_modal_disagreement-s1009,1009,17.000000,0.933781,37.400802,0.930557,11.675050,2.069450,85.200919,true,false,false
cross_modal_disagreement,cross_modal_disagreement,cross_modal_disagreement-s1009,1009,17.100000,0.958930,51.533940,0.911102,11.683591,2.061921,82.785488,true,false,false
cross_modal_disagreement,cross_modal_disagreement,cross_modal_disagreement-s1009,1009,17.200000,0.945728,45.526614,0.911881,11.683250,2.109994,81.150087,true,false,false
cross_modal_disagreement,cross_modal_disagreement,cross_modal_disagreement-s1009,1009,17.300000,0.942351,43.624373,0.878301,11.650299,2.075278,115.034756,true,false,false
cross_modal_disagreement,cross_modal_disagreement,cross_modal_disagreement-s1009,1009,17.400000,0.943634,46.129179,0.896701,11.665941,2.068880,88.507921,true,false,false
cross_modal_disagreement,cross_modal_disagreement,cross_modal_disagreement-s1009,1009,17.500000,0.930806,52.904148,0.899800,11.618258,2.066388,81.558201,true,false,false
cross_modal_disagreement,cross_modal_disagreement,cross_modal_disagreement-s1009,1009,17.600000,0.953820,44.348763,0.948228,11.628511,2.061508,64.901899,true,false,false
cross_modal_disagreement,cross_modal_disagreement,cross_modal_disagreement-s1009,1009,17.700000,0.948752,54.454647,0.940298,11.637119,2.072505,83.926972,true,false,false
cross_modal_disagreement,cross_modal_disagreement,cross_modal_disagreement-s1009,1009,17.800000,0.938404,46.501150,0.921806,11.656780,2.048809,73.665927,true,false,false
cross_modal_disagreement,cross_modal_disagreement,cross_modal_disagreement-s1009,1009,17.900000,0.952168,41.964023,0.921224,11.630829,2.059062,92.625624,true,false,false
cross_modal_disagreement,cross_modal_disagreement,cross_modal_disagreement-s1009,1009,18.000000,0.943449,41.552287,0.923178,11.646411,2.070056,46.105644,true,false,false
cross_modal_disagreement,cross_modal_disagreement,cross_modal_disagreement-s1009,1009,18.100000,0.954851,48.196121,0.931864,11.694994,2.075752,85.172392,true,false,false
cross_modal_disagreement,cross_modal_disagreement,cross_modal_disagreement-s1009,1009,18.200000,0.939452,33.317792,0.923344,11.685685,2.051590,51.948996,true,false,false
cross_modal_disagreement,cross_modal_disagreement,cross_modal_disagreement-s1009,1009,18.300000,0.953901,30.247481,0.929625,11.640491,2.105051,79.353078,true,false,false
cross_modal_disagreement,cross_modal_disagreement,cross_modal_disagreement-s1009,1009,18.400000,0.953109,43.464443,0.893057,11.649548,2.090543,84.881690,true,false,false
cross_modal_disagreement,cross_modal_disagreement,cross_modal_disagreement-s1009,1009,18.500000,0.923523,39.939973,0.920664,11.615171,2.093922,75.886238,true,false,false
cross_modal_disagreement,cross_modal_disagreement,cross_modal_disagreement-s1009,1009,18.600000,0.938736,44.782676,0.906376,11.694298,2.074425,66.674383,true,false,false
cross_modal_disagreement,cross_modal_disagreement,cross_modal_disagreement-s1009,1009,18.700000,0.931436,54.886981,0.925569,11.616544,2.072283,62.703685,true,false,false
cross_modal_disagreement,cross_modal_disagreement,cross_modal_disagreement-s1009,1009,18.800000,0.958110,56.477067,0.930510,11.658634,2.107570,63.206829,true,false,false
cross_modal_disagreement,cross_modal_disagreement,cross_modal_disagreement-s1009,1009,18.900000,0.928578,34.437596,0.914558,11.585224,2.122546,79.242399,true,false,false
cross_modal_disagreement,cross_modal_disagreement,cross_modal_disagreement-s1009,1009,19.000000,0.933403,45.089444,0.929657,11.709451,2.091782,72.271643,true,false,false
cross_modal_disagreement,cross_modal_disagreement,cross_modal_disagreement-s1009,1009,19.100000,0.934118,47.471911,0.903979,11.736420,2.104331,73.264842,true,false,false
cross_modal_disagreement,cross_modal_disagreement,cross_modal_disagreement-s1009,1009,19.200000,0.963987,40.406745,0.886161,11.679907,2.105571,55.453084,true,false,false
cross_modal_disagreement,cross_modal_disagreement,cross_modal_disagreement-s1009,1009,19.300000,0.932855,46.150835,0.927850,11.622326,2.155447,61.946191,true,false,false
cross_modal_disagreement,cross_modal_disagreement,cross_modal_disagreement-s1009,1009,19.400000,0.935026,58.502693,0.871630,11.607344,2.092228,40.595183,true,false,false
cross_modal_disagreement,cross_modal_disagreement,cross_modal_disagreement-s1009,1009,19.500000,0.931277,53.372154,0.911041,11.652340,2.051442,74.450806,true,false,false
cross_modal_disagreement,cross_modal_disagreement,cross_modal_disagreement-s1009,1009,19.600000,0.925280,40.774725,0.917373,11.622955,2.145009,77.189714,true,false,false
cross_modal_disagreement,cross_modal_disagreement,cross_modal_disagreement-s1009,1009,19.700000,0.933772,51.474517,0.892307,11.653121,2.138093,98.271167,true,false,false
cross_modal_disagreement,cross_modal_disagreement,cross_modal_disagreement-s1009,1009,19.800000,0.954763,34.955309,0.926341,11.699952,2.121540,90.180852,true,false,false
cross_modal_disagreement,cross_modal_disagreement,cross_modal_disagreement-s1009,1009,19.900000,0.913886,48.591150,0.938267,11.650590,2.078461,88.423497,true,false,false
cross_modal_disagreement,cross_modal_disagreement,cross_modal_disagreement-s1009,1009,20.000000,0.941968,38.046530,0.917505,11.615182,2.117352,76.708266,true,true,false
cross_modal_disagreement,cross_modal_disagreement,cross_modal_disagreement-s1009,1009,20.100000,0.952319,45.186742,0.870703,11.654102,2.152693,109.143388,true,true,false
cross_modal_disagreement,cross_modal_disagreement,cross_modal_disagreement-s1009,1009,20.200000,0.944104,51.460886,0.834868,11.751552,2.168933,84.786369,true,true,false
cross_modal_disagreement,cross_modal_disagreement,cross_modal_disagreement-s1009,1009,20.300000,0.927633,43.088147,0.731091,11.632640,2.165007,69.922253,true,true,false
cross_modal_disagreement,cross_modal_disagreement,cross_modal_disagreement-s1009,1009,20.400000,0.943226,46.568293,0.720824,11.617024,2.137086,96.178034,true,true,false
cross_modal_disagreement,cross_modal_disagreement,cross_modal_disagreement-s1009,1009,20.500000,0.956731,48.533502,0.651190,11.663797,2.131191,49.801575,true,true,false
cross_modal_disagreement,cross_modal_disagreement,cross_modal_disagreement-s1009,1009,20.600000,0.946822,45.130395,0.583978,11.702351,2.167151,58.090195,true,true,false
cross_modal_disagreement,cross_modal_disagreement,cross_modal_disagreement-s1009,1009,20.700000,0.921417,48.192978,0.553721,11.713882,2.161117,93.378571,true,true,false
cross_modal_disagreement,cross_modal_disagreement,cross_modal_disagreement-s1009,1009,20.800000,0.937912,48.405022,0.520338,11.731881,2.122774,111.958195,true,true,false
cross_modal_disagreement,cross_modal_disagreement,cross_modal_disagreement-s1009,1009,20.900000,0.949760,51.670310,0.444379,11.623307,2.107020,69.462030,true,true,false
cross_modal_disagreement,cross_modal_disagreement,cross_modal_disagreement-s1009,1009,21.000000,0.946473,48.921784,0.383841,11.725068,2.169528,94.557565,true,true,false
cross_modal_disagreement,cross_modal_disagreement,cross_modal_disagreement-s1009,1009,21.100000,0.941159,54.253283,0.338086,11.669548,2.141084,63.071433,true,true,true
cross_modal_disagreement,cross_modal_disagreement,cross_modal_disagreement-s1009,1009,21.200000,0.948172,56.257724,0.272862,11.632538,2.140975,72.620888,true,true,true
cross_modal_disagreement,cross_modal_disagreement,cross_modal_disagreement-s1009,1009,21.300000,0.936724,50.494980,0.255494,11.624421,2.154722,79.269543,true,true,true
cross_modal_disagreement,cross_modal_disagreement,cross_modal_disagreement-s1009,1009,21.400000,0.923900,57.857620,0.242619,11.625635,2.169396,85.747128,true,true,true
cross_modal_disagreement,cross_modal_disagreement,cross_modal_disagreement-s1009,1009,21.500000,0.929990,36.606974,0.255964,11.735969,2.159264,71.348424,true,true,true
cross_modal_disagreement,cross_modal_disagreement,cross_modal_disagreement-s1009,1009,21.600000,0.929733,55.966698,0.258351,11.756323,2.150763,67.371145,true,true,true
cross_modal_disagreement,cross_modal_disagreement,cross_modal_disagreement-s1009,1009,21.700000,0.950405,57.785239,0.278132,11.763815,2.206312,97.367713,true,true,true
cross_modal_disagreement,cross_modal_disagreement,cross_modal_disagreement-s1009,1009,21.800000,0.931126,42.614825,0.270616,11.766441,2.174857,94.170267,true,true,true
cross_modal_disagreement,cross_modal_disagreement,cross_modal_disagreement-s1009,1009,21.900000,0.943703,47.317942,0.272411,11.774199,2.170499,78.259144,true,true,true
cross_modal_disagreement,cross_modal_disagreement,cross_modal_disagreement-s1009,1009,22.000000,0.956466,45.685309,0.249631,11.724432,2.170471,81.969152,true,true,true
cross_modal_disagreement,cross_modal_disagreement,cross_modal_disagreement-s1009,1009,22.100000,0.946856,39.103726,0.290952,11.738293,2.155524,86.743102,true,true,true
cross_modal_disagreement,cross_modal_disagreement,cross_modal_disagreement-s1009,1009,22.200000,0.937970,64.168129,0.273672,11.712079,2.157209,97.404126,true,true,true
cross_modal_disagreement,cross_modal_disagreement,cross_modal_disagreement-s1009,1009,22.300000,0.948523,41.686542,0.266812,11.685492,2.164171,94.032983,true,true,true
cross_modal_disagreement,cross_modal_disagreement,cross_modal_disagreement-s1009,1009,22.400000,0.934888,53.197094,0.287864,11.818229,2.180366,92.017570,true,true,true
cross_modal_disagreement,cross_modal_disagreement,cross_modal_disagreement-s1009,1009,22.500000,0.925884,35.167112,0.277560,11.687142,2.129704,93.220472,true,true,true
cross_modal_disagreement,cross_modal_disagreement,cross_modal_disagreement-s1009,1009,22.600000,0.952692,39.586252,0.274814,11.823615,2.179399,69.134307,true,true,true
cross_modal_disagreement,cross_modal_disagreement,cross_modal_disagreement-s1009,1009,22.700000,0.956684,48.801295,0.278384,11.759112,2.161910,90.234276,true,true,true
cross_modal_disagreement,cross_modal_disagreement,cross_modal_disagreement-s1009,1009,22.800000,0.925334,43.973620,0.272092,11.786486,2.172436,95.549859,true,true,true
cross_modal_disagreement,cross_modal_disagreement,cross_modal_disagreement-s1009,1009,22.900000,0.952168,51.013158,0.276536,11.855209,2.153869,102.355668,true,true,true
cross_modal_disagreement,cross_modal_disagreement,cross_modal_disagreement-s1009,1009,23.000000,0.949183,54.995478,0.244234,11.742395,2.203587,64.887860,true,true,true
cross_modal_disagreement,cross_modal_disagreement,cross_modal_disagreement-s1009,1009,23.100000,0.931306,43.988679,0.255760,11.903015,2.179780,72.451671,true,true,true
cross_modal_disagreement,cross_modal_disagreement,cross_modal_disagreement-s1009,1009,23.200000,0.943542,50.817955,0.262551,11.877676,2.192064,66.349824,true,true,true
cross_modal_disagreement,cross_modal_disagreement,cross_modal_disagreement-s1009,1009,23.300000,0.931732,44.137552,0.271046,11.800940,2.168444,68.292541,true,true,true
cross_modal_disagreement,cross_modal_disagreement,cross_modal_disagreement-s1009,1009,23.400000,0.951699,58.798618,0.251628,11.898789,2.185074,79.241858,true,true,true
cross_modal_disagreement,cross_modal_disagreement,cross_modal_disagreement-s1009,1009,23.500000,0.930797,32.016694,0.277445,11.801632,2.145878,61.889809,true,true,true
cross_modal_disagreement,cross_modal_disagreement,cross_modal_disagreement-s1009,1009,23.600000,0.931419,50.400365,0.280078,11.893279,2.185958,93.119741,true,true,true
cross_modal_disagreement,cross_modal_disagreement,cross_modal_disagreement-s1009,1009,23.700000,0.948640,50.506006,0.260853,11.870648,2.194802,83.257554,true,true,true
cross_modal_disagreement,cross_modal_disagreement,cross_modal_disagreement-s1009,1009,23.800000,0.959723,52.243949,0.265199,11.859119,2.221826,80.219346,true,true,true
cross_modal_disagreement,cross_modal_disagreement,cross_modal_disagreement-s1009,1009,23.900000,0.927884,39.165686,0.253511,11.872103,2.116398,92.784199,true,true,true
cross_modal_disagreement,cross_modal_disagreement,cross_modal_disagreement-s1009,1009,24.000000,0.934449,54.194354,0.260327,11.921955,2.191124,58.761860,true,true,true
cross_modal_disagreement,cross_modal_disagreement,cross_modal_disagreement-s1009,1009,24.100000,0.955260,58.619485,0.264605,11.917954,2.137313,70.601521,true,true,true
cross_modal_disagreement,cross_modal_disagreement,cross_modal_disagreement-s1009,1009,24.200000,0.938101,38.617490,0.273199,11.874808,2.182766,88.759993,true,true,true
cross_modal_disagreement,cross_modal_disagreement,cross_modal_disagreement-s1009,1009,24.300000,0.938434,43.354395,0.254841,11.978579,2.165996,80.572614,true,true,true
cross_modal_disagreement,cross_modal_disagreement,cross_modal_disagreement-s1009,1009,24.400000,0.933294,43.163989,0.261316,11.892172,2.170996,54.301366,true,true,true
cross_modal_disagreement,cross_modal_disagreement,cross_modal_disagreement-s1009,1009,24.500000,0.946625,40.972597,0.285878,12.017588,2.191470,98.213687,true,true,true
cross_modal_disagreement,cross_modal_disagreement,cross_modal_disagreement-s1009,1009,24.600000,0.928363,52.934514,0.272574,11.980649,2.199264,106.938051,true,true,true
cross_modal_disagreement,cross_modal_disagreement,cross_modal_disagreement-s1009,1009,24.700000,0.943631,39.469864,0.285986,11.964416,2.166258,76.860137,true,true,true
cross_modal_disagreement,cross_modal_disagreement,cross_modal_disagreement-s1009,1009,24.800000,0.952365,35.216710,0.243173,11.992034,2.158327,82.198482,true,true,true
cross_modal_disagreement,cross_modal_disagreement,cross_modal_disagreement-s1009,1009,24.900000,0.952826,50.940972,0.274856,11.938428,2.169904,75.641748,true,true,true
cross_modal_disagreement,cross_modal_disagreement,cross_modal_disagreement-s1009,1009,25.000000,0.937797,45.001976,0.262486,12.020150,2.183065,58.215957,true,true,true
cross_modal_disagreement,cross_modal_disagreement,cross_modal_disagreement-s1009,1009,25.100000,0.929910,28.106325,0.279530,12.055583,2.143475,58.748985,true,true,true
cross_modal_disagreement,cross_modal_disagreement,cross_modal_disagreement-s1009,1009,25.200000,0.940954,53.882471,0.259735,12.057879,2.128063,56.948019,true,true,true
cross_modal_disagreement,cross_modal_disagreement,cross_modal_disagreement-s1009,1009,25.300000,0.929951,61.656101,0.284491,12.018253,2.176494,79.858277,true,true,true
cross_modal_disagreement,cross_modal_disagreement,cross_modal_disagreement-s1009,1009,25.400000,0.927261,57.365431,0.298622,12.034488,2.152316,63.449575,true,true,true
cross_modal_disagreement,cross_modal_disagreement,cross_modal_disagreement-s1009,1009,25.500000,0.952823,56.949188,0.279992,12.020098,2.159549,53.594091,true,true,true
cross_modal_disagreement,cross_modal_disagreement,cross_modal_disagreement-s1009,1009,25.600000,0.936795,38.025902,0.276970,12.074871,2.171658,61.230774,true,true,true
cross_modal_disagreement,cross_modal_disagreement,cross_modal_disagreement-s1009,1009,25.700000,0.926947,41.966028,0.259053,11.964329,2.137429,100.952990,true,true,true
cross_modal_disagreement,cross_modal_disagreement,cross_modal_disagreement-s1009,1009,25.800000,0.944005,57.082754,0.270856,12.078992,2.129128,77.324793,true,true,true
cross_modal_disagreement,cross_modal_disagreement,cross_modal_disagreement-s1009,1009,25.900000,0.936981,48.792373,0.283171,12.049945,2.153919,90.873908,true,true,true
cross_modal_disagreement,cross_modal_disagreement,cross_modal_disagreement-s1009,1009,26.000000,0.937099,51.088653,0.228587,12.075018,2.150614,96.993815,true,true,true
cross_modal_disagreement,cross_modal_disagreement,cross_modal_disagreement-s1009,1009,26.100000,0.951987,38.436678,0.288156,12.087007,2.133452,56.225641,true,true,true
cross_modal_disagreement,cross_modal_disagreement,cross_modal_disagreement-s1009,1009,26.200000,0.942420,46.389108,0.255359,12.135350,2.165836,77.552347,true,true,true
cross_modal_disagreement,cross_modal_disagreement,cross_modal_disagreement-s1009,1009,26.300000,0.930831,45.107294,0.251147,12.083079,2.162292,68.036841,true,true,true
cross_modal_disagreement,cross_modal_disagreement,cross_modal_disagreement-s1009,1009,26.400000,0.926222,40.732261,0.252260,12.038440,2.167528,76.767366,true,true,true
cross_modal_disagreement,cross_modal_disagreement,cross_modal_disagreement-s1009,1009,26.500000,0.935513,46.851101,0.282488,12.096695,2.165687,76.046848,true,true,true
cross_modal_disagreement,cross_modal_disagreement,cross_modal_disagreement-s1009,1009,26.600000,0.940189,51.297078,0.295493,12.187311,2.158628,71.871653,true,true,true
cross_modal_disagreement,cross_modal_disagreement,cross_modal_disagreement-s1009,1009,26.700000,0.942154,52.159485,0.268822,12.168192,2.209260,58.078776,true,true,true
cross_modal_disagreement,cross_modal_disagreement,cross_modal_disagreement-s1009,1009,26.800000,0.942605,52.278008,0.270634,12.139782,2.149084,76.806873,true,true,true
cross_modal_disagreement,cross_modal_disagreement,cross_modal_disagreement-s1009,1009,26.900000,0.939965,65.888418,0.271100,12.085568,2.167182,87.679487,true,true,true
cross_modal_disagreement,cross_modal_disagreement,cross_modal_disagreement-s1009,1009,27.000000,0.957389,53.745155,0.266005,12.160276,2.157991,91.402976,true,true,true
cross_modal_disagreement,cross_modal_disagreement,cross_modal_disagreement-s1009,1009,27.100000,0.964952,52.281154,0.276670,12.133797,2.121191,52.571961,true,true,true
cross_modal_disagreement,cross_modal_disagreement,cross_modal_disagreement-s1009,1009,27.200000,0.926236,52.380843,0.264912,12.204299,2.112022,71.953427,true,true,true
cross_modal_disagreement,cross_modal_disagreement,cross_modal_disagreement-s1009,1009,27.300000,0.952687,56.233599,0.276665,12.211126,2.107981,77.308780,true,true,true
cross_modal_disagreement,cross_modal_disagreement,cross_modal_disagreement-s1009,1009,27.400000,0.955820,43.363576,0.273772,12.183661,2.165128,49.418454,true,true,true
cross_modal_disagreement,cross_modal_disagreement,cross_modal_disagreement-s1009,1009,27.500000,0.926810,50.303940,0.263067,12.172781,2.125135,80.299867,true,true,true
cross_modal_disagreement,cross_modal_disagreement,cross_modal_disagreement-s1009,1009,27.600000,0.938347,47.292695,0.250175,12.216351,2.160582,99.242796,true,true,true
cross_modal_disagreement,cross_modal_disagreement,cross_modal_disagreement-s1009,1009,27.700000,0.955725,45.197421,0.280878,12.194717,2.173061,87.274555,true,true,true
cross_modal_disagreement,cross_modal_disagreement,cross_modal_disagreement-s1009,1009,27.800000,0.942850,57.544393,0.300866,12.212790,2.130049,71.875934,true,true,true
cross_modal_disagreement,cross_modal_disagreement,cross_modal_disagreement-s1009,1009,27.900000,0.936874,47.974859,0.245129,12.266668,2.133640,75.758871,true,true,true
cross_modal_disagreement,cross_modal_disagreement,cross_modal_disagreement-s1009,1009,28.000000,0.937231,36.824397,0.280283,12.320485,2.137664,64.483314,true,true,true
cross_modal_disagreement,cross_modal_disagreement,cross_modal_disagreement-s1009,1009,28.100000,0.930155,41.001733,0.300798,12.260257,2.090343,108.178001,true,true,true
cross_modal_disagreement,cross_modal_disagreement,cross_modal_disagreement-s1009,1009,28.200000,0.943414,58.120528,0.298343,12.331301,2.082202,67.072291,true,true,true
cross_modal_disagreement,cross_modal_disagreement,cross_modal_disagreement-s1009,1009,28.300000,0.938931,44.946202,0.268572,12.316740,2.053441,84.573234,true,true,true
cross_modal_disagreement,cross_modal_disagreement,cross_modal_disagreement-s1009,1009,28.400000,0.951613,47.703669,0.280428,12.242708,2.090412,83.109567,true,true,true
cross_modal_disagreement,cross_modal_disagreement,cross_modal_disagreement-s1009,1009,28.500000,0.940674,49.323692,0.297145,12.275668,2.077749,79.147159,true,true,true
cross_modal_disagreement,cross_modal_disagreement,cross_modal_disagreement-s1009,1009,28.600000,0.968922,45.086425,0.272624,12.273632,2.076905,84.325865,true,true,true
cross_modal_disagreement,cross_modal_disagreement,cross_modal_disagreement-s1009,1009,28.700000,0.947427,51.062906,0.256026,12.338931,2.116893,86.850407,true,true,true
cross_modal_disagreement,cross_modal_disagreement,cross_modal_disagreement-s1009,1009,28.800000,0.960537,47.751672,0.264447,12.208779,2.090619,97.656322,true,true,true
cross_modal_disagreement,cross_modal_disagreement,cross_modal_disagreement-s1009,1009,28.900000,0.940203,41.212308,0.275638,12.306597,2.062396,75.616335,true,true,true
cross_modal_disagreement,cross_modal_disagreement,cross_modal_disagreement-s1009,1009,29.000000,0.941063,52.051047,0.284478,12.351429,2.054462,89.145867,true,true,true
cross_modal_disagreement,cross_modal_disagreement,cross_modal_disagreement-s1009,1009,29.100000,0.937310,53.960392,0.263528,12.257758,2.041598,62.426312,true,true,true
cross_modal_disagreement,cross_modal_disagreement,cross_modal_disagreement-s1009,1009,29.200000,0.925064,66.255662,0.292624,12.281338,2.052957,73.531126,true,true,true
cross_modal_disagreement,cross_modal_disagreement,cross_modal_disagreement-s1009,1009,29.300000,0.940761,47.656976,0.300033,12.279298,2.041721,79.710426,true,true,true
cross_modal_disagreement,cross_modal_disagreement,cross_modal_disagreement-s1009,1009,29.400000,0.954344,35.929833,0.268870,12.291521,2.097037,91.745231,true,true,true
cross_modal_disagreement,cross_modal_disagreement,cross_modal_disagreement-s1009,1009,29.500000,0.926457,57.705789,0.294185,12.336718,2.089213,67.261955,true,true,true
cross_modal_disagreement,cross_modal_disagreement,cross_modal_disagreement-s1009,1009,29.600000,0.919304,56.290705,0.247555,12.382889,2.085875,81.414906,true,true,true
cross_modal_disagreement,cross_modal_disagreement,cross_modal_disagreement-s1009,1009,29.700000,0.956327,52.218751,0.267509,12.341220,2.034580,42.568689,true,true,true
cross_modal_disagreement,cross_modal_disagreement,cross_modal_disagreement-s1009,1009,29.800000,0.931669,55.727939,0.263840,12.393391,2.106421,74.144455,true,true,true
cross_modal_disagreement,cross_modal_disagreement,cross_modal_disagreement-s1009,1009,29.900000,0.936011,40.125374,0.265314,12.297862,1.981209,92.104393,true,true,true
cross_modal_disagreement,cross_modal_disagreement,cross_modal_disagreement-s1009,1009,30.000000,0.924313,37.791816,0.264369,12.304710,2.077485,51.604279,true,true,true
cross_modal_disagreement,cross_modal_disagreement,cross_modal_disagreement-s1009,1009,30.100000,0.925152,49.451707,0.276808,12.309548,2.065753,95.604770,true,true,true
cross_modal_disagreement,cross_modal_disagreement,cross_modal_disagreement-s1009,1009,30.200000,0.930067,55.394301,0.244717,12.350596,2.040051,94.724256,true,true,true
cross_modal_disagreement,cross_modal_disagreement,cross_modal_disagreement-s1009,1009,30.300000,0.938249,37.961426,0.278745,12.362324,2.058625,67.254282,true,true,true
cross_modal_disagreement,cross_modal_disagreement,cross_modal_disagreement-s1009,1009,30.400000,0.925936,32.712150,0.271189,12.355704,2.064748,86.655794,true,true,true
cross_modal_disagreement,cross_modal_disagreement,cross_modal_disagreement-s1009,1009,30.500000,0.940555,49.411246,0.290956,12.371499,2.055697,69.064623,true,true,true
cross_modal_disagreement,cross_modal_disagreement,cross_modal_disagreement-s1009,1009,30.600000,0.945777,53.969897,0.273043,12.306996,2.013668,77.135218,true,true,true
cross_modal_disagreement,cross_modal_disagreement,cross_modal_disagreement-s1009,1009,30.700000,0.930206,53.384659,0.284824,12.353574,2.015036,92.225323,true,true,true
cross_modal_disagreement,cross_modal_disagreement,cross_modal_disagreement-s1009,1009,30.800000,0.956293,44.903486,0.261798,12.333513,2.072231,92.087198,true,true,true
cross_modal_disagreement,cross_modal_disagreement,cross_modal_disagreement-s1009,1009,30.900000,0.935205,50.315117,0.258049,12.424466,2.064133,67.670358,true,true,true
cross_modal_disagreement,cross_modal_disagreement,cross_modal_disagreement-s1009,1009,31.000000,0.924648,51.012519,0.255482,12.358923,2.009613,70.732849,true,true,true
cross_modal_disagreement,cross_modal_disagreement,cross_modal_disagreement-s1009,1009,31.100000,0.944827,46.897821,0.284657,12.328547,2.028300,79.683014,true,true,true
cross_modal_disagreement,cross_modal_disagreement,cross_modal_disagreement-s1009,1009,31.200000,0.922668,56.510353,0.292533,12.350454,2.055425,79.458140,true,true,true
cross_modal_disagreement,cross_modal_disagreement,cross_modal_disagreement-s1009,1009,31.300000,0.944233,52.746238,0.265886,12.356275,2.012936,82.831615,true,true,true
cross_modal_disagreement,cross_modal_disagreement,cross_modal_disagreement-s1009,1009,31.400000,0.943939,46.158408,0.273042,12.331175,2.073297,62.843782,true,true,true
cross_modal_disagreement,cross_modal_disagreement,cross_modal_disagreement-s1009,1009,31.500000,0.948956,49.181622,0.269946,12.405161,2.011588,81.287668,true,true,true
cross_modal_disagreement,cross_modal_disagreement,cross_modal_disagreement-s1009,1009,31.600000,0.949617,34.770253,0.258667,12.364207,1.994852,72.453638,true,true,true
cross_modal_disagreement,cross_modal_disagreement,cross_modal_disagreement-s1009,1009,31.700000,0.946614,51.260287,0.287760,12.308376,1.994269,58.188208,true,true,true
cross_modal_disagreement,cross_modal_disagreement,cross_modal_disagreement-s1009,1009,31.800000,0.942263,45.431223,0.272245,12.361010,2.021095,61.799417,true,true,true
cross_modal_disagreement,cross_modal_disagreement,cross_modal_disagreement-s1009,1009,31.900000,0.966748,59.085195,0.273298,12.404831,2.034582,42.413845,true,true,true
cross_modal_disagreement,cross_modal_disagreement,cross_modal_disagreement-s1009,1009,32.000000,0.952960,50.727909,0.251927,12.329833,1.996327,74.417588,true,true,true
cross_modal_disagreement,cross_modal_disagreement,cross_modal_disagreement-s1009,1009,32.100000,0.943798,39.168385,0.242048,12.328631,2.001521,73.803151,true,true,true
cross_modal_disagreement,cross_modal_disagreement,cross_modal_disagreement-s1009,1009,32.200000,0.931513,39.760749,0.273613,12.381418,1.985121,63.591900,true,true,true
cross_modal_disagreement,cross_modal_disagreement,cross_modal_disagreement-s1009,1009,32.300000,0.958939,44.663366,0.295169,12.359053,2.036167,74.753860,true,true,true
cross_modal_disagreement,cross_modal_disagreement,cross_modal_disagreement-s1009,1009,32.400000,0.952519,50.307080,0.258531,12.331357,1.997045,78.969698,true,true,true
cross_modal_disagreement,cross_modal_disagreement,cross_modal_disagreement-s1009,1009,32.500000,0.938321,43.898212,0.259944,12.314250,2.033785,77.538711,true,true,true
cross_modal_disagreement,cross_modal_disagreement,cross_modal_disagreement-s1009,1009,32.600000,0.931171,65.131492,0.238693,12.308989,2.017227,72.680884,true,true,true
cross_modal_disagreement,cross_modal_disagreement,cross_modal_disagreement-s1009,1009,32.700000,0.948079,35.815391,0.277096,12.312637,2.073494,77.098456,true,true,true
cross_modal_disagreement,cross_modal_disagreement,cross_modal_disagreement-s1009,1009,32.800000,0.937516,52.967695,0.279967,12.372182,2.021201,95.440806,true,true,true
cross_modal_disagreement,cross_modal_disagreement,cross_modal_disagreement-s1009,1009,32.900000,0.951073,34.395446,0.246005,12.332505,2.036247,73.111020,true,true,true
cross_modal_disagreement,cross_modal_disagreement,cross_modal_disagreement-s1009,1009,33.000000,0.945118,53.698400,0.236018,12.345064,2.036788,82.982281,true,true,true
cross_modal_disagreement,cross_modal_disagreement,cross_modal_disagreement-s1009,1009,33.100000,0.941698,45.416305,0.252695,12.238901,2.026607,79.635465,true,true,true
cross_modal_disagreement,cross_modal_disagreement,cross_modal_disagreement-s1009,1009,33.200000,0.944653,45.385217,0.262970,12.331183,2.026304,83.079480,true,true,true
cross_modal_disagreement,cross_modal_disagreement,cross_modal_disagreement-s1009,1009,33.300000,0.954086,45.524433,0.280650,12.297441,2.024269,66.008036,true,true,true
cross_modal_disagreement,cross_modal_disagreement,cross_modal_disagreement-s1009,1009,33.400000,0.931421,48.918772,0.280684,12.339927,2.026648,87.112467,true,true,true
cross_modal_disagreement,cross_modal_disagreement,cross_modal_disagreement-s1009,1009,33.500000,0.938526,38.658634,0.273020,12.263233,2.060173,84.858989,true,true,true
cross_modal_disagreement,cross_modal_disagreement,cross_modal_disagreement-s1009,1009,33.600000,0.960375,50.556222,0.257081,12.297661,2.063932,102.630701,true,true,true
cross_modal_disagreement,cross_modal_disagreement,cross_modal_disagreement-s1009,1009,33.700000,0.954201,51.023221,0.276193,12.343369,2.014602,88.332170,true,true,true
cross_modal_disagreement,cross_modal_disagreement,cross_modal_disagreement-s1009,1009,33.800000,0.948295,52.929143,0.267978,12.292281,2.005727,50.324796,true,true,true
cross_modal_disagreement,cross_modal_disagreement,cross_modal_disagreement-s1009,1009,33.900000,0.948490,53.442211,0.292287,12.265785,2.032842,65.222784,true,true,true
cross_modal_disagreement,cross_modal_disagreement,cross_modal_disagreement-s1009,1009,34.000000,0.958300,49.985120,0.286076,12.240340,2.065014,78.575103,true,true,true
cross_modal_disagreement,cross_modal_disagreement,cross_modal_disagreement-s1009,1009,34.100000,0.951436,58.358827,0.250721,12.278282,1.999399,106.472606,true,true,true
cross_modal_disagreement,cross_modal_disagreement,cross_modal_disagreement-s1009,1009,34.200000,0.943146,44.890195,0.296517,12.231397,2.053423,63.170570,true,true,true
cross_modal_disagreement,cross_modal_disagreement,cross_modal_disagreement-s1009,1009,34.300000,0.946480,52.818219,0.279139,12.306551,2.013835,63.894019,true,true,true
cross_modal_disagreement,cross_modal_disagreement,cross_modal_disagreement-s1009,1009,34.400000,0.939114,33.597989,0.250023,12.296021,2.016397,74.936240,true,true,true
cross_modal_disagreement,cross_modal_disagreement,cross_modal_disagreement-s1009,1009,34.500000,0.945336,57.181401,0.275516,12.233155,2.087014,101.205029,true,true,true
cross_modal_disagreement,cross_modal_disagreement,cross_modal_disagreement-s1009,1009,34.600000,0.943240,48.858337,0.288965,12.241561,2.011416,86.475950,true,true,true
cross_modal_disagreement,cross_modal_disagreement,cross_modal_disagreement-s1009,1009,34.700000,0.930039,64.182623,0.261222,12.254978,1.982151,59.830222,true,true,true
cross_modal_disagreement,cross_modal_disagreement,cross_modal_disagreement-s1009,1009,34.800000,0.937474,42.641234,0.267705,12.209053,2.039029,78.292669,true,true,true
cross_modal_disagreement,cross_modal_disagreement,cross_modal_disagreement-s1009,1009,34.900000,0.944377,43.893502,0.254250,12.232114,2.066951,92.383234,true,true,true
cross_modal_disagreement,cross_modal_disagreement,cross_modal_disagreement-s1009,1009,35.000000,0.950768,58.267865,0.288189,12.114970,2.046942,72.582989,true,true,true
cross_modal_disagreement,cross_modal_disagreement,cross_modal_disagreement-s1009,1009,35.100000,0.955670,48.701545,0.296350,12.305172,2.057597,63.897383,true,true,true
cross_modal_disagreement,cross_modal_disagreement,cross_modal_disagreement-s1009,1009,35.200000,0.933144,44.119258,0.265396,12.190281,2.069052,74.908921,true,true,true
cross_modal_disagreement,cross_modal_disagreement,cross_modal_disagreement-s1009,1009,35.300000,0.948732,44.682312,0.263251,12.260398,2.024277,58.798237,true,true,true
cross_modal_disagreement,cross_modal_disagreement,cross_modal_disagreement-s1009,1009,35.400000,0.933272,51.026131,0.277919,12.231496,2.081934,39.455743,true,true,true
cross_modal_disagreement,cross_modal_disagreement,cross_modal_disagreement-s1009,1009,35.500000,0.937505,46.950896,0.274374,12.181599,2.006421,92.655147,true,true,true
cross_modal_disagreement,cross_modal_disagreement,cross_modal_disagreement-s1009,1009,35.600000,0.933223,39.005090,0.261024,12.177695,2.037752,64.075019,true,true,true
cross_modal_disagreement,cross_modal_disagreement,cross_modal_disagreement-s1009,1009,35.700000,0.936798,48.801012,0.264570,12.189059,2.049782,83.207779,true,true,true
cross_modal_disagreement,cross_modal_disagreement,cross_modal_disagreement-s1009,1009,35.800000,0.941913,47.412691,0.270856,12.206298,2.045621,93.836221,true,true,true
cross_modal_disagreement,cross_modal_disagreement,cross_modal_disagreement-s1009,1009,35.900000,0.946974,47.955426,0.276320,12.154027,2.094014,93.233759,true,true,true
cross_modal_disagreement,cross_modal_disagreement,cross_modal_disagreement-s1009,1009,36.000000,0.937645,45.584509,0.257941,12.212083,2.062408,96.061101,true,true,true
cross_modal_disagreement,cross_modal_disagreement,cross_modal_disagreement-s1009,1009,36.100000,0.951706,47.671139,0.273118,12.077542,2.001782,65.024489,true,true,true
cross_modal_disagreement,cross_modal_disagreement,cross_modal_disagreement-s1009,1009,36.200000,0.933701,52.122058,0.236189,12.148643,2.051085,64.549062,true,true,true
cross_modal_disagreement,cross_modal_disagreement,cross_modal_disagreement-s1009,1009,36.300000,0.940473,51.086203,0.262737,12.014839,2.036349,70.538231,true,true,true
cross_modal_disagreement,cross_modal_disagreement,cross_modal_disagreement-s1009,1009,36.400000,0.950126,44.666084,0.276182,12.123971,2.105947,111.046804,true,true,true
cross_modal_disagreement,cross_modal_disagreement,cross_modal_disagreement-s1009,1009,36.500000,0.910049,41.509663,0.252402,12.117636,2.073742,94.426754,true,true,true
cross_modal_disagreement,cross_modal_disagreement,cross_modal_disagreement-s1009,1009,36.600000,0.912397,44.735291,0.280656,12.214712,2.070275,101.999452,true,true,true
cross_modal_disagreement,cross_modal_disagreement,cross_modal_disagreement-s1009,1009,36.700000,0.925853,35.318119,0.268356,12.097527,2.034979,78.879874,true,true,true
cross_modal_disagreement,cross_modal_disagreement,cross_modal_disagreement-s1009,1009,36.800000,0.948374,58.171376,0.280212,12.010910,2.101825,94.152525,true,true,true
cross_modal_disagreement,cross_modal_disagreement,cross_modal_disagreement-s1009,1009,36.900000,0.925742,42.494040,0.264106,12.068227,2.118414,83.958429,true,true,true
cross_modal_disagreement,cross_modal_disagreement,cross_modal_disagreement-s1009,1009,37.000000,0.937990,51.493415,0.256573,12.058611,2.084317,81.855130,true,true,true
cross_modal_disagreement,cross_modal_disagreement,cross_modal_disagreement-s1009,1009,37.100000,0.915924,53.000761,0.299851,12.031725,2.128194,62.344598,true,true,true
cross_modal_disagreement,cross_modal_disagreement,cross_modal_disagreement-s1009,1009,37.200000,0.953988,56.327418,0.310780,12.057708,2.127528,62.781532,true,true,true
cross_modal_disagreement,cross_modal_disagreement,cross_modal_disagreement-s1009,1009,37.300000,0.942364,42.432962,0.281123,12.021716,2.106782,109.185925,true,true,true
cross_modal_disagreement,cross_modal_disagreement,cross_modal_disagreement-s1009,1009,37.400000,0.924658,47.215711,0.254683,12.063038,2.114416,59.834548,true,true,true
cross_modal_disagreement,cross_modal_disagreement,cross_modal_disagreement-s1009,1009,37.500000,0.934845,52.776740,0.287983,12.035837,2.105966,83.385618,true,true,true
cross_modal_disagreement,cross_modal_disagreement,cross_modal_disagreement-s1009,1009,37.600000,0.934175,51.533078,0.264947,12.036490,2.020550,68.581958,true,true,true
cross_modal_disagreement,cross_modal_disagreement,cross_modal_disagreement-s1009,1009,37.700000,0.932674,49.497468,0.272071,12.007551,2.109506,63.631059,true,true,true
cross_modal_disagreement,cross_modal_disagreement,cross_modal_disagreement-s1009,1009,37.800000,0.941934,47.640480,0.255977,11.983109,2.093808,93.756013,true,true,true
cross_modal_disagreement,cross_modal_disagreement,cross_modal_disagreement-s1009,1009,37.900000,0.926343,40.566163,0.233535,11.952864,2.144092,70.309593,true,true,true
cross_modal_disagreement,cross_modal_disagreement,cross_modal_disagreement-s1009,1009,38.000000,0.939420,46.739652,0.238155,11.948335,2.102152,77.282949,true,true,true
cross_modal_disagreement,cross_modal_disagreement,cross_modal_disagreement-s1009,1009,38.100000,0.950323,36.692645,0.278721,11.992896,2.083124,92.078431,true,true,true
cross_modal_disagreement,cross_modal_disagreement,cross_modal_disagreement-s1009,1009,38.200000,0.929375,44.227559,0.274310,11.953482,2.121206,86.405963,true,true,true
cross_modal_disagreement,cross_modal_disagreement,cross_modal_disagreement-s1009,1009,38.300000,0.958356,46.454085,0.273362,11.989697,2.134943,79.982718,true,true,true
cross_modal_disagreement,cross_modal_disagreement,cross_modal_disagreement-s1009,1009,38.400000,0.949087,44.807107,0.247076,11.986159,2.119163,99.240485,true,true,true
cross_modal_disagreement,cross_modal_disagreement,cross_modal_disagreement-s1009,1009,38.500000,0.928463,42.276139,0.280883,11.943920,2.102305,118.011290,true,true,true
cross_modal_disagreement,cross_modal_disagreement,cross_modal_disagreement-s1009,1009,38.600000,0.932721,56.334175,0.266235,11.941352,2.123095,64.848062,true,true,true
cross_modal_disagreement,cross_modal_disagreement,cross_modal_disagreement-s1009,1009,38.700000,0.920028,56.986462,0.254455,11.912003,2.150892,77.488107,true,true,true
cross_modal_disagreement,cross_modal_disagreement,cross_modal_disagreement-s1009,1009,38.800000,0.945086,54.939022,0.286600,11.835777,2.111212,85.742973,true,true,true
cross_modal_disagreement,cross_modal_disagreement,cross_modal_disagreement-s1009,1009,38.900000,0.935711,32.411020,0.286621,11.902166,2.086473,90.716348,true,true,true
cross_modal_disagreement,cross_modal_disagreement,cross_modal_disagreement-s1009,1009,39.000000,0.949698,45.281338,0.230278,11.925327,2.161454,79.491047,true,true,true
cross_modal_disagreement,cross_modal_disagreement,cross_modal_disagreement-s1009,1009,39.100000,0.951038,55.657556,0.283325,11.902429,2.122957,105.658494,true,true,true
cross_modal_disagreement,cross_modal_disagreement,cross_modal_disagreement-s1009,1009,39.200000,0.926648,46.466342,0.276469,11.913120,2.138647,86.840120,true,true,true
cross_modal_disagreement,cross_modal_disagreement,cross_modal_disagreement-s1009,1009,39.300000,0.949276,43.148263,0.274033,11.976339,2.142206,70.113985,true,true,true
cross_modal_disagreement,cross_modal_disagreement,cross_modal_disagreement-s1009,1009,39.400000,0.950314,38.963689,0.278361,11.820433,2.109521,91.490745,true,true,true
cross_modal_disagreement,cross_modal_disagreement,cross_modal_disagreement-s1009,1009,39.500000,0.924843,50.809947,0.295853,11.885681,2.186706,87.614084,true,true,true
cross_modal_disagreement,cross_modal_disagreement,cross_modal_disagreement-s1009,1009,39.600000,0.944303,49.134379,0.266527,11.810847,2.122690,89.029739,true,true,true
cross_modal_disagreement,cross_modal_disagreement,cross_modal_disagreement-s1009,1009,39.700000,0.948895,41.657921,0.271267,11.805605,2.172089,54.425913,true,true,true
cross_modal_disagreement,cross_modal_disagreement,cross_modal_disagreement-s1009,1009,39.800000,0.951654,48.821167,0.266109,11.760745,2.136658,98.241162,true,true,true
cross_modal_disagreement,cross_modal_disagreement,cross_modal_disagreement-s1009,1009,39.900000,0.964101,39.897492,0.267781,11.782969,2.167447,84.979035,true,true,true
cross_modal_disagreement,cross_modal_disagreement,cross_modal_disagreement-s1009,1009,40.000000,0.930836,56.797718,0.269095,11.844979,2.147781,78.676345,true,true,true
cross_modal_disagreement,cross_modal_disagreement,cross_modal_disagreement-s1009,1009,40.100000,0.965625,44.769608,0.255900,11.787210,2.132192,76.439327,true,true,true
cross_modal_disagreement,cross_modal_disagreement,cross_modal_disagreement-s1009,1009,40.200000,0.930178,48.936946,0.267502,11.789207,2.190212,63.389290,true,true,true
cross_modal_disagreement,cross_modal_disagreement,cross_modal_disagreement-s1009,1009,40.300000,0.922849,40.472627,0.261148,11.821455,2.154296,77.728841,true,true,true
cross_modal_disagreement,cross_modal_disagreement,cross_modal_disagreement-s1009,1009,40.400000,0.934985,47.638940,0.259261,11.796180,2.159448,79.819012,true,true,true
cross_modal_disagreement,cross_modal_disagreement,cross_modal_disagreement-s1009,1009,40.500000,0.936825,43.301190,0.287594,11.689612,2.163816,62.786906,true,true,true
cross_modal_disagreement,cross_modal_disagreement,cross_modal_disagreement-s1009,1009,40.600000,0.953055,50.601676,0.262309,11.768771,2.140459,87.504978,true,true,true
cross_modal_disagreement,cross_modal_disagreement,cross_modal_disagreement-s1009,1009,40.700000,0.955197,46.011101,0.268483,11.698115,2.124808,78.125330,true,true,true
cross_modal_disagreement,cross_modal_disagreement,cross_modal_disagreement-s1009,1009,40.800000,0.945381,36.422925,0.254907,11.781495,2.153736,92.747565,true,true,true
cross_modal_disagreement,cross_modal_disagreement,cross_modal_disagreement-s1009,1009,40.900000,0.944809,46.232259,0.271194,11.766902,2.188150,85.646248,true,true,true
cross_modal_disagreement,cross_modal_disagreement,cross_modal_disagreement-s1009,1009,41.000000,0.916131,55.076344,0.274410,11.735543,2.183613,73.092520,true,true,true
cross_modal_disagreement,cross_modal_disagreement,cross_modal_disagreement-s1009,1009,41.100000,0.948707,48.211210,0.254154,11.722002,2.150835,87.485748,true,true,true
cross_modal_disagreement,cross_modal_disagreement,cross_modal_disagreement-s1009,1009,41.200000,0.931322,49.313666,0.282660,11.827125,2.130823,105.192172,true,true,true
cross_modal_disagreement,cross_modal_disagreement,cross_modal_disagreement-s1009,1009,41.300000,0.933439,59.004001,0.265016,11.744810,2.169141,61.828236,true,true,true
cross_modal_disagreement,cross_modal_disagreement,cross_modal_disagreement-s1009,1009,41.400000,0.947394,48.888428,0.269139,11.701786,2.174696,68.865042,true,true,true
cross_modal_disagreement,cross_modal_disagreement,cross_modal_disagreement-s1009,1009,41.500000,0.931624,41.484196,0.263492,11.732205,2.197223,60.128699,true,true,true
cross_modal_disagreement,cross_modal_disagreement,cross_modal_disagreement-s1009,1009,41.600000,0.936556,40.222149,0.278692,11.692143,2.172419,73.807845,true,true,true
cross_modal_disagreement,cross_modal_disagreement,cross_modal_disagreement-s1009,1009,41.700000,0.939884,52.478558,0.268171,11.702184,2.185249,66.438613,true,true,true
cross_modal_disagreement,cross_modal_disagreement,cross_modal_disagreement-s1009,1009,41.800000,0.938727,53.444013,0.269955,11.703248,2.152938,70.785535,true,true,true
cross_modal_disagreement,cross_modal_disagreement,cross_modal_disagreement-s1009,1009,41.900000,0.930568,40.978254,0.255609,11.684557,2.170927,105.671107,true,true,true
cross_modal_disagreement,cross_modal_disagreement,cross_modal_disagreement-s1009,1009,42.000000,0.934707,42.383930,0.233096,11.657475,2.162766,59.617323,true,true,true
cross_modal_disagreement,cross_modal_disagreement,cross_modal_disagreement-s1009,1009,42.100000,0.941164,28.992995,0.269929,11.713717,2.170456,69.383284,true,true,true
cross_modal_disagreement,cross_modal_disagreement,cross_modal_disagreement-s1009,1009,42.200000,0.941691,62.916281,0.259096,11.607601,2.188520,76.965384,true,true,true
cross_modal_disagreement,cross_modal_disagreement,cross_modal_disagreement-s1009,1009,42.300000,0.941484,52.193101,0.292849,11.636293,2.137188,72.384965,true,true,true
cross_modal_disagreement,cross_modal_disagreement,cross_modal_disagreement-s1009,1009,42.400000,0.934460,50.694958,0.270692,11.685805,2.206759,66.860535,true,true,true
cross_modal_disagreement,cross_modal_disagreement,cross_modal_disagreement-s1009,1009,42.500000,0.936297,45.761594,0.280897,11.671533,2.181234,94.670775,true,true,true
cross_modal_disagreement,cross_modal_disagreement,cross_modal_disagreement-s1009,1009,42.600000,0.943652,45.213202,0.269028,11.639783,2.170104,67.943414,true,true,true
cross_modal_disagreement,cross_modal_disagreement,cross_modal_disagreement-s1009,1009,42.700000,0.950609,55.399362,0.295764,11.731369,2.180400,82.843746,true,true,true
cross_modal_disagreement,cross_modal_disagreement,cross_modal_disagreement-s1009,1009,42.800000,0.938007,43.105264,0.277674,11.711396,2.177427,89.003674,true,true,true
cross_modal_disagreement,cross_modal_disagreement,cross_modal_disagreement-s1009,1009,42.900000,0.940329,43.677437,0.281562,11.704564,2.100826,92.739040,true,true,true
cross_modal_disagreement,cross_modal_disagreement,cross_modal_disagreement-s1009,1009,43.000000,0.957626,43.359768,0.304996,11.730599,2.167330,87.690999,true,true,true
cross_modal_disagreement,cross_modal_disagreement,cross_modal_disagreement-s1009,1009,43.100000,0.928370,43.272913,0.224343,11.649342,2.195015,76.445550,true,true,true
cross_modal_disagreement,cross_modal_disagreement,cross_modal_disagreement-s1009,1009,43.200000,0.944720,49.784561,0.265955,11.677401,2.194021,63.149109,true,true,true
cross_modal_disagreement,cross_modal_disagreement,cross_modal_disagreement-s1009,1009,43.300000,0.943162,50.072492,0.265149,11.609014,2.147804,73.470881,true,true,true
cross_modal_disagreement,cross_modal_disagreement,cross_modal_disagreement-s1009,1009,43.400000,0.945554,55.032955,0.253426,11.561132,2.180002,71.911251,true,true,true
cross_modal_disagreement,cross_modal_disagreement,cross_modal_disagreement-s1009,1009,43.500000,0.937767,38.970090,0.275942,11.611048,2.230280,75.987010,true,true,true
cross_modal_disagreement,cross_modal_disagreement,cross_modal_disagreement-s1009,1009,43.600000,0.935898,46.649367,0.266128,11.675558,2.186999,80.871665,true,true,true
cross_modal_disagreement,cross_modal_disagreement,cross_modal_disagreement-s1009,1009,43.700000,0.951114,45.498942,0.268578,11.609362,2.187854,59.509374,true,true,true
cross_modal_disagreement,cross_modal_disagreement,cross_modal_disagreement-s1009,1009,43.800000,0.941868,54.343927,0.262005,11.676871,2.168642,86.138214,true,true,true
cross_modal_disagreement,cross_modal_disagreement,cross_modal_disagreement-s1009,1009,43.900000,0.947190,32.037512,0.259930,11.642207,2.120210,114.521016,true,true,true
cross_modal_disagreement,cross_modal_disagreement,cross_modal_disagreement-s1009,1009,44.000000,0.945278,52.294675,0.260912,11.706640,2.209997,99.995270,true,true,true
cross_modal_disagreement,cross_modal_disagreement,cross_modal_disagreement-s1009,1009,44.100000,0.938574,47.032827,0.265314,11.693165,2.181785,69.231857,true,true,true
cross_modal_disagreement,cross_modal_disagreement,cross_modal_disagreement-s1009,1009,44.200000,0.949766,41.066199,0.306219,11.728287,2.175493,72.602197,true,true,true
cross_modal_disagreement,cross_modal_disagreement,cross_modal_disagreement-s1009,1009,44.300000,0.955626,45.723733,0.254230,11.661096,2.179072,103.930647,true,true,true
cross_modal_disagreement,cross_modal_disagreement,cross_modal_disagreement-s1009,1009,44.400000,0.933327,46.377916,0.249270,11.647749,2.172497,71.115629,true,true,true
cross_modal_disagreement,cross_modal_disagreement,cross_modal_disagreement-s1009,1009,44.500000,0.925925,49.645659,0.259276,11.691997,2.183692,74.319578,true,true,true
cross_modal_disagreement,cross_modal_disagreement,cross_modal_disagreement-s1009,1009,44.600000,0.951868,46.365552,0.259332,11.648584,2.146381,89.276597,true,true,true
cross_modal_disagreement,cross_modal_disagreement,cross_modal_disagreement-s1009,1009,44.700000,0.934332,32.057075,0.260643,11.684193,2.146119,76.041738,true,true,true
cross_modal_disagreement,cross_modal_disagreement,cross_modal_disagreement-s1009,1009,44.800000,0.934715,40.403562,0.258822,11.598507,2.123280,64.645680,true,true,true
cross_modal_disagreement,cross_modal_disagreement,cross_modal_disagreement-s1009,1009,44.900000,0.953444,53.860263,0.272945,11.629576,2.158558,59.685939,true,true,true
cross_modal_disagreement,cross_modal_disagreement,cross_modal_disagreement-s1009,1009,45.000000,0.948074,56.222812,0.268660,11.658697,2.147014,76.419569,true,true,true
cross_modal_disagreement,cross_modal_disagreement,cross_modal_disagreement-s1009,1009,45.100000,0.951864,51.091204,0.252938,11.640931,2.160154,49.783061,true,true,true
cross_modal_disagreement,cross_modal_disagreement,cross_modal_disagreement-s1009,1009,45.200000,0.922115,51.852759,0.265034,11.637847,2.138382,60.533722,true,true,true
cross_modal_disagreement,cross_modal_disagreement,cross_modal_disagreement-s1009,1009,45.300000,0.959307,41.212518,0.239668,11.653266,2.126746,87.001253,true,true,true
cross_modal_disagreement,cross_modal_disagreement,cross_modal_disagreement-s1009,1009,45.400000,0.936471,46.416596,0.273008,11.675947,2.133730,92.391305,true,true,true
cross_modal_disagreement,cross_modal_disagreement,cross_modal_disagreement-s1009,1009,45.500000,0.956488,48.419998,0.295024,11.603436,2.163903,82.841231,true,true,true
cross_modal_disagreement,cross_modal_disagreement,cross_modal_disagreement-s1009,1009,45.600000,0.943157,52.934392,0.291757,11.706539,2.097125,69.526610,true,true,true
cross_modal_disagreement,cross_modal_disagreement,cross_modal_disagreement-s1009,1009,45.700000,0.935982,53.912637,0.271434,11.715044,2.147484,97.484820,true,true,true
cross_modal_disagreement,cross_modal_disagreement,cross_modal_disagreement-s1009,1009,45.800000,0.947403,51.551382,0.290266,11.670897,2.125635,65.879562,true,true,true
cross_modal_disagreement,cross_modal_disagreement,cross_modal_disagreement-s1009,1009,45.900000,0.949065,59.712005,0.303023,11.688796,2.157006,106.598746,true,true,true
cross_modal_disagreement,cross_modal_disagreement,cross_modal_disagreement-s1009,1009,46.000000,0.932854,40.788132,0.287783,11.678863,2.134158,96.225508,true,true,true
cross_modal_disagreement,cross_modal_disagreement,cross_modal_disagreement-s1009,1009,46.100000,0.923975,53.075092,0.266440,11.757579,2.124602,83.137629,true,true,true
cross_modal_disagreement,cross_modal_disagreement,cross_modal_disagreement-s1009,1009,46.200000,0.941583,45.559207,0.287862,11.611056,2.083787,98.658836,true,true,true
cross_modal_disagreement,cross_modal_disagreement,cross_modal_disagreement-s1009,1009,46.300000,0.912626,44.407551,0.277710,11.631715,2.115727,54.266362,true,true,true
cross_modal_disagreement,cross_modal_disagreement,cross_modal_disagreement-s1009,1009,46.400000,0.938387,40.217510,0.281570,11.699563,2.167792,104.557538,true,true,true
cross_modal_disagreement,cross_modal_disagreement,cross_modal_disagreement-s1009,1009,46.500000,0.941230,45.554072,0.247939,11.716186,2.134116,73.373267,true,true,true
cross_modal_disagreement,cross_modal_disagreement,cross_modal_disagreement-s1009,1009,46.600000,0.941481,47.470797,0.273544,11.803849,2.095425,76.755079,true,true,true
cross_modal_disagreement,cross_modal_disagreement,cross_modal_disagreement-s1009,1009,46.700000,0.946552,40.758226,0.253042,11.743827,2.082100,65.047137,true,true,true
cross_modal_disagreement,cross_modal_disagreement,cross_modal_disagreement-s1009,1009,46.800000,0.944628,53.587527,0.271719,11.753435,2.103532,75.379063,true,true,true
cross_modal_disagreement,cross_modal_disagreement,cross_modal_disagreement-s1009,1009,46.900000,0.931900,49.303305,0.281226,11.694297,2.142445,75.054218,true,true,true
cross_modal_disagreement,cross_modal_disagreement,cross_modal_disagreement-s1009,1009,47.000000,0.939590,45.879067,0.269539,11.795769,2.105231,90.127246,true,true,true
cross_modal_disagreement,cross_modal_disagreement,cross_modal_disagreement-s1009,1009,47.100000,0.936213,33.946238,0.270733,11.794279,2.118384,82.834381,true,true,true
cross_modal_disagreement,cross_modal_disagreement,cross_modal_disagreement-s1009,1009,47.200000,0.931112,44.801690,0.268230,11.809597,2.118037,71.901281,true,true,true
cross_modal_disagreement,cross_modal_disagreement,cross_modal_disagreement-s1009,1009,47.300000,0.951547,57.520318,0.278321,11.783514,2.078786,55.512112,true,true,true
cross_modal_disagreement,cross_modal_disagreement,cross_modal_disagreement-s1009,1009,47.400000,0.923900,56.953612,0.257667,11.765647,2.103622,85.266915,true,true,true
cross_modal_disagreement,cross_modal_disagreement,cross_modal_disagreement-s1009,1009,47.500000,0.922874,53.200035,0.277285,11.763875,2.127169,96.851336,true,true,true
cross_modal_disagreement,cross_modal_disagreement,cross_modal_disagreement-s1009,1009,47.600000,0.952824,58.351929,0.262302,11.778986,2.144667,63.914841,true,true,true
cross_modal_disagreement,cross_modal_disagreement,cross_modal_disagreement-s1009,1009,47.700000,0.966077,48.205386,0.233302,11.799006,2.083930,83.577786,true,true,true
cross_modal_disagreement,cross_modal_disagreement,cross_modal_disagreement-s1009,1009,47.800000,0.939051,56.584800,0.276612,11.757150,2.104441,105.985447,true,true,true
cross_modal_disagreement,cross_modal_disagreement,cross_modal_disagreement-s1009,1009,47.900000,0.944432,54.623169,0.254505,11.804514,2.051561,73.036832,true,true,true
cross_modal_disagreement,cross_modal_disagreement,cross_modal_disagreement-s1009,1009,48.000000,0.910353,50.892323,0.261571,11.779294,2.039533,67.852652,true,true,true
cross_modal_disagreement,cross_modal_disagreement,cross_modal_disagreement-s1009,1009,48.100000,0.945853,58.593507,0.254079,11.848525,2.061521,85.633246,true,true,true
cross_modal_disagreement,cross_modal_disagreement,cross_modal_disagreement-s1009,1009,48.200000,0.941707,52.909860,0.245053,11.843940,2.069966,52.284374,true,true,true
cross_modal_disagreement,cross_modal_disagreement,cross_modal_disagreement-s1009,1009,48.300000,0.945370,58.828370,0.278027,11.831422,2.035144,78.266613,true,true,true
cross_modal_disagreement,cross_modal_disagreement,cross_modal_disagreement-s1009,1009,48.400000,0.931853,49.758952,0.278877,11.841757,2.074890,59.764030,true,true,true
cross_modal_disagreement,cross_modal_disagreement,cross_modal_disagreement-s1009,1009,48.500000,0.941298,50.028957,0.263571,11.854490,2.064598,87.803232,true,true,true
cross_modal_disagreement,cross_modal_disagreement,cross_modal_disagreement-s1009,1009,48.600000,0.940864,41.625648,0.278983,11.841960,2.037628,71.914551,true,true,true
cross_modal_disagreement,cross_modal_disagreement,cross_modal_disagreement-s1009,1009,48.700000,0.948121,42.824386,0.278292,11.856447,2.023193,74.520557,true,true,true
cross_modal_disagreement,cross_modal_disagreement,cross_modal_disagreement-s1009,1009,48.800000,0.948380,37.249663,0.263995,11.880554,2.036787,70.493366,true,true,true
cross_modal_disagreement,cross_modal_disagreement,cross_modal_disagreement-s1009,1009,48.900000,0.923096,50.735078,0.271997,11.824562,2.060798,67.112867,true,true,true
cross_modal_disagreement,cross_modal_disagreement,cross_modal_disagreement-s1009,1009,49.000000,0.928238,45.755479,0.272149,11.935999,2.094867,79.212129,true,true,true
cross_modal_disagreement,cross_modal_disagreement,cross_modal_disagreement-s1009,1009,49.100000,0.957434,55.884529,0.288161,11.871999,2.057632,105.312989,true,true,true
cross_modal_disagreement,cross_modal_disagreement,cross_modal_disagreement-s1009,1009,49.200000,0.926060,49.281774,0.248869,11.892118,2.002943,65.287708,true,true,true
cross_modal_disagreement,cross_modal_disagreement,cross_modal_disagreement-s1009,1009,49.300000,0.932740,39.012246,0.278580,11.946148,2.051369,53.788560,true,true,true
cross_modal_disagreement,cross_modal_disagreement,cross_modal_disagreement-s1009,1009,49.400000,0.923135,39.665642,0.275537,11.933409,2.008127,69.176306,true,true,true
cross_modal_disagreement,cross_modal_disagreement,cross_modal_disagreement-s1009,1009,49.500000,0.954745,47.135924,0.304009,11.909871,2.080266,68.379652,true,true,true
cross_modal_disagreement,cross_modal_disagreement,cross_modal_disagreement-s1009,1009,49.600000,0.945128,40.445881,0.271045,11.893328,2.027124,84.810633,true,true,true
cross_modal_disagreement,cross_modal_disagreement,cross_modal_disagreement-s1009,1009,49.700000,0.925288,47.332345,0.270818,11.916242,2.056219,72.153499,true,true,true
cross_modal_disagreement,cross_modal_disagreement,cross_modal_disagreement-s1009,1009,49.800000,0.943902,49.524762,0.260655,11.985828,2.037152,99.088414,true,true,true
cross_modal_disagreement,cross_modal_disagreement,cross_modal_disagreement-s1009,1009,49.900000,0.949682,43.453571,0.278897,11.941173,2.047903,74.618045,true,true,true
cross_modal_disagreement,cross_modal_disagreement,cross_modal_disagreement-s1009,1009,50.000000,0.934839,59.733832,0.279025,11.988052,2.037416,105.470893,true,true,true
cross_modal_disagreement,cross_modal_disagreement,cross_modal_disagreement-s1009,1009,50.100000,0.926404,54.801659,0.271006,11.931043,2.035964,73.233294,true,true,true
cross_modal_disagreement,cross_modal_disagreement,cross_modal_disagreement-s1009,1009,50.200000,0.918713,47.962243,0.284891,11.991619,1.992523,92.817431,true,true,true
cross_modal_disagreement,cross_modal_disagreement,cross_modal_disagreement-s1009,1009,50.300000,0.935620,40.204578,0.271676,12.006816,2.020683,95.015910,true,true,true
cross_modal_disagreement,cross_modal_disagreement,cross_modal_disagreement-s1009,1009,50.400000,0.957048,45.350914,0.286143,12.015285,2.029372,74.719414,true,true,true
cross_modal_disagreement,cross_modal_disagreement,cross_modal_disagreement-s1009,1009,50.500000,0.926825,65.856532,0.266644,12.029030,1.977819,62.417201,true,true,true
cross_modal_disagreement,cross_modal_disagreement,cross_modal_disagreement-s1009,1009,50.600000,0.923717,58.933861,0.278345,12.054400,2.042533,81.791147,true,true,true
cross_modal_disagreement,cross_modal_disagreement,cross_modal_disagreement-s1009,1009,50.700000,0.930966,49.943953,0.306000,12.048320,2.002150,73.900263,true,true,true
cross_modal_disagreement,cross_modal_disagreement,cross_modal_disagreement-s1009,1009,50.800000,0.914752,43.980943,0.295075,12.064702,1.989781,44.349190,true,true,true
cross_modal_disagreement,cross_modal_disagreement,cross_modal_disagreement-s1009,1009,50.900000,0.936444,39.569653,0.299592,12.033513,2.035365,69.388553,true,true,true
cross_modal_disagreement,cross_modal_disagreement,cross_modal_disagreement-s1009,1009,51.000000,0.941224,48.970571,0.262711,12.094608,2.000293,96.537422,true,true,true
cross_modal_disagreement,cross_modal_disagreement,cross_modal_disagreement-s1009,1009,51.100000,0.955210,54.340463,0.277187,12.108460,1.998814,92.927426,true,true,true
cross_modal_disagreement,cross_modal_disagreement,cross_modal_disagreement-s1009,1009,51.200000,0.939269,44.264379,0.271431,12.015267,2.000540,101.214187,true,true,true
cross_modal_disagreement,cross_modal_disagreement,cross_modal_disagreement-s1009,1009,51.300000,0.928825,45.754089,0.282111,12.143201,1.989545,100.577940,true,true,true
cross_modal_disagreement,cross_modal_disagreement,cross_modal_disagreement-s1009,1009,51.400000,0.922945,43.385426,0.285985,12.071812,2.029928,65.233648,true,true,true
cross_modal_disagreement,cross_modal_disagreement,cross_modal_disagreement-s1009,1009,51.500000,0.921517,45.852367,0.271384,12.161650,2.049406,86.712342,true,true,true
cross_modal_disagreement,cross_modal_disagreement,cross_modal_disagreement-s1009,1009,51.600000,0.921596,52.218271,0.260336,12.139591,2.017944,71.352497,true,true,true
cross_modal_disagreement,cross_modal_disagreement,cross_modal_disagreement-s1009,1009,51.700000,0.925782,55.689711,0.279220,12.029016,2.017343,98.027246,true,true,true
cross_modal_disagreement,cross_modal_disagreement,cross_modal_disagreement-s1009,1009,51.800000,0.940897,61.989212,0.268953,12.173890,2.027560,65.681461,true,true,true
cross_modal_disagreement,cross_modal_disagreement,cross_modal_disagreement-s1009,1009,51.900000,0.960836,57.443099,0.267211,12.121273,2.032064,78.318907,true,true,true
cross_modal_disagreement,cross_modal_disagreement,cross_modal_disagreement-s1009,1009,52.000000,0.948083,42.773013,0.273540,12.174880,1.991038,74.039793,true,true,true
cross_modal_disagreement,cross_modal_disagreement,cross_modal_disagreement-s1009,1009,52.100000,0.933046,52.895308,0.268892,12.124125,2.024364,65.342416,true,true,true
cross_modal_disagreement,cross_modal_disagreement,cross_modal_disagreement-s1009,1009,52.200000,0.926101,28.606277,0.282401,12.137123,1.996987,65.097569,true,true,true
cross_modal_disagreement,cross_modal_disagreement,cross_modal_disagreement-s1009,1009,52.300000,0.959708,41.943610,0.251223,12.097164,2.036771,60.960063,true,true,true
cross_modal_disagreement,cross_modal_disagreement,cross_modal_disagreement-s1009,1009,52.400000,0.926651,45.300586,0.274533,12.150855,2.022330,76.034021,true,true,true
cross_modal_disagreement,cross_modal_disagreement,cross_modal_disagreement-s1009,1009,52.500000,0.944716,48.548657,0.267072,12.184567,2.008100,68.534131,true,true,true
cross_modal_disagreement,cross_modal_disagreement,cross_modal_disagreement-s1009,1009,52.600000,0.958966,59.391163,0.274870,12.271078,2.049524,63.241297,true,true,true
cross_modal_disagreement,cross_modal_disagreement,cross_modal_disagreement-s1009,1009,52.700000,0.953282,41.195644,0.277167,12.205656,1.982503,84.140239,true,true,true
cross_modal_disagreement,cross_modal_disagreement,cross_modal_disagreement-s1009,1009,52.800000,0.935768,40.319974,0.283775,12.243779,2.040717,80.318815,true,true,true
cross_modal_disagreement,cross_modal_disagreement,cross_modal_disagreement-s1009,1009,52.900000,0.949490,48.783567,0.276710,12.209174,2.003304,90.677616,true,true,true
cross_modal_disagreement,cross_modal_disagreement,cross_modal_disagreement-s1009,1009,53.000000,0.927439,41.138660,0.255467,12.265840,2.020923,73.063048,true,true,true
cross_modal_disagreement,cross_modal_disagreement,cross_modal_disagreement-s1009,1009,53.100000,0.934444,35.583001,0.260527,12.168269,2.029180,128.776147,true,true,true
cross_modal_disagreement,cross_modal_disagreement,cross_modal_disagreement-s1009,1009,53.200000,0.954242,56.216194,0.304355,12.213809,2.022408,68.942422,true,true,true
cross_modal_disagreement,cross_modal_disagreement,cross_modal_disagreement-s1009,1009,53.300000,0.933357,58.424966,0.252083,12.210152,2.007816,68.875790,true,true,true
cross_modal_disagreement,cross_modal_disagreement,cross_modal_disagreement-s1009,1009,53.400000,0.952173,48.439713,0.248835,12.194695,1.988528,59.781262,true,true,true
cross_modal_disagreement,cross_modal_disagreement,cross_modal_disagreement-s1009,1009,53.500000,0.933412,47.395247,0.280161,12.293228,1.974453,49.331783,true,true,true
cross_modal_disagreement,cross_modal_disagreement,cross_modal_disagreement-s1009,1009,53.600000,0.933292,56.564715,0.264849,12.289584,2.012097,68.237469,true,true,true
cross_modal_disagreement,cross_modal_disagreement,cross_modal_disagreement-s1009,1009,53.700000,0.936345,47.132826,0.280578,12.300054,2.037536,46.680197,true,true,true
cross_modal_disagreement,cross_modal_disagreement,cross_modal_disagreement-s1009,1009,53.800000,0.915407,52.970126,0.270533,12.203152,2.012545,79.122976,true,true,true
cross_modal_disagreement,cross_modal_disagreement,cross_modal_disagreement-s1009,1009,53.900000,0.954175,51.995308,0.283233,12.278207,2.073764,71.371289,true,true,true
cross_modal_disagreement,cross_modal_disagreement,cross_modal_disagreement-s1009,1009,54.000000,0.913344,41.535993,0.239898,12.211102,2.069304,96.537113,true,true,true
cross_modal_disagreement,cross_modal_disagreement,cross_modal_disagreement-s1009,1009,54.100000,0.923636,45.165955,0.274068,12.295338,2.042939,72.399207,true,true,true
cross_modal_disagreement,cross_modal_disagreement,cross_modal_disagreement-s1009,1009,54.200000,0.940422,49.717916,0.244862,12.249145,2.072839,49.294081,true,true,true
cross_modal_disagreement,cross_modal_disagreement,cross_modal_disagreement-s1009,1009,54.300000,0.945310,39.603190,0.281248,12.277652,2.093089,62.726825,true,true,true
cross_modal_disagreement,cross_modal_disagreement,cross_modal_disagreement-s1009,1009,54.400000,0.941839,44.622750,0.272648,12.249400,2.038892,70.630208,true,true,true
cross_modal_disagreement,cross_modal_disagreement,cross_modal_disagreement-s1009,1009,54.500000,0.930303,50.902616,0.254636,12.263339,2.051889,90.823489,true,true,true
cross_modal_disagreement,cross_modal_disagreement,cross_modal_disagreement-s1009,1009,54.600000,0.937059,52.042217,0.283218,12.304237,2.014690,74.689396,true,true,true
cross_modal_disagreement,cross_modal_disagreement,cross_modal_disagreement-s1009,1009,54.700000,0.934510,45.350781,0.289120,12.292432,2.029132,74.630997,true,true,true
cross_modal_disagreement,cross_modal_disagreement,cross_modal_disagreement-s1009,1009,54.800000,0.936878,52.980179,0.304186,12.235857,2.037739,79.745911,true,true,true
cross_modal_disagreement,cross_modal_disagreement,cross_modal_disagreement-s1009,1009,54.900000,0.943591,47.539121,0.248256,12.316970,2.089783,58.260791,true,true,true
cross_modal_disagreement,cross_modal_disagreement,cross_modal_disagreement-s1009,1009,55.000000,0.951732,45.150253,0.257490,12.306592,2.049061,87.035084,true,true,true
cross_modal_disagreement,cross_modal_disagreement,cross_modal_disagreement-s1009,1009,55.100000,0.936918,39.675049,0.257760,12.315273,2.036758,86.971671,true,true,true
cross_modal_disagreement,cross_modal_disagreement,cross_modal_disagreement-s1009,1009,55.200000,0.916281,48.238490,0.261028,12.335903,2.080447,80.614552,true,true,true
cross_modal_disagreement,cross_modal_disagreement,cross_modal_disagreement-s1009,1009,55.300000,0.922653,51.450003,0.270672,12.304785,2.069304,74.577586,true,true,true
cross_modal_disagreement,cross_modal_disagreement,cross_modal_disagreement-s1009,1009,55.400000,0.915906,49.969959,0.275909,12.277216,2.105100,96.636542,true,true,true
cross_modal_disagreement,cross_modal_disagreement,cross_modal_disagreement-s1009,1009,55.500000,0.951562,45.353252,0.284594,12.294672,2.055930,81.213061,true,true,true
cross_modal_disagreement,cross_modal_disagreement,cross_modal_disagreement-s1009,1009,55.600000,0.937896,64.031981,0.273156,12.365801,2.087463,58.029611,true,true,true
cross_modal_disagreement,cross_modal_disagreement,cross_modal_disagreement-s1009,1009,55.700000,0.951829,50.155633,0.250717,12.304378,2.083215,68.414133,true,true,true
cross_modal_disagreement,cross_modal_disagreement,cross_modal_disagreement-s1009,1009,55.800000,0.938254,32.959093,0.296086,12.367890,2.083167,74.003948,true,true,true
cross_modal_disagreement,cross_modal_disagreement,cross_modal_disagreement-s1009,1009,55.900000,0.937285,43.168074,0.273686,12.280209,2.119898,100.776090,true,true,true
cross_modal_disagreement,cross_modal_disagreement,cross_modal_disagreement-s1009,1009,56.000000,0.926345,61.125483,0.241755,12.344641,2.069908,85.175047,true,true,true
cross_modal_disagreement,cross_modal_disagreement,cross_modal_disagreement-s1009,1009,56.100000,0.948259,48.059988,0.253948,12.298809,2.067841,80.498584,true,true,true
cross_modal_disagreement,cross_modal_disagreement,cross_modal_disagreement-s1009,1009,56.200000,0.958032,40.980749,0.241460,12.304862,2.097548,91.321449,true,true,true
cross_modal_disagreement,cross_modal_disagreement,cross_modal_disagreement-s1009,1009,56.300000,0.952547,54.092860,0.264854,12.398794,2.089819,63.332143,true,true,true
cross_modal_disagreement,cross_modal_disagreement,cross_modal_disagreement-s1009,1009,56.400000,0.945833,41.789999,0.273543,12.320603,2.120821,81.722378,true,true,true
cross_modal_disagreement,cross_modal_disagreement,cross_modal_disagreement-s1009,1009,56.500000,0.942596,48.238888,0.295066,12.367787,2.163060,65.193435,true,true,true
cross_modal_disagreement,cross_modal_disagreement,cross_modal_disagreement-s1009,1009,56.600000,0.950979,59.532848,0.266693,12.361558,2.117164,84.640212,true,true,true
cross_modal_disagreement,cross_modal_disagreement,cross_modal_disagreement-s1009,1009,56.700000,0.934236,49.600338,0.266581,12.346983,2.141037,79.350945,true,true,true
cross_modal_disagreement,cross_modal_disagreement,cross_modal_disagreement-s1009,1009,56.800000,0.948504,54.764674,0.252759,12.353304,2.101155,68.388006,true,true,true
cross_modal_disagreement,cross_modal_disagreement,cross_modal_disagreement-s1009,1009,56.900000,0.957055,47.865653,0.269067,12.314519,2.071371,83.008230,true,true,true
cross_modal_disagreement,cross_modal_disagreement,cross_modal_disagreement-s1009,1009,57.000000,0.946202,43.928464,0.260070,12.365596,2.094733,67.776912,true,true,true
cross_modal_disagreement,cross_modal_disagreement,cross_modal_disagreement-s1009,1009,57.100000,0.941385,51.896150,0.279758,12.385890,2.120002,79.714255,true,true,true
cross_modal_disagreement,cross_modal_disagreement,cross_modal_disagreement-s1009,1009,57.200000,0.942546,49.219783,0.278474,12.359879,2.124080,86.590501,true,true,true
cross_modal_disagreement,cross_modal_disagreement,cross_modal_disagreement-s1009,1009,57.300000,0.938502,45.885778,0.261956,12.347705,2.129382,94.141647,true,true,true
cross_modal_disagreement,cross_modal_disagreement,cross_modal_disagreement-s1009,1009,57.400000,0.951805,43.876988,0.269047,12.328447,2.120639,82.866071,true,true,true
cross_modal_disagreement,cross_modal_disagreement,cross_modal_disagreement-s1009,1009,57.500000,0.945789,61.088779,0.252397,12.390729,2.145059,55.257700,true,true,true
cross_modal_disagreement,cross_modal_disagreement,cross_modal_disagreement-s1009,1009,57.600000,0.921381,57.368988,0.293589,12.424489,2.129157,79.436600,true,true,true
cross_modal_disagreement,cross_modal_disagreement,cross_modal_disagreement-s1009,1009,57.700000,0.941180,45.757065,0.275031,12.289668,2.093148,83.114044,true,true,true
cross_modal_disagreement,cross_modal_disagreement,cross_modal_disagreement-s1009,1009,57.800000,0.933732,53.797556,0.254636,12.435638,2.128059,86.993478,true,true,true
cross_modal_disagreement,cross_modal_disagreement,cross_modal_disagreement-s1009,1009,57.900000,0.936994,55.446034,0.270240,12.324190,2.092808,87.409397,true,true,true
cross_modal_disagreement,cross_modal_disagreement,cross_modal_disagreement-s1009,1009,58.000000,0.946082,54.831689,0.260256,12.341214,2.198239,93.482590,true,true,true
cross_modal_disagreement,cross_modal_disagreement,cross_modal_disagreement-s1009,1009,58.100000,0.937002,44.432688,0.272187,12.306436,2.121938,87.248985,true,true,true
cross_modal_disagreement,cross_modal_disagreement,cross_modal_disagreement-s1009,1009,58.200000,0.934334,40.378152,0.250929,12.308964,2.146689,122.399968,true,true,true
cross_modal_disagreement,cross_modal_disagreement,cross_modal_disagreement-s1009,1009,58.300000,0.954710,44.734972,0.248412,12.352723,2.114894,97.004624,true,true,true
cross_modal_disagreement,cross_modal_disagreement,cross_modal_disagreement-s1009,1009,58.400000,0.938321,44.672907,0.268590,12.287541,2.135495,101.461319,true,true,true
cross_modal_disagreement,cross_modal_disagreement,cross_modal_disagreement-s1009,1009,58.500000,0.915574,55.451616,0.253200,12.313264,2.146515,70.960389,true,true,true
cross_modal_disagreement,cross_modal_disagreement,cross_modal_disagreement-s1009,1009,58.600000,0.945768,54.770172,0.270407,12.309659,2.171448,92.425243,true,true,true
cross_modal_disagreement,cross_modal_disagreement,cross_modal_disagreement-s1009,1009,58.700000,0.913908,48.491587,0.277625,12.333550,2.143130,92.179874,true,true,true
cross_modal_disagreement,cross_modal_disagreement,cross_modal_disagreement-s1009,1009,58.800000,0.945294,41.641353,0.286587,12.314831,2.137150,74.787584,true,true,true
cross_modal_disagreement,cross_modal_disagreement,cross_modal_disagreement-s1009,1009,58.900000,0.931134,51.325802,0.265722,12.363522,2.201819,68.367822,true,true,true
cross_modal_disagreement,cross_modal_disagreement,cross_modal_disagreement-s1009,1009,59.000000,0.942990,49.132258,0.270061,12.272869,2.147223,85.237430,true,true,true
cross_modal_disagreement,cross_modal_disagreement,cross_modal_disagreement-s1009,1009,59.100000,0.920989,51.756716,0.308224,12.359798,2.154624,98.018530,true,true,true
cross_modal_disagreement,cross_modal_disagreement,cross_modal_disagreement-s1009,1009,59.200000,0.919831,48.550810,0.270873,12.282347,2.128667,80.681224,true,true,true
cross_modal_disagreement,cross_modal_disagreement,cross_modal_disagreement-s1009,1009,59.300000,0.930528,49.122858,0.278795,12.331194,2.176359,59.971057,true,true,true
cross_modal_disagreement,cross_modal_disagreement,cross_modal_disagreement-s1009,1009,59.400000,0.936787,55.282592,0.267431,12.242006,2.126990,62.772980,true,true,true
cross_modal_disagreement,cross_modal_disagreement,cross_modal_disagreement-s1009,1009,59.500000,0.936689,37.996059,0.262702,12.254523,2.165818,65.735233,true,true,true
cross_modal_disagreement,cross_modal_disagreement,cross_modal_disagreement-s1009,1009,59.600000,0.935060,47.502495,0.272664,12.273245,2.156636,87.048900,true,true,true
cross_modal_disagreement,cross_modal_disagreement,cross_modal_disagreement-s1009,1009,59.700000,0.942522,54.988619,0.268874,12.233716,2.140647,78.804927,true,true,true
cross_modal_disagreement,cross_modal_disagreement,cross_modal_disagreement-s1009,1009,59.800000,0.953341,59.194758,0.257396,12.250568,2.184248,75.993380,true,true,true
cross_modal_disagreement,cross_modal_disagreement,cross_modal_disagreement-s1009,1009,59.900000,0.957175,45.675159,0.273994,12.241505,2.192778,76.255758,true,true,true
